ACCIDENT_YEAR,COLLISION_DATE,COLLISION_TIME,MONTH,SEASON,24HOURS,DAY_OF_WEEK,INTERSECTION,WEATHER_1,STATE_HWY_IND,ROAD_SURFACE,ROAD_COND_1,LIGHTING,STWD_VEHTYPE_AT_FAULT,CHP_VEHTYPE_AT_FAULT,DIRECTION,PCF_VIOL_CATEGORY,TYPE_OF_COLLISION,PEDESTRIAN_ACCIDENT,BICYCLE_ACCIDENT,MOTORCYCLE_ACCIDENT,TRUCK_ACCIDENT,MVIW,TOW_AWAY,HIT_AND_RUN,CONTROL_DEVICE,NUMBER_INJURED,COUNT_PED_INJURED,COUNT_BICYCLIST_INJURED,COUNT_MC_INJURED,PCF_VIOLATION,PARTY_COUNT,POINT_Y,POINT_X,COLLISION_SEVERITY
2011,2011-03-21,1521,3,1,15,1,N,A,N,A,H,A,-,- ,E,03,C,,,,,C,N,N,B,1,0,0,0,22350.0,2,34.41630721,-119.67496277,4
2011,2011-03-22,1503,3,1,15,2,N,A,N,A,H,A,-,- ,W,08,F,,,,,I,Y,N,D,1,0,0,0,22107.0,1,34.4352813,-119.73025943,4
2011,2011-03-15,1531,3,1,15,2,Y,A,N,A,H,A,L,04,,22,H,,Y,,,A,N,N,A,1,0,1,0,,2,34.41956,-119.69029,4
2011,2011-03-25,2054,3,1,20,5,N,A,N,A,H,C,-,- ,W,03,G,Y,,,,B,N,N,D,1,1,0,0,22350.0,2,34.41330269,-119.6946947,2
2011,2011-03-26,854,3,1,8,6,N,A,N,A,H,A,-,- ,W,18,H,,Y,,,I,N,N,A,1,0,1,0,,1,34.41599832,-119.69866258,2
2011,2011-02-25,1910,2,4,19,5,N,C,Y,B,H,D,A,01,N,03,D,,,,,C,Y,N,D,2,0,0,0,22350.0,2,34.37840441,-119.4806782,4
2011,2011-02-28,1446,2,4,14,1,N,A,Y,A,H,A,A,07,S,21,C,,,,,C,Y,N,D,1,0,0,0,22106.0,2,34.42386485,-119.71783241,4
2011,2011-03-11,740,3,1,7,5,N,A,N,A,H,A,A,01,N,09,H,,Y,,,G,N,N,D,1,0,1,0,21804.0,2,34.41606943,-119.85706243,4
2011,2011-03-01,2120,3,1,21,2,N,A,N,A,H,C,A,01,N,01,E,,,,,I,Y,N,D,1,0,0,0,23152.0,1,34.42432526,-119.8831866,4
2011,2011-03-12,915,3,1,9,6,N,A,N,A,H,A,L,04,W,03,E,,Y,,,I,N,N,D,1,0,1,0,22350.0,1,,,3
2011,2011-03-06,151,3,1,1,7,N,A,N,A,H,D,A,01,N,01,E,,,,,I,Y,M,A,1,0,0,0,23152.0,1,34.61664767,-120.17053181,3
2011,2011-03-05,40,3,1,0,6,N,B,N,A,H,D,A,01,N,01,E,,,,,I,Y,N,D,1,0,0,0,23152.0,1,34.64337578,-120.18551435,2
2011,2011-03-03,1632,3,1,16,4,N,A,N,A,H,A,A,01,S,01,F,,,Y,,A,Y,N,D,1,0,0,1,23152.0,2,34.62728135,-120.11767278,2
2011,2011-03-04,2236,3,1,22,5,Y,B,Y,A,H,C,A,01,,12,D,,,,,C,Y,N,A,2,0,0,0,21453.0,2,34.61052453,-120.08154495,4
2011,2011-02-19,1024,2,4,10,6,N,A,N,A,H,A,A,01,S,08,E,,,,,I,Y,N,D,1,0,0,0,22107.0,1,34.6737,-120.11527,3
2011,2011-02-23,1546,2,4,15,3,N,A,N,A,H,A,C,02,N,01,F,,,Y,,A,Y,N,D,1,0,0,1,23152.0,1,34.67933376,-120.43703477,3
2011,2011-03-07,848,3,1,8,1,N,A,N,A,H,A,A,01,E,12,B,,,,,C,N,N,A,1,0,0,0,21453.0,2,34.43573159,-119.82039033,4
2011,2011-03-08,1515,3,1,15,2,N,A,N,A,H,A,A,01,W,03,C,,,,,C,N,N,A,1,0,0,0,22350.0,2,34.43014484,-119.8698422,4
2011,2011-03-06,320,3,1,3,7,N,B,Y,A,H,D,A,01,N,01,E,,,,,I,Y,N,D,1,0,0,0,23152.0,1,34.89381839,-120.51646358,4
2011,2011-02-12,1208,2,4,12,6,Y,A,Y,A,H,A,A,01,,09,D,,,,,C,Y,N,A,2,0,0,0,21802.0,2,34.61039485,-120.05510248,3
2011,2011-02-18,1440,2,4,14,5,N,C,Y,B,H,A,A,01,S,03,B,,,,,I,Y,N,D,1,0,0,0,22350.0,1,34.5257225,-120.19895727,4
2011,2011-02-25,1525,2,4,15,5,N,B,Y,B,H,A,A,01,N,03,B,,,,,C,Y,N,D,1,0,0,0,22350.0,2,34.68155272,-120.15685352,4
2011,2011-02-28,1710,2,4,17,1,N,B,Y,A,H,A,A,01,S,07,E,,,,,A,Y,N,D,1,0,0,0,21658.0,2,34.48140193,-120.23022522,4
2011,2011-02-22,1238,2,4,12,2,N,A,N,A,H,A,-,- ,N,07,D,,,,,C,Y,N,A,1,0,0,0,21658.0,2,34.4292674,-119.71760188,2
2011,2011-02-22,1225,2,4,12,2,N,A,N,A,H,A,-,- ,W,03,C,,,,,C,N,N,A,1,0,0,0,22350.0,2,34.42539242,-119.70234085,4
2011,2011-02-28,1155,2,4,11,1,N,A,N,A,H,A,-,- ,N,03,G,Y,,,,B,N,N,A,1,1,0,0,22350.0,2,34.4298863,-119.71594597,4
2011,2011-02-26,1031,2,4,10,6,N,A,N,A,H,A,-,- ,S,09,D,,,,,C,Y,N,D,1,0,0,0,21801.0,2,34.42688511,-119.68603445,4
2011,2011-02-28,2118,2,4,21,1,Y,A,N,A,H,C,-,- ,,01,C,,,,,C,Y,M,D,1,0,0,0,23152.0,2,34.40152,-119.72865,4
2011,2011-02-22,1816,2,4,18,2,Y,A,N,A,H,C,-,- ,,09,D,,,,,C,Y,N,-,1,0,0,0,21802.0,3,34.43138,-119.70503,3
2011,2011-02-16,2000,2,4,20,3,N,A,N,A,H,C,-,- ,W,03,C,,,,,C,N,N,A,3,0,0,0,22350.0,3,34.41703438,-119.70666569,4
2011,2011-02-25,1605,2,4,16,5,N,C,N,B,H,A,-,- ,E,10,G,Y,,,,B,N,N,A,1,1,0,0,21950.0,2,34.41685105,-119.69550586,3
2011,2011-02-25,1551,2,4,15,5,Y,C,N,B,H,A,A,01,,09,D,,,,,C,N,N,A,2,0,0,0,21802.0,2,34.42574,-119.69735,4
2011,2011-02-26,1120,2,4,11,6,N,A,N,A,H,A,A,08,N,- ,B,,Y,,,G,N,N,D,1,0,1,0,,2,34.42119763,-119.69883419,4
2011,2011-02-28,1202,2,4,12,1,N,A,N,A,H,A,-,- ,S,03,C,,,,,C,Y,N,D,1,0,0,0,22350.0,2,34.43939936,-119.72900681,3
2011,2011-03-09,1750,3,1,17,3,Y,A,N,A,H,A,-,- ,,03,C,,,,,C,Y,N,A,3,0,0,0,22350.0,2,34.44045,-119.75407,4
2011,2011-03-10,1745,3,1,17,4,N,A,N,A,H,B,-,- ,S,03,C,,,,,C,N,N,A,1,0,0,0,22350.0,2,34.41924114,-119.71674289,4
2011,2011-03-08,1515,3,1,15,2,Y,A,N,A,H,A,-,- ,,21,C,,Y,,,G,N,N,A,1,0,1,0,22106.0,2,34.41669,-119.69793,4
2011,2011-03-08,1231,3,1,12,2,N,A,N,A,H,A,A,01,N,08,B,,,,,C,Y,N,D,1,0,0,0,22107.0,3,34.42609224,-119.71330752,3
2011,2011-03-02,1828,3,1,18,3,Y,B,N,B,H,C,-,- ,,09,D,,Y,,,G,N,N,A,1,0,1,0,21800.0,2,34.42339,-119.70443,4
2011,2011-03-04,1410,3,1,14,5,Y,A,N,A,H,A,-,- ,,12,D,,,,,C,Y,N,A,1,0,0,0,21453.0,2,34.42271,-119.69829,4
2011,2011-03-04,1623,3,1,16,5,Y,A,N,A,H,A,-,- ,,09,D,,Y,,,G,N,N,D,1,0,1,0,21801.0,2,34.42476,-119.72668,3
2011,2011-03-04,1340,3,1,13,5,Y,A,N,A,H,A,-,- ,,00,D,,Y,,,G,N,N,D,1,0,1,0,,2,34.42807,-119.69032,2
2011,2011-03-04,1304,3,1,13,5,N,A,Y,A,H,A,-,- ,E,09,A,,,,,C,Y,N,D,1,0,0,0,21804.0,2,34.43772484,-119.75247241,4
2011,2011-03-09,1335,3,1,13,3,Y,A,N,A,H,A,-,- ,,12,D,,,,,C,Y,N,A,1,0,0,0,21453.0,2,34.41835,-119.7053,3
2011,2011-03-05,2037,3,1,20,6,N,A,N,A,H,D,L,04,E,14,H,Y,Y,,,B,N,F,D,1,1,0,0,21201.0,2,34.42804836,-119.71756634,3
2011,2011-04-07,752,4,1,7,4,N,A,N,A,H,A,D,22,E,03,C,,,,,C,Y,N,D,2,0,0,0,22350.0,3,34.43500038,-119.81026319,4
2011,2011-02-09,1152,2,4,11,3,Y,A,Y,A,H,A,A,01,,12,D,,,,,C,Y,N,A,1,0,0,0,21453.0,2,34.43804484,-119.84761243,4
2011,2011-02-05,2228,2,4,22,6,N,A,N,A,H,C,-,- ,W,08,A,,,,,I,Y,N,D,2,0,0,0,22107.0,1,34.43501419,-119.81058754,3
2011,2011-03-17,1750,3,1,17,4,N,A,N,A,H,A,A,01,W,21,D,,,,,C,Y,N,D,1,0,0,0,22106.0,2,34.88739832,-120.42530298,4
2011,2011-03-09,955,3,1,9,3,N,A,Y,A,H,A,A,01,N,08,F,,,,,J,Y,N,D,5,0,0,0,22107.0,1,34.79444612,-120.33723381,2
2011,2011-03-18,310,3,1,3,5,N,A,Y,A,H,D,A,07,N,01,E,,,,,I,Y,N,D,1,0,0,0,23152.0,1,34.869123,-120.43650008,3
2011,2011-03-09,1325,3,1,13,3,N,A,Y,A,H,A,A,01,S,08,B,,,,,C,Y,N,D,1,0,0,0,22107.0,2,34.47139482,-120.16899273,2
2011,2011-03-02,1803,3,1,18,3,N,C,Y,B,H,D,A,01,E,03,E,,,,,I,Y,N,D,1,0,0,0,22350.0,1,34.48976485,-119.78384242,4
2011,2011-03-12,957,3,1,9,6,N,A,Y,A,H,A,A,01,S,08,E,,,,,I,Y,N,D,1,0,0,0,22107.0,1,34.41922485,-119.6882724,3
2011,2011-02-28,1635,2,4,16,1,N,A,Y,A,H,A,A,07,S,07,B,,,,,C,Y,N,A,3,0,0,0,21658.0,2,34.44218852,-119.7852911,4
2011,2011-02-26,2115,2,4,21,6,N,A,Y,A,H,D,A,01,E,08,E,,,,,I,Y,N,D,1,0,0,0,22107.0,1,34.43609793,-119.59094144,3
2011,2011-03-18,610,3,1,6,5,N,A,Y,A,H,D,A,08,N,08,F,,,,,A,Y,N,D,1,0,0,0,22107.0,1,34.43957279,-119.9383835,3
2011,2011-03-15,1215,3,1,12,2,N,A,Y,A,D,A,A,08,S,07,E,,,,,I,Y,N,D,1,0,0,0,21658.0,2,34.43908656,-119.75401011,4
2011,2011-03-17,1720,3,1,17,4,N,A,Y,A,H,A,A,01,S,03,C,,,,,C,N,N,D,1,0,0,0,22350.0,2,34.43635064,-119.75119701,4
2011,2011-03-19,300,3,1,3,6,N,B,N,B,H,C,A,01,W,01,C,,,,,E,Y,N,D,1,0,0,0,23152.0,4,34.4512424,-119.82267302,4
2011,2011-03-08,908,3,1,9,2,N,A,N,A,H,A,A,01,S,05,B,,,,,E,Y,N,D,1,0,0,0,21650.0,2,34.59594895,-120.1361315,4
2011,2011-03-20,1705,3,1,17,7,Y,B,N,B,H,A,A,01,,01,D,,,,,C,Y,F,A,7,0,0,0,23152.0,6,34.40182,-119.52639,2
2011,2011-02-24,1441,2,4,14,4,N,A,Y,A,H,A,A,01,,03,C,,,,,C,Y,F,A,3,0,0,0,22350.0,4,34.9433248,-120.43608092,4
2011,2011-02-26,1249,2,4,12,6,Y,A,N,A,H,A,A,01,,03,C,,,,,C,Y,N,A,1,0,0,0,22350.0,2,34.98408,-120.44449,4
2011,2011-02-28,1131,2,4,11,1,Y,A,N,A,H,A,-,- ,,12,D,,,,,C,Y,N,A,1,0,0,0,21453.0,2,,,4
2011,2011-02-25,1448,2,4,14,5,N,C,N,B,H,A,A,01,,03,C,,,,,C,Y,N,D,1,0,0,0,22350.0,2,34.92481526,-120.43747053,4
2011,2011-03-01,1112,3,1,11,2,N,A,Y,A,H,A,A,01,E,21,C,,,,,C,N,N,A,2,0,0,0,22106.0,2,34.95663486,-120.41729257,4
2011,2011-02-24,1443,2,4,14,4,Y,A,Y,A,H,A,A,01,,03,C,,,,,C,Y,N,A,2,0,0,0,22350.0,2,34.94462687,-120.43607052,4
2011,2011-03-03,1039,3,1,10,4,N,B,N,A,H,A,A,01,S,03,C,,,,,C,Y,N,D,4,0,0,0,22350.0,2,34.44161149,-119.83067389,4
2011,2011-03-03,1241,3,1,12,4,N,A,N,A,H,A,A,01,N,08,A,,,,,C,Y,N,D,1,0,0,0,22107.0,2,34.43657656,-119.80898177,4
2011,2011-02-22,1730,2,4,17,2,N,A,Y,A,H,A,C,02,S,03,F,,,Y,,A,N,N,D,1,0,0,1,22350.0,1,34.43534888,-119.8657039,4
2011,2011-02-12,1306,2,4,13,6,N,A,N,A,H,A,-,- ,W,09,D,,Y,,,G,N,N,D,1,0,1,0,21800.0,2,34.43814903,-119.76649079,3
2011,2011-02-25,1545,2,4,15,5,N,C,Y,B,G,A,A,01,N,03,E,,,,,I,Y,N,D,1,0,0,0,22350.0,1,34.46344802,-120.02164476,4
2011,2011-02-16,854,2,4,8,3,N,C,N,B,H,A,A,07,E,03,F,,,,,I,Y,N,D,1,0,0,0,22350.0,1,34.42266622,-119.61164133,4
2011,2011-02-16,748,2,4,7,3,N,C,Y,B,H,A,A,01,N,03,C,,,,,C,N,N,D,1,0,0,0,22350.0,2,34.42103025,-119.6247959,4
2011,2011-02-25,813,2,4,8,5,N,C,Y,B,H,A,A,07,S,03,C,,,,,C,N,N,D,1,0,0,0,22350.0,2,34.42747529,-119.73101296,4
2011,2011-04-14,2252,4,1,22,4,N,A,N,A,H,C,-,- ,,01,C,,,,,C,Y,N,D,1,0,0,0,23152.0,2,34.97346,-120.44492,3
2011,2011-04-07,1859,4,1,18,4,Y,B,N,A,H,B,A,01,,09,D,,,,,C,Y,N,D,1,0,0,0,21803.0,2,34.916356,-120.424908,4
2011,2011-04-12,39,4,1,0,2,N,A,N,A,H,C,D,22,E,01,E,,,,,I,N,M,A,1,0,0,0,23152.0,1,34.98593,-120.447777,4
2011,2011-04-07,1138,4,1,11,4,Y,A,Y,A,H,A,A,01,,03,C,,,,,C,Y,N,D,1,0,0,0,22350.0,2,34.94839308,-120.43600308,4
2011,2011-04-09,2133,4,1,21,6,N,A,N,A,H,A,A,08,S,01,B,,,,,E,Y,F,A,2,0,0,0,23152.0,7,34.965023,-120.444494,3
2011,2011-04-02,1558,4,1,15,6,N,C,Y,B,H,A,D,22,S,07,E,,,,,I,Y,N,D,1,0,0,0,21658.0,1,34.47318759,-120.21947037,4
2011,2011-04-09,1638,4,1,16,6,N,A,Y,A,H,A,D,22,W,- ,C,,,,,C,N,N,D,2,0,0,0,,2,34.61051695,-120.08172296,4
2011,2011-03-13,1900,3,1,19,7,N,A,Y,A,H,A,B,07,S,08,F,,,,,J,Y,N,D,4,0,0,0,22107.0,1,34.67693462,-120.45668671,2
2011,2011-03-18,2156,3,1,21,5,Y,B,Y,B,H,C,-,- ,,12,D,,,,,C,Y,N,A,2,0,0,0,21453.0,2,34.94302417,-120.43596257,4
2011,2011-03-10,1503,3,1,15,4,Y,A,N,A,H,A,-,- ,,03,C,,,,,C,N,N,D,1,0,0,0,22350.0,3,34.931502,-120.435935,4
2011,2011-03-18,739,3,1,7,5,Y,A,N,A,H,A,A,01,,09,D,,,,,C,N,N,A,1,0,0,0,21802.0,2,34.9677,-120.43331,4
2011,2011-03-05,600,3,1,6,6,N,A,N,A,H,A,-,- ,S,08,A,,,,,I,Y,N,D,1,0,0,0,22107.0,1,34.928355,-120.431735,4
2011,2011-03-12,548,3,1,5,6,N,A,N,A,H,A,-,- ,W,03,C,,,,,E,Y,N,D,1,0,0,0,22350.0,3,34.982434,-120.445213,4
2011,2011-03-03,1352,3,1,13,4,N,A,Y,A,H,A,-,- ,N,03,C,,,,,C,Y,N,A,1,0,0,0,22350.0,3,34.9568464,-120.43589127,4
2011,2011-03-22,1154,3,1,11,2,N,A,N,A,H,A,B,01,N,04,C,,,,,C,Y,N,D,1,0,0,0,21703.0,3,34.64430544,-120.47545255,4
2011,2011-03-19,1136,3,1,11,6,Y,B,N,B,-,A,-,,,03,C,,,,,C,Y,N,A,1,0,0,0,22350.0,2,34.64688,-120.44512,4
2011,2011-02-24,1853,2,4,18,4,Y,A,N,A,H,C,-,- ,,09,D,,,,,C,Y,N,D,1,0,0,0,21802.0,2,34.96766,-120.42675,3
2011,2011-02-28,825,2,4,8,1,Y,A,N,A,H,A,L,04,,05,D,,Y,,,G,N,N,A,1,0,1,0,21202.0,2,34.88323,-120.43868,4
2011,2011-04-03,630,4,1,6,7,N,B,Y,B,H,A,A,01,S,01,E,,,,,I,N,N,D,1,0,0,0,23152.0,1,34.4716894,-120.17549181,3
2011,2011-04-05,1305,4,1,13,2,N,A,N,B,F,A,L,04,N,03,F,,Y,,,A,N,N,A,1,0,1,0,22350.0,1,,,3
2011,2011-04-02,1740,4,1,17,6,Y,E,Y,B,H,B,A,08,,09,D,,,,,C,Y,N,D,4,0,0,0,21801.0,2,34.50973766,-119.8228715,2
2011,2011-04-06,1619,4,1,16,3,N,A,Y,A,H,A,A,07,S,03,C,,,,,C,Y,N,D,2,0,0,0,22350.0,2,34.42299485,-119.6589524,4
2011,2011-04-06,1600,4,1,16,3,N,A,Y,A,H,A,A,01,N,08,E,,,,,I,N,N,D,1,0,0,0,22107.0,2,34.40504744,-119.53604749,4
2011,2011-04-06,934,4,1,9,3,N,A,Y,A,H,A,A,01,S,03,C,,,,,C,Y,N,D,1,0,0,0,22350.0,2,34.41375485,-119.7039824,4
2011,2011-04-09,1640,4,1,16,6,N,A,Y,A,H,A,D,22,E,03,C,,,,,C,Y,F,A,2,0,0,0,22350.0,2,34.42621485,-119.73487241,4
2011,2011-04-01,1456,4,1,14,5,N,A,Y,A,H,A,A,07,S,08,E,,,,,I,Y,N,D,2,0,0,0,22107.0,1,34.38818482,-119.49769469,3
2011,2011-04-29,1225,4,1,12,5,N,A,Y,A,H,A,A,01,N,03,C,,,,,C,N,N,D,1,0,0,0,22350.0,2,34.42100226,-119.63985487,4
2011,2011-03-04,1830,3,1,18,5,-,A,N,A,H,B,-,- ,,11,G,Y,,,,B,N,N,D,1,1,0,0,21950.0,2,34.96096,-120.41464,4
2011,2011-03-27,2037,3,1,20,7,N,A,N,A,H,C,-,- ,W,- ,C,,,,,C,N,N,A,1,0,0,0,,2,34.9224,-120.431289,4
2011,2011-03-21,1857,3,1,18,1,Y,B,N,A,H,A,-,- ,,03,C,,,,,C,Y,N,D,2,0,0,0,22350.0,4,,,4
2011,2011-03-10,1326,3,1,13,4,N,A,N,A,H,A,-,- ,W,08,B,,,,,E,Y,N,D,1,0,0,0,22107.0,2,34.94985486,-120.43995335,4
2011,2011-03-25,1454,3,1,14,5,Y,A,N,A,H,A,-,- ,,00,C,,,,,C,Y,N,A,1,0,0,0,12500.0,2,34.92084,-120.43613,4
2011,2011-03-11,2001,3,1,20,5,Y,A,N,A,H,C,-,- ,,18,A,,,,,I,Y,N,D,1,0,0,0,,1,34.95427,-120.43147,4
2011,2011-03-16,641,3,1,6,3,Y,E,N,B,H,D,-,- ,,09,D,,,,,C,N,N,A,1,0,0,0,21801.0,2,34.92066,-120.47486,4
2011,2011-03-29,1613,3,1,16,2,N,A,N,A,H,A,-,- ,W,09,D,,,,,C,Y,N,D,2,0,0,0,21801.0,2,34.9677158,-120.43814933,4
2011,2011-03-24,818,3,1,8,4,Y,B,N,B,H,A,-,- ,,12,D,,,,,C,Y,N,A,1,0,0,0,22450.0,2,34.92489,-120.44051,3
2011,2011-03-23,852,3,1,8,3,Y,C,Y,B,H,A,-,- ,,12,B,,,,,C,N,N,A,1,0,0,0,21453.0,2,34.92480485,-120.43614257,4
2011,2011-03-24,1631,3,1,16,4,N,B,Y,A,H,A,-,- ,S,03,C,,,,,C,Y,N,D,1,0,0,0,22350.0,2,34.96560221,-120.4357667,4
2011,2011-03-02,2021,3,1,20,3,N,C,Y,B,H,C,A,01,N,07,E,,,,,I,Y,M,D,1,0,0,0,21658.0,2,34.92589486,-120.41773256,4
2011,2011-04-09,1139,4,1,11,6,Y,A,N,A,H,A,D,22,,12,D,,,,,C,Y,N,A,1,0,0,0,21453.0,2,34.43909,-119.78947,4
2011,2011-03-20,1645,3,1,16,7,N,B,Y,B,H,A,A,01,S,01,C,,,,,C,Y,F,D,1,0,0,0,23152.0,2,34.43231484,-119.90247244,4
2011,2011-03-27,1634,3,1,16,7,Y,A,Y,A,H,A,B,01,,12,D,,,,,C,Y,N,A,1,0,0,0,21453.0,2,34.63880482,-120.4494872,4
2011,2011-04-01,1209,4,1,12,5,N,A,N,A,H,A,A,01,W,09,D,,,,,C,Y,N,A,2,0,0,0,21804.0,2,34.44121919,-119.82309745,4
2011,2011-04-01,1255,4,1,12,5,N,A,N,A,H,A,L,04,E,09,D,,Y,,,G,N,N,D,1,0,1,0,21804.0,2,,,3
2011,2011-04-09,1313,4,1,13,6,N,A,Y,A,H,A,A,01,N,12,C,,,,,C,Y,N,A,2,0,0,0,21453.0,3,34.65528276,-120.4577555,4
2011,2011-04-01,1828,4,1,18,5,N,A,Y,A,H,A,A,01,N,03,F,,,,,I,Y,N,D,1,0,0,0,22350.0,1,34.80108726,-120.34186364,4
2011,2011-04-08,2050,4,1,20,5,N,B,N,A,H,C,A,01,E,01,C,,,,,C,Y,N,A,2,0,0,0,23152.0,2,34.89488078,-120.42206181,3
2011,2011-04-14,630,4,1,6,4,Y,B,Y,A,H,A,A,01,,09,F,,,,,A,Y,N,A,2,0,0,0,21802.0,2,34.86397485,-120.45697256,4
2011,2011-03-30,730,3,1,7,3,Y,A,N,A,H,A,A,01,,10,G,Y,,,,B,N,N,A,1,1,0,0,21950.0,2,34.43528,-119.79614,3
2011,2011-03-12,2335,3,1,23,6,N,A,N,A,H,C,N,60,E,11,G,Y,,Y,,B,N,N,D,1,1,0,0,21954.0,2,34.40980182,-119.8558683,3
2011,2011-03-23,1120,3,1,11,3,N,B,N,B,H,A,C,03,W,03,-,,,Y,,-,Y,N,-,1,0,0,1,22350.0,2,34.44018682,-119.77047741,3
2011,2011-04-19,1343,4,1,13,2,N,B,N,A,H,A,A,01,W,03,C,,,,,C,Y,N,D,2,0,0,0,22350.0,2,34.43414547,-119.87374714,3
2011,2011-04-12,1205,4,1,12,2,Y,A,N,A,H,A,A,01,,12,D,,,,,C,Y,N,A,2,0,0,0,21453.0,2,34.433383,-119.854891,2
2011,2011-04-18,2145,4,1,21,1,Y,B,N,A,H,C,-,- ,,03,C,,,,,C,N,N,A,1,0,0,0,22350.0,2,34.41299,-119.69798,4
2011,2011-04-11,1426,4,1,14,1,Y,A,N,A,H,A,-,- ,,08,B,,,,,C,Y,N,A,1,0,0,0,22107.0,2,34.43167,-119.72064,3
2011,2011-04-15,2217,4,1,22,5,Y,A,N,A,H,C,-,- ,,10,G,Y,,,,B,N,F,D,1,1,0,0,21950.0,2,34.415144,-119.709097,4
2011,2011-04-13,2107,4,1,21,3,Y,A,N,A,H,C,-,- ,,09,D,,Y,,,G,N,N,A,1,0,1,0,21801.0,2,34.4246,-119.70087,3
2011,2011-04-08,1920,4,1,19,5,N,A,N,A,H,C,-,- ,E,03,C,,,,,C,Y,N,A,2,0,0,0,22350.0,2,34.44040104,-119.74414423,4
2011,2011-04-08,1311,4,1,13,5,Y,A,Y,A,H,A,-,- ,,17,A,,,,,C,Y,N,A,1,0,0,0,21451.0,2,34.41357485,-119.6948124,2
2011,2011-04-05,1808,4,1,18,2,Y,A,N,A,H,A,-,- ,,12,D,,,,,C,Y,N,A,2,0,0,0,21453.0,4,34.41669,-119.69793,4
2011,2011-04-20,1932,4,1,19,3,N,A,N,A,H,A,N,60,N,11,G,Y,,,,B,N,N,D,1,1,0,0,21954.0,2,34.43378272,-119.72124266,4
2011,2011-04-09,1641,4,1,16,6,N,A,Y,A,H,A,D,22,E,21,E,,,,,C,Y,F,A,1,0,0,0,22106.0,2,34.42621485,-119.73487241,4
2011,2011-04-18,1747,4,1,17,1,Y,A,N,A,H,A,-,- ,,- ,G,Y,,,,B,Y,N,D,1,1,0,0,,2,34.42283,-119.67536,3
2011,2011-04-06,1223,4,1,12,3,Y,A,N,A,H,A,A,01,,09,A,,,,,C,N,N,A,1,0,0,0,21801.0,2,34.42658,-119.71912,4
2011,2011-04-18,1709,4,1,17,1,Y,A,N,A,H,A,L,04,,05,H,,Y,,,G,Y,N,D,1,0,1,0,21650.0,2,34.43197,-119.80231,4
2011,2011-04-19,1503,4,1,15,2,N,B,N,A,H,A,D,22,N,03,C,,,,,C,Y,N,A,2,0,0,0,22350.0,3,34.42353446,-119.85980522,4
2011,2011-04-06,1145,4,1,11,3,N,A,N,A,H,A,D,22,W,09,D,,,Y,,C,Y,N,D,1,0,0,1,21801.0,2,34.43737434,-119.76237356,3
2011,2011-04-15,1800,4,1,18,5,N,A,Y,A,H,A,A,01,N,03,C,,,,,C,Y,N,A,1,0,0,0,22350.0,2,34.4033969,-119.52742179,4
2011,2011-04-21,736,4,1,7,4,N,B,Y,B,H,A,A,01,W,03,A,,,,,C,Y,N,D,4,0,0,0,22350.0,3,34.49722098,-119.80085638,4
2011,2011-04-12,1320,4,1,13,2,N,A,Y,A,C,A,A,01,S,08,E,,,,,I,Y,N,D,1,0,0,0,22107.0,1,34.43938527,-119.83462734,3
2011,2011-04-19,2047,4,1,20,2,N,B,Y,A,H,C,A,07,N,03,C,,,,,C,N,N,D,1,0,0,0,22350.0,2,34.42707485,-119.72799241,4
2011,2011-04-19,1233,4,1,12,2,N,B,Y,A,H,A,A,01,S,08,B,,,,,C,Y,N,D,1,0,0,0,22107.0,2,34.41677243,-119.70771003,3
2011,2011-04-12,1143,4,1,11,2,N,A,N,A,H,A,-,- ,W,08,D,,Y,,,G,N,N,D,1,0,1,0,22107.0,2,34.44037773,-119.73871237,3
2011,2011-04-21,951,4,1,9,4,Y,-,N,-,-,-,-,- ,,00,-,,,,,-,N,N,-,1,0,0,0,,2,34.43639,-119.72232,4
2011,2011-04-24,1750,4,1,17,7,Y,A,N,A,H,A,-,- ,,00,A,,,,,C,Y,F,A,1,0,0,0,,2,34.41696,-119.71357,4
2011,2011-04-22,1720,4,1,17,5,Y,A,N,A,H,A,-,- ,,- ,G,Y,,,,B,N,F,D,1,1,0,0,,2,34.41377,-119.70671,4
2011,2011-04-22,2322,4,1,23,5,N,A,N,A,H,C,-,- ,W,00,C,,Y,,,G,N,F,A,1,0,1,0,,2,34.41721819,-119.70646647,3
2011,2011-04-23,200,4,1,2,6,N,A,N,A,H,C,N,60,E,11,G,Y,,,,B,N,N,D,1,1,0,0,21954.0,2,34.42187895,-119.70379628,3
2011,2011-04-23,830,4,1,8,6,Y,A,Y,A,H,A,-,- ,,12,B,,,,,C,Y,N,A,1,0,0,0,21453.0,2,34.41293485,-119.7029924,4
2011,2011-04-23,957,4,1,9,6,N,A,N,A,H,A,-,- ,N,03,C,,,,,C,N,N,A,2,0,0,0,22350.0,2,34.42628586,-119.73456621,4
2011,2011-04-21,1620,4,1,16,4,N,A,N,A,H,A,A,01,W,03,C,,,,,C,N,N,A,1,0,0,0,22350.0,2,34.42955175,-119.71607585,4
2011,2011-03-28,1940,3,1,19,1,N,A,N,A,H,D,L,04,E,- ,D,,Y,,,G,N,N,D,1,0,1,0,,2,34.42763852,-119.68400516,2
2011,2011-05-05,615,5,1,6,4,N,A,N,A,H,B,-,- ,N,18,A,,,,,E,Y,N,D,1,0,0,0,,2,34.86931392,-120.41879256,3
2011,2011-04-30,1735,4,1,17,6,Y,A,Y,A,H,A,D,22,,03,C,,,,,C,N,M,A,1,0,0,0,22350.0,2,34.61188646,-120.18977775,4
2011,2011-04-15,2026,4,1,20,5,N,A,N,A,H,D,-,- ,N,08,B,,,,,E,N,F,D,1,0,0,0,22107.0,2,34.973032,-120.437043,4
2011,2011-04-20,1624,4,1,16,3,Y,A,N,A,H,A,A,07,,09,D,,,,,C,Y,N,D,1,0,0,0,21801.0,2,34.91406,-120.44463,4