ACCIDENT_YEAR,COLLISION_DATE,COLLISION_TIME,MONTH,SEASON,24HOURS,DAY_OF_WEEK,INTERSECTION,WEATHER_1,STATE_HWY_IND,ROAD_SURFACE,ROAD_COND_1,LIGHTING,STWD_VEHTYPE_AT_FAULT,CHP_VEHTYPE_AT_FAULT,DIRECTION,PCF_VIOL_CATEGORY,TYPE_OF_COLLISION,PEDESTRIAN_ACCIDENT,BICYCLE_ACCIDENT,MOTORCYCLE_ACCIDENT,TRUCK_ACCIDENT,MVIW,TOW_AWAY,HIT_AND_RUN,CONTROL_DEVICE,NUMBER_INJURED,COUNT_PED_INJURED,COUNT_BICYCLIST_INJURED,COUNT_MC_INJURED,PCF_VIOLATION,PARTY_COUNT,POINT_Y,POINT_X,COLLISION_SEVERITY
2011,2011-04-15,1232,4,1,12,5,N,A,Y,A,H,A,-,- ,S,03,C,,,,,C,N,N,D,2,0,0,0,22350.0,3,34.94647395,-120.43592817,3
2011,2011-04-18,1234,4,1,12,1,N,A,N,A,H,A,-,- ,E,03,C,,,,,C,N,N,A,1,0,0,0,22350.0,2,34.92080763,-120.43506522,4
2011,2011-04-18,1511,4,1,15,1,Y,A,N,A,H,A,-,- ,,09,D,,,,,C,N,N,D,1,0,0,0,21800.0,2,34.94889,-120.42693,4
2011,2011-04-13,1554,4,1,15,3,N,A,N,A,H,A,-,- ,S,03,C,,,,,C,Y,N,D,1,0,0,0,22350.0,2,34.934053,-120.424906,4
2011,2011-04-19,2028,4,1,20,2,N,F,Y,B,H,C,D,,S,08,C,,,,,C,Y,N,D,1,0,0,0,22107.0,2,34.93818749,-120.43614257,4
2011,2011-04-20,544,4,1,5,3,Y,A,N,A,H,C,-,- ,,08,B,Y,,,,B,N,N,A,1,1,0,0,22107.0,2,34.90536,-120.43639,4
2011,2011-04-20,1530,4,1,15,3,N,A,N,A,H,A,-,- ,W,03,C,,,,,C,N,N,A,1,0,0,0,22350.0,2,,,4
2011,2011-04-20,727,4,1,7,3,Y,A,N,A,H,A,A,07,,09,D,,Y,,,G,N,N,A,1,0,1,0,21802.0,2,34.9021,-120.42168,4
2011,2011-04-18,1131,4,1,11,1,-,A,N,A,H,A,-,- ,,11,G,Y,,,,B,N,M,D,1,1,0,0,21950.0,2,,,3
2011,2011-03-26,345,3,1,3,6,N,B,Y,A,H,D,N,60,N,11,G,Y,,,,B,N,N,D,0,0,0,0,21954.0,2,34.53384169,-120.19688896,1
2011,2011-04-09,104,4,1,1,6,N,A,Y,A,H,D,N,60,N,11,G,Y,,,,B,Y,N,A,1,0,0,0,21461.0,2,34.42311384,-119.65959396,1
2011,2011-05-18,1100,5,1,11,3,N,B,N,A,H,A,A,01,N,09,D,,,,,C,Y,N,A,1,0,0,0,21804.0,2,34.44270133,-119.77783485,3
2011,2011-05-20,1810,5,1,18,5,N,A,Y,A,H,A,D,22,N,07,A,,,,,C,Y,N,D,2,0,0,0,21658.0,2,34.708512,-120.17316501,4
2011,2011-04-18,110,4,1,1,1,N,B,Y,A,H,D,D,22,S,01,F,,,,,A,Y,N,D,2,0,0,0,23152.0,1,34.46303537,-120.02044141,2
2011,2011-04-08,840,4,1,8,5,N,A,Y,A,H,A,F,27,N,03,E,,,,Y,I,Y,N,A,1,0,0,0,22350.0,1,34.45525485,-119.76706242,3
2011,2011-05-14,1815,5,1,18,6,N,A,Y,A,H,A,D,22,N,07,B,,,,,C,Y,N,D,3,0,0,0,21658.0,2,34.41879523,-119.71117675,3
2011,2011-05-13,2040,5,1,20,5,N,A,Y,A,H,C,D,22,N,03,C,,,,,C,Y,N,D,2,0,0,0,22350.0,3,34.41255014,-119.70141,4
2011,2011-05-18,528,5,1,5,3,N,B,N,B,H,A,D,22,W,03,C,,,,,C,N,N,D,1,0,0,0,22350.0,3,34.88310332,-120.42102921,4
2011,2011-05-15,740,5,1,7,7,N,C,Y,B,H,A,D,22,N,03,F,,,,,A,Y,N,D,1,0,0,0,22350.0,1,34.97390742,-120.42671051,3
2011,2011-05-18,205,5,1,2,3,N,B,Y,B,H,D,D,22,S,08,F,,,,,A,Y,N,D,1,0,0,0,22107.0,1,34.79002892,-120.33021317,2
2011,2011-05-15,342,5,1,3,7,N,B,N,B,H,C,D,22,S,01,E,,,,,I,Y,N,A,1,0,0,0,23152.0,1,34.88233973,-120.4186911,4
2011,2011-05-18,207,5,1,2,3,N,B,Y,B,H,D,-,- ,S,18,A,,,,,C,Y,N,D,2,0,0,0,,2,34.83270358,-120.36702059,2
2011,2011-04-29,600,4,1,6,5,N,A,Y,A,H,A,F,26,S,08,E,,,,Y,I,Y,N,D,1,0,0,0,22107.0,1,34.43229166,-119.90630625,4
2011,2011-03-26,1857,3,1,18,6,N,B,Y,B,H,D,A,01,S,03,C,,,,,C,Y,N,D,2,0,0,0,22350.0,2,34.42020252,-119.71280248,4
2011,2011-05-07,1837,5,1,18,6,N,A,N,A,H,A,-,- ,E,00,B,,,,,C,N,F,A,2,0,0,0,,2,34.44038415,-119.74000322,4
2011,2011-05-09,1301,5,1,13,1,N,A,Y,A,H,A,-,- ,W,21,B,,,,,C,Y,N,D,1,0,0,0,22106.0,5,34.40394509,-119.70608787,2
2011,2011-05-12,1456,5,1,14,4,Y,A,Y,A,H,A,D,22,,03,C,,,,,C,Y,N,A,1,0,0,0,22350.0,3,34.90929004,-120.43602803,4
2011,2011-04-30,933,4,1,9,6,N,A,Y,A,H,A,D,22,N,08,D,,,,,C,N,N,D,1,0,0,0,22107.0,2,34.66012944,-120.45764896,4
2011,2011-04-22,1728,4,1,17,5,Y,C,N,B,H,A,D,22,,- ,D,,,,,C,Y,N,-,1,0,0,0,,2,34.96771,-120.43804,4
2011,2011-04-24,1034,4,1,10,7,Y,B,Y,A,H,A,A,01,,- ,D,,,,,C,Y,N,A,1,0,0,0,,2,34.63895871,-120.44979921,4
2011,2011-04-01,1645,4,1,16,5,N,A,N,A,H,A,A,08,E,01,E,,,,,I,Y,M,A,1,0,0,0,23152.0,1,34.42223423,-119.61230897,3
2011,2011-04-10,507,4,1,5,7,N,A,Y,A,H,D,A,07,W,08,E,,,,,I,Y,N,D,1,0,0,0,22107.0,1,34.38965352,-119.46486225,4
2011,2011-04-12,2046,4,1,20,2,N,A,Y,A,H,D,A,01,W,08,C,,,,,E,Y,N,D,1,0,0,0,22107.0,2,34.50459169,-119.81256802,4
2011,2011-04-13,1435,4,1,14,3,N,A,Y,A,H,A,A,01,N,08,E,,,,,I,N,N,D,2,0,0,0,22107.0,1,34.42189485,-119.61428725,4
2011,2011-04-15,1035,4,1,10,5,Y,A,N,A,H,A,A,01,,09,H,,Y,,,G,N,N,A,1,0,1,0,21802.0,2,34.4424,-119.78172,3
2011,2011-04-12,800,4,1,8,2,Y,A,N,A,H,A,-,99,,10,G,Y,,,,B,N,M,A,2,2,0,0,21950.0,3,34.4145,-119.86657,4
2011,2011-04-20,413,4,1,4,3,N,A,Y,A,H,D,C,02,S,03,C,,,Y,Y,C,Y,N,D,1,0,0,1,22350.0,2,34.91194716,-120.41817874,2
2011,2011-04-13,1555,4,1,15,3,N,A,Y,A,H,A,A,01,N,08,E,,,,,I,Y,N,D,1,0,0,0,22107.0,1,34.56579485,-119.93904246,3
2011,2011-04-14,1555,4,1,15,4,N,A,Y,A,H,A,A,01,S,08,E,,,,,I,Y,N,D,1,0,0,0,22107.0,1,34.47739851,-120.22815515,3
2011,2011-04-02,640,4,1,6,6,N,E,Y,A,H,A,A,01,N,01,F,,,,,A,Y,N,D,1,0,0,0,23152.0,1,34.70351112,-120.1689162,3
2011,2011-04-16,1226,4,1,12,6,N,A,Y,A,H,A,A,01,S,03,C,,,,,C,Y,M,D,1,0,0,0,22350.0,3,34.42207176,-119.62991592,3
2011,2011-03-20,1510,3,1,15,7,N,B,Y,B,H,A,A,01,S,03,F,,,,,A,Y,N,D,2,0,0,0,22350.0,1,34.66197908,-120.17736675,4
2011,2011-04-29,1425,4,1,14,5,N,A,Y,A,H,A,D,22,E,03,C,,,,,C,N,N,A,2,0,0,0,22350.0,3,34.63352371,-120.08089094,4
2011,2011-04-22,555,4,1,5,5,N,B,N,A,H,D,A,01,N,08,C,,,,,E,Y,N,D,1,0,0,0,22107.0,2,34.64497532,-120.48425255,3
2011,2011-04-18,1705,4,1,17,1,N,A,N,A,H,A,L,04,S,03,F,,Y,,,A,N,N,D,1,0,1,0,22350.0,1,,,2
2011,2011-04-14,800,4,1,8,4,Y,A,N,A,H,A,E,22,,09,D,,,,,C,Y,N,A,2,0,0,0,21802.0,2,34.88307,-120.43611,4
2011,2011-04-25,750,4,1,7,1,N,A,Y,A,H,A,A,01,N,01,E,,,,,I,Y,N,D,1,0,0,0,23152.0,1,34.8251831,-120.35925684,4
2011,2011-04-18,1500,4,1,15,1,N,A,Y,A,D,A,A,01,W,09,D,,,,,C,Y,N,D,1,0,0,0,21801.0,2,34.95721897,-120.51095561,3
2011,2011-04-23,1510,4,1,15,6,N,A,N,A,H,A,A,07,N,06,B,,,,,C,Y,N,D,1,0,0,0,21750.0,2,34.98276824,-120.51302,4
2011,2011-04-22,1455,4,1,14,5,N,A,Y,A,H,A,A,01,S,08,F,,,,,A,Y,N,D,1,0,0,0,22107.0,1,34.82436184,-120.35828337,4
2011,2011-01-30,1125,1,4,11,7,Y,A,N,A,H,A,A,01,,12,D,,,,,C,N,N,A,1,0,0,0,21453.0,2,34.42426,-119.86984,3
2011,2011-03-09,1713,3,1,17,3,Y,A,N,-,-,A,L,04,,12,A,,Y,,,G,N,N,D,1,0,1,0,22450.0,2,34.5978,-120.13922,3
2011,2011-04-07,1414,4,1,14,4,Y,B,N,B,H,A,A,01,,03,D,,,,,C,Y,N,A,1,0,0,0,22350.0,2,34.89449,-120.42316,4
2011,2011-04-26,1453,4,1,14,2,N,A,N,A,H,A,D,22,E,03,C,,,,,C,Y,N,A,3,0,0,0,22350.0,4,34.430014,-119.873476,3
2011,2011-04-21,2132,4,1,21,4,N,A,Y,A,H,C,-,- ,N,08,A,,,,,C,Y,N,D,2,0,0,0,22107.0,2,34.92222354,-120.4361457,3
2011,2011-04-19,650,4,1,6,2,Y,A,Y,A,H,A,-,- ,,12,D,,,,,C,Y,N,A,2,0,0,0,21453.0,2,34.93846931,-120.43614257,4
2011,2011-04-21,2030,4,1,20,4,N,A,N,A,H,C,C,02,E,01,D,,,Y,,C,N,N,D,2,0,0,2,23152.0,2,34.94889486,-120.42800219,4
2011,2011-04-24,206,4,1,2,7,Y,C,N,B,H,C,-,- ,,01,A,,,,,C,Y,N,A,1,0,0,0,23152.0,2,34.96764,-120.4207,4
2011,2011-04-22,2105,4,1,21,5,Y,A,N,A,H,C,-,- ,,01,A,,,,,C,Y,N,A,1,0,0,0,23152.0,2,34.96775,-120.44446,4
2011,2011-04-13,609,4,1,6,3,N,B,N,A,H,B,-,- ,N,09,D,Y,,,,B,Y,N,D,1,1,0,0,21801.0,3,,,3
2011,2011-04-22,1330,4,1,13,5,Y,A,N,A,H,A,-,- ,,09,D,,,,,C,Y,N,A,1,0,0,0,21802.0,2,34.87962,-120.43875,4
2011,2011-04-26,1547,4,1,15,2,N,A,N,A,H,A,-,- ,E,21,D,,,,,C,Y,N,D,2,0,0,0,22106.0,2,34.96836152,-120.41521571,4
2011,2011-05-24,1455,5,1,14,2,N,A,Y,A,H,A,D,22,W,03,C,,,,,C,Y,N,D,2,0,0,0,22350.0,2,34.95328907,-120.45781479,4
2011,2011-04-04,1738,4,1,17,1,N,A,N,A,H,A,L,04,W,05,D,,Y,,,G,N,N,D,1,0,1,0,21650.0,2,34.4350762,-119.81140227,3
2011,2011-05-13,730,5,1,7,5,Y,A,N,A,H,A,A,01,,08,D,,,,,C,Y,N,D,1,0,0,0,22107.0,2,34.41271,-119.86645,4
2011,2011-05-16,1700,5,1,17,1,N,A,N,A,D,A,A,07,E,03,G,Y,,,,B,N,N,D,1,1,0,0,22350.0,2,,,2
2011,2011-05-08,1546,5,1,15,7,N,A,Y,A,H,A,A,01,S,03,C,,,,,C,Y,N,D,1,0,0,0,22350.0,3,34.39386485,-119.50967237,4
2011,2011-05-10,405,5,1,4,2,N,A,Y,A,H,D,A,01,S,08,E,,,,,J,Y,N,D,1,0,0,0,22107.0,1,34.40616958,-119.54495602,3
2011,2011-05-17,1025,5,1,10,2,N,B,Y,A,H,A,A,01,E,08,E,,,,,I,Y,N,A,1,0,0,0,22107.0,1,34.4125107,-119.52282825,4
2011,2011-05-01,2040,5,1,20,7,N,B,Y,A,H,D,A,01,E,08,E,,,,,I,Y,N,D,1,0,0,0,22107.0,1,34.62845076,-120.27475852,3
2011,2011-05-23,355,5,1,3,1,N,B,Y,A,H,D,A,01,N,08,E,,,,,I,Y,N,D,1,0,0,0,22107.0,1,34.70307652,-120.4738987,4
2011,2011-04-27,830,4,1,8,3,N,A,Y,A,H,A,A,01,S,12,G,Y,,,,B,N,F,A,1,1,0,0,22450.0,2,34.63909404,-120.46423071,3
2011,2011-04-25,1712,4,1,17,1,N,B,Y,A,H,A,A,01,N,03,C,,,,,C,N,N,D,1,0,0,0,22350.0,3,34.65338483,-120.45768254,3
2011,2011-05-01,103,5,1,1,7,Y,A,Y,A,H,C,A,01,,03,E,,,,,I,Y,N,A,1,0,0,0,22350.0,1,34.61159222,-120.18884106,3
2011,2011-03-29,1700,3,1,17,2,Y,A,N,A,H,A,-,- ,,00,C,,,,,C,Y,N,A,1,0,0,0,,3,34.92356,-120.42151,4
2011,2011-05-11,1546,5,1,15,3,N,A,N,A,H,A,A,08,N,21,D,,,,,C,Y,N,D,2,0,0,0,22106.0,2,34.43098349,-119.82649226,3
2011,2011-04-07,1352,4,1,13,4,Y,B,Y,B,-,A,A,01,,03,A,,,,,C,N,N,A,1,0,0,0,22350.0,2,34.97498097,-120.43551239,4
2011,2011-04-14,14,4,1,0,4,Y,A,Y,A,H,C,-,- ,,- ,D,,,,,C,Y,N,A,1,0,0,0,,2,34.96772817,-120.43574257,4
2011,2011-04-13,1122,4,1,11,3,Y,A,N,A,H,A,A,01,,09,D,,,,,C,Y,N,A,1,0,0,0,21802.0,2,34.9318,-120.46388,3
2011,2011-04-10,21,4,1,0,7,Y,A,Y,A,H,C,A,01,,01,D,,,,,C,Y,N,A,4,0,0,0,23152.0,4,34.93409702,-120.43593266,4
2011,2011-04-05,1959,4,1,19,2,N,A,Y,A,H,C,-,- ,N,09,D,,,,,C,Y,N,D,1,0,0,0,21801.0,2,34.94489215,-120.43594949,4
2011,2011-04-17,835,4,1,8,7,Y,A,Y,A,H,A,-,- ,,09,D,,,,,C,N,N,A,1,0,0,0,21453.0,2,34.94991068,-120.43598361,4
2011,2011-04-08,1618,4,1,16,5,Y,A,N,A,H,A,-,- ,,09,D,,,,,C,Y,N,D,1,0,0,0,21802.0,2,34.96766,-120.42675,4
2011,2011-05-16,1717,5,1,17,1,Y,B,N,A,H,A,A,01,,09,D,,,,,C,Y,N,A,1,0,0,0,21802.0,2,34.64069,-120.46675,4
2011,2011-05-16,1112,5,1,11,1,N,A,Y,A,H,A,A,01,E,03,C,,,,,C,Y,N,A,1,0,0,0,22350.0,2,34.95663486,-120.41729257,4
2011,2011-05-17,1840,5,1,18,2,N,B,N,-,H,A,-,- ,E,03,C,,,,,C,N,N,A,1,0,0,0,22350.0,2,34.9225746,-120.4313005,4
2011,2011-05-19,1751,5,1,17,4,Y,A,N,A,H,A,-,- ,,09,D,,,,,C,Y,N,A,1,0,0,0,21802.0,2,34.921276,-120.425568,4
2011,2011-05-19,1207,5,1,12,4,Y,A,N,A,H,A,-,- ,,08,A,,,,,C,N,N,D,1,0,0,0,22107.0,2,34.95753,-120.44138,4
2011,2011-05-19,1430,5,1,14,4,N,A,Y,A,H,A,-,- ,N,03,E,,,,,I,Y,N,D,1,0,0,0,22350.0,1,34.94199754,-120.43596257,3
2011,2011-05-22,1538,5,1,15,7,N,B,N,A,H,A,L,04,W,09,D,,Y,,,G,N,N,D,1,0,1,0,21804.0,2,,,4
2011,2011-05-10,1535,5,1,15,2,Y,A,N,A,H,A,-,- ,,09,D,,,,,C,Y,N,A,2,0,0,0,21802.0,2,34.95207,-120.44488,4
2011,2011-05-15,1757,5,1,17,7,N,A,N,A,H,A,-,- ,W,21,C,,,,,C,N,N,A,1,0,0,0,22106.0,2,34.93411,-120.436058,4
2011,2011-04-29,1427,4,1,14,5,Y,A,N,A,H,A,L,04,,12,D,,Y,,,G,N,N,A,1,0,1,0,21453.0,2,34.41778,-119.69675,2
2011,2011-04-28,1100,4,1,11,4,N,A,N,A,H,A,-,- ,N,00,B,,Y,,,G,N,N,A,1,0,1,0,,2,,,3
2011,2011-04-22,1337,4,1,13,5,N,B,N,A,H,A,-,- ,N,00,H,,,,,I,Y,N,D,1,0,0,0,,1,34.4446841,-119.75554548,3
2011,2011-04-23,1248,4,1,12,6,Y,A,N,A,H,A,-,- ,,09,D,,Y,,,G,N,F,-,1,0,1,0,21802.0,2,34.40967,-119.69859,3
2011,2011-04-27,1820,4,1,18,3,Y,A,N,A,H,A,-,- ,,00,G,Y,,,,B,N,N,A,1,1,0,0,,2,34.42528,-119.68646,3
2011,2011-04-29,931,4,1,9,5,Y,A,N,A,H,A,-,- ,,03,C,,,,,C,N,N,A,1,0,0,0,22350.0,2,34.42621,-119.73486,4
2011,2011-04-25,2058,4,1,20,1,N,A,N,A,H,C,-,- ,N,08,B,,,,,E,Y,N,D,1,0,0,0,22107.0,3,34.42545653,-119.69183237,4
2011,2011-04-28,1616,4,1,16,4,Y,A,N,A,H,A,-,- ,,12,D,,,,,C,Y,N,A,2,0,0,0,21453.0,2,34.42318,-119.68874,4
2011,2011-05-11,142,5,1,1,3,N,A,N,A,H,C,-,- ,S,01,E,,,,,I,Y,N,D,2,0,0,0,23152.0,1,34.41697033,-119.72132806,3
2011,2011-05-06,1909,5,1,19,5,N,A,N,A,H,A,-,- ,N,12,D,,,,,C,Y,N,A,3,0,0,0,21453.0,2,34.424513,-119.68278726,3
2011,2011-05-21,1456,5,1,14,6,N,A,N,A,H,A,-,- ,E,09,D,,,,,C,Y,N,D,3,0,0,0,21801.0,2,,,4
2011,2011-05-09,1349,5,1,13,1,-,A,N,A,H,A,-,- ,N,00,H,,Y,,,J,N,N,D,1,0,1,0,,1,34.45184829,-119.68910714,2
2011,2011-05-01,2200,5,1,22,7,N,A,N,A,H,D,-,- ,W,01,C,,,,,E,Y,N,D,1,0,0,0,23152.0,3,34.42277407,-119.71424669,4
2011,2011-05-02,1517,5,1,15,1,N,A,N,A,H,A,-,- ,N,08,A,,,,,I,N,N,A,1,0,0,0,22107.0,1,34.40026602,-119.73424241,2
2011,2011-05-03,842,5,1,8,2,Y,A,Y,A,H,A,-,- ,,00,D,,,,,C,Y,N,A,1,0,0,0,,2,34.41293485,-119.7029924,4
2011,2011-05-02,1415,5,1,14,1,N,A,N,A,H,A,L,04,N,03,F,,Y,,,I,N,N,D,1,0,1,0,22350.0,1,34.41432264,-119.6920421,3
2011,2011-05-11,1024,5,1,10,3,Y,A,N,A,H,A,-,- ,,03,C,,,,,C,Y,N,D,3,0,0,0,22350.0,2,34.42153,-119.64783,3
2011,2011-05-10,1916,5,1,19,2,N,A,N,A,H,A,N,60,S,11,D,Y,,,,B,N,N,D,1,1,0,0,21954.0,2,34.4276521,-119.69231827,3
2011,2011-05-06,1359,5,1,13,5,N,A,N,A,H,A,-,- ,W,03,E,,,,,I,Y,N,A,1,0,0,0,22350.0,1,34.42538458,-119.68405611,4
2011,2011-05-02,1221,5,1,12,1,Y,A,N,A,H,A,-,- ,,12,D,,,,,C,Y,F,A,1,0,0,0,21453.0,2,,,4
2011,2011-05-05,2309,5,1,23,4,N,E,N,A,H,C,N,60,N,11,G,Y,,,,B,N,N,D,1,1,0,0,21956.0,2,,,3
2011,2011-05-03,1600,5,1,16,2,Y,A,N,A,H,A,D,22,,03,C,,,,,C,N,N,A,2,0,0,0,22350.0,2,34.41956,-119.69029,4
2011,2011-05-04,2050,5,1,20,3,N,A,Y,A,H,C,-,- ,E,09,D,,,,,C,Y,N,D,2,0,0,0,21804.0,2,34.40755208,-119.69877862,4
2011,2011-05-04,1901,5,1,19,3,Y,A,N,A,H,A,-,- ,,12,D,,,,,C,Y,N,A,1,0,0,0,21453.0,2,34.4246,-119.70087,4
2011,2011-05-03,2134,5,1,21,2,N,A,N,A,H,C,-,- ,S,08,C,,,,,E,Y,N,D,2,0,0,0,22107.0,2,34.44389064,-119.75107241,4
2011,2011-05-12,1705,5,1,17,4,N,A,N,A,H,A,-,- ,W,- ,H,,Y,,,G,N,N,D,1,0,1,0,,1,34.4215546,-119.64015625,3
2011,2011-05-12,1406,5,1,14,4,N,A,N,A,G,A,L,04,E,03,H,,Y,,,J,N,N,D,1,0,1,0,22350.0,1,34.41399584,-119.69856022,3
2011,2011-05-01,1040,5,1,10,7,N,A,N,A,H,A,-,- ,W,09,D,,,,,G,N,N,A,1,0,0,0,21804.0,2,34.44038485,-119.7404672,3
2011,2011-06-06,825,6,2,8,1,N,A,N,A,H,A,A,08,N,03,C,,,,,C,Y,N,D,1,0,0,0,22350.0,3,34.87997611,-120.41871256,4
2011,2011-06-03,1308,6,2,13,5,N,A,Y,A,H,A,A,01,S,01,D,,,,Y,C,Y,N,D,3,0,0,0,23152.0,2,34.88001004,-120.49411415,3
2011,2011-06-04,1229,6,2,12,6,N,B,N,B,H,A,D,22,W,03,E,,,,,I,Y,N,D,1,0,0,0,22350.0,1,,,4
2011,2011-05-20,605,5,1,6,5,N,A,Y,A,H,B,D,22,W,08,E,,,,,I,Y,N,D,1,0,0,0,22107.0,1,34.48359775,-119.77567907,3
2011,2011-06-01,835,6,2,8,3,N,A,Y,A,H,A,F,26,S,03,C,,,,Y,C,N,N,A,2,0,0,0,22350.0,4,34.41444485,-119.7047724,4
2011,2011-06-01,1115,6,2,11,3,Y,A,N,A,H,A,A,01,,12,D,,,,Y,C,Y,N,A,1,0,0,0,21453.0,2,34.45306,-119.80817,4
2011,2011-05-30,1240,5,1,12,1,Y,A,N,A,H,A,D,22,,01,D,,,,,C,Y,N,A,1,0,0,0,23152.0,2,,,3
2011,2011-05-18,1334,5,1,13,3,N,B,Y,A,H,A,D,22,W,03,C,,,,,C,Y,N,D,1,0,0,0,22350.0,3,34.44658899,-119.72021413,4
2011,2011-05-28,1332,5,1,13,6,N,A,Y,A,H,A,D,22,N,03,C,,,,,C,N,N,D,2,0,0,0,22350.0,3,34.40494596,-119.53486575,4
2011,2011-06-04,611,6,2,6,6,Y,B,N,A,H,A,-,- ,,12,D,,,,,C,Y,N,A,1,0,0,0,21453.0,2,34.916534,-120.431507,4
2011,2011-05-28,831,5,1,8,6,N,A,N,A,H,A,C,02,N,21,D,,,Y,Y,D,N,N,A,1,0,0,1,22106.0,2,34.92073462,-120.45409694,4
2011,2011-05-09,1600,5,1,16,1,N,A,N,A,H,A,-,- ,N,03,C,,,,,C,N,N,D,2,0,0,0,22350.0,4,,,4
2011,2011-05-10,1437,5,1,14,2,Y,A,N,A,H,A,A,07,,10,G,Y,,,,B,N,N,A,1,1,0,0,21950.0,2,34.93856,-120.43929,4
2011,2011-03-31,1944,3,1,19,4,N,A,N,A,H,D,-,- ,N,03,C,,,,,C,N,N,D,1,0,0,0,22350.0,2,,,4
2011,2011-03-24,1226,3,1,12,4,Y,A,Y,A,H,A,A,01,,09,D,,,Y,,C,Y,N,A,1,0,0,1,21801.0,2,34.95663486,-120.41729257,4
2011,2011-06-05,1542,6,2,15,7,Y,A,N,A,H,A,A,01,,09,D,,,,,C,N,N,A,1,0,0,0,21802.0,2,,,4
2011,2011-05-26,910,5,1,9,4,Y,A,Y,A,H,A,D,22,,09,C,,,,,C,Y,N,D,1,0,0,0,21801.0,2,34.95534417,-120.4896795,4
2011,2011-04-27,1301,4,1,13,3,N,A,N,A,H,A,A,07,W,03,C,,,,,C,N,N,D,1,0,0,0,22350.0,2,34.43806222,-119.78191211,4
2011,2011-04-22,1914,4,1,19,5,N,C,Y,B,H,A,A,01,N,01,E,,,,,I,Y,N,D,1,0,0,0,23152.0,1,34.4011627,-119.48710021,2
2011,2011-04-29,341,4,1,3,5,N,A,Y,A,H,C,A,07,N,08,E,,,,,I,Y,N,D,1,0,0,0,22107.0,1,34.42056713,-119.64067974,3
2011,2011-04-22,1550,4,1,15,5,N,B,Y,A,H,A,C,02,N,03,C,,,Y,,C,Y,N,D,1,0,0,1,22350.0,2,34.426786,-119.72691726,3
2011,2011-05-02,1103,5,1,11,1,N,A,Y,A,H,A,A,07,S,03,C,,,,,C,Y,N,D,1,0,0,0,22350.0,2,34.43172781,-119.74533362,3
2011,2011-05-06,1710,5,1,17,5,N,A,Y,A,H,A,A,01,N,03,C,,,,,C,N,M,D,2,0,0,0,22350.0,2,34.4034276,-119.52759503,4
2011,2011-05-17,2200,5,1,22,2,Y,C,N,B,H,C,A,01,,09,D,,,,,C,Y,N,A,1,0,0,0,21804.0,2,34.64692,-120.44891,4
2011,2011-05-20,1836,5,1,18,5,Y,A,N,A,H,A,L,04,,09,D,,Y,,,G,Y,N,D,1,0,1,0,21804.0,2,34.64779,-120.45526,3
2011,2011-03-05,240,3,1,2,6,N,A,Y,A,H,D,A,07,N,03,C,,,Y,,C,Y,F,D,1,0,0,0,22350.0,2,34.40248275,-119.52174854,1
2011,2011-05-13,2042,5,1,20,5,Y,B,Y,A,H,C,A,07,,10,G,Y,,,,B,N,N,A,0,0,0,0,21950.0,2,34.63891483,-120.46066362,1
2011,2011-05-16,2232,5,1,22,1,N,C,Y,B,H,D,A,07,E,03,E,,,,,I,Y,N,D,0,0,0,0,22350.0,1,34.46970035,-119.77518191,1
2011,2011-06-27,1420,6,2,14,1,N,A,N,A,H,A,C,02,W,08,E,,,Y,,I,Y,N,D,0,0,0,0,22107.0,1,34.85998774,-120.44050085,1
2011,2011-07-02,2215,7,2,22,6,Y,A,Y,A,H,C,N,60,,11,G,Y,,,,B,Y,N,A,1,0,0,0,21954.0,4,34.42819169,-119.73410297,1
2011,2011-04-07,1315,4,1,13,4,N,B,Y,A,H,A,C,02,N,07,B,,,Y,Y,C,Y,N,D,0,0,0,0,21658.0,2,34.42101655,-119.667506,1
2011,2011-05-21,740,5,1,7,6,N,A,Y,A,H,A,A,01,E,01,E,,,,,I,Y,N,D,1,0,0,0,23152.0,1,34.53247041,-119.84926091,3
2011,2011-05-03,1422,5,1,14,2,Y,A,N,A,H,A,-,- ,,08,H,,Y,,,G,N,N,A,1,0,1,0,22107.0,2,34.41367,-119.69889,4
2011,2011-05-22,2257,5,1,22,7,N,A,N,A,H,C,-,- ,S,01,E,,,,,E,Y,N,D,1,0,0,0,23152.0,2,34.42559641,-119.6739399,3
2011,2011-05-26,450,5,1,4,4,N,A,Y,A,H,C,A,01,N,08,E,,,,,I,Y,N,D,1,0,0,0,22107.0,1,34.42831448,-119.73691687,4
2011,2011-05-02,1143,5,1,11,1,N,A,N,A,H,A,A,01,S,08,B,,Y,,,G,N,N,A,1,0,1,0,22107.0,2,34.42281666,-119.71140034,4
2011,2011-05-19,1700,5,1,17,4,Y,A,N,A,H,A,L,04,,- ,D,,Y,,,G,N,N,D,1,0,1,0,,2,34.41563,-119.68996,3
2011,2011-05-12,1310,5,1,13,4,Y,A,N,A,H,A,-,- ,,09,D,,,,,C,Y,N,A,1,0,0,0,21802.0,2,34.41844,-119.70283,4
2011,2011-05-22,1304,5,1,13,7,Y,A,N,A,H,A,A,07,,09,D,,,,,C,Y,N,D,1,0,0,0,21801.0,2,34.41728,-119.83127,4
2011,2011-05-23,1353,5,1,13,1,N,A,N,A,H,A,-,- ,N,08,E,,,,,I,Y,N,A,1,0,0,0,22107.0,1,34.43104689,-119.70204195,4
2011,2011-05-25,1734,5,1,17,3,Y,A,N,A,H,A,-,- ,,09,D,,,,,C,Y,N,A,1,0,0,0,21802.0,2,34.42898,-119.71216,4
2011,2011-05-21,1302,5,1,13,6,Y,A,N,A,H,A,-,- ,,03,C,,,,,C,N,N,A,1,0,0,0,22350.0,2,34.43752,-119.72112,4
2011,2011-05-20,1750,5,1,17,5,Y,A,N,A,H,A,-,- ,,12,D,,,,,D,Y,N,A,1,0,0,0,21453.0,2,34.42541,-119.68401,4
2011,2011-05-20,1619,5,1,16,5,Y,A,N,A,H,A,-,- ,,09,D,,,,,C,Y,N,D,1,0,0,0,21802.0,2,34.42554,-119.68163,4
2011,2011-05-16,806,5,1,8,1,Y,A,N,A,H,A,A,01,,- ,D,,,,,C,N,N,A,1,0,0,0,,2,34.44035,-119.72817,4