ACCIDENT_YEAR,COLLISION_DATE,COLLISION_TIME,MONTH,SEASON,24HOURS,DAY_OF_WEEK,INTERSECTION,WEATHER_1,STATE_HWY_IND,ROAD_SURFACE,ROAD_COND_1,LIGHTING,STWD_VEHTYPE_AT_FAULT,CHP_VEHTYPE_AT_FAULT,DIRECTION,PCF_VIOL_CATEGORY,TYPE_OF_COLLISION,PEDESTRIAN_ACCIDENT,BICYCLE_ACCIDENT,MOTORCYCLE_ACCIDENT,TRUCK_ACCIDENT,MVIW,TOW_AWAY,HIT_AND_RUN,CONTROL_DEVICE,NUMBER_INJURED,COUNT_PED_INJURED,COUNT_BICYCLIST_INJURED,COUNT_MC_INJURED,PCF_VIOLATION,PARTY_COUNT,POINT_Y,POINT_X,COLLISION_SEVERITY
2011,2011-09-01,1615,9,3,16,4,N,A,Y,A,H,A,A,01,S,03,C,,,,,C,Y,N,D,1,0,0,0,22350.0,4,34.42144035,-119.6390328,4
2011,2011-09-04,2039,9,3,20,7,Y,A,N,A,H,D,A,01,,01,C,,,,,C,Y,N,D,5,0,0,0,23153.0,2,34.40559928,-119.53706146,2
2011,2011-08-17,1238,8,2,12,3,N,A,N,A,H,A,L,04,W,08,D,,Y,,,G,N,N,D,1,0,1,0,22107.0,2,34.65331483,-120.44975003,3
2011,2011-08-26,1140,8,2,11,5,N,B,N,A,H,A,A,07,N,03,C,,,,,C,Y,N,D,2,0,0,0,22350.0,2,34.64889002,-120.46665685,3
2011,2011-08-08,1220,8,2,12,1,Y,B,Y,A,H,A,-,- ,,- ,A,,,,,C,Y,N,A,1,0,0,0,,2,34.63908411,-120.46294739,3
2011,2011-09-03,625,9,3,6,6,N,A,N,A,H,A,D,22,W,08,A,,,,,E,Y,N,D,3,0,0,0,22107.0,3,,,3
2011,2011-08-27,1822,8,2,18,6,N,A,Y,A,H,A,D,22,N,01,F,,,,,A,Y,N,D,2,0,0,0,23152.0,1,34.86767464,-120.39841556,4
2011,2011-09-10,310,9,3,3,6,N,A,Y,B,H,E,D,22,N,08,F,,,,,A,Y,N,D,1,0,0,0,22107.0,1,34.86534015,-120.4368113,3
2011,2011-08-31,1754,8,2,17,3,N,A,Y,A,H,A,A,01,E,03,C,,,,,C,N,N,A,2,0,0,0,22350.0,2,34.61035345,-120.18552729,4
2011,2011-09-22,645,9,3,6,4,N,E,Y,B,H,B,F,26,N,03,C,,,,Y,D,Y,N,D,6,0,0,0,22350.0,4,34.93293523,-120.56863255,4
2011,2011-09-19,730,9,3,7,1,Y,F,Y,A,H,A,D,22,,04,C,,,,,C,N,N,A,1,0,0,0,21703.0,2,34.59599484,-120.13857249,4
2011,2011-09-23,1352,9,3,13,5,N,A,Y,A,H,A,-,- ,N,18,E,,,,,I,Y,N,D,1,0,0,0,,1,34.42153245,-119.71492588,4
2011,2011-08-19,1015,8,2,10,5,N,A,Y,A,H,A,-,- ,N,18,C,,,,,C,Y,N,A,1,0,0,0,,2,34.44118485,-119.75982242,4
2011,2011-08-20,1446,8,2,14,6,N,A,N,A,H,A,A,01,W,21,H,,Y,,,G,Y,N,D,1,0,1,0,22106.0,2,34.41326692,-119.55707611,4
2011,2011-09-03,1515,9,3,15,6,Y,A,N,A,H,A,D,22,,09,-,,,Y,,C,Y,N,A,1,0,0,1,21802.0,2,34.64226,-120.46295,3
2011,2011-09-04,1153,9,3,11,7,Y,A,N,A,H,A,A,01,,17,A,,,,,C,Y,N,A,1,0,0,0,21451.0,2,34.66069,-120.45323,4
2011,2011-08-09,1510,8,2,15,2,Y,A,N,A,H,A,D,22,,09,D,,,,,C,Y,N,D,2,0,0,0,21804.0,2,34.63577,-120.10811,3
2011,2011-08-28,2106,8,2,21,7,N,A,Y,A,C,D,A,01,E,03,C,,,,,C,Y,N,D,2,0,0,0,22350.0,2,34.56101196,-119.9194503,4
2011,2011-08-06,1050,8,2,10,6,N,A,Y,A,H,A,C,02,W,09,D,,,Y,,C,N,N,D,1,0,0,1,21804.0,2,34.60660342,-120.09531627,3
2011,2011-08-16,2300,8,2,23,2,N,A,N,A,H,D,D,22,N,08,E,,,,,I,Y,N,D,1,0,0,0,22107.0,1,34.73889518,-120.07437835,2
2011,2011-08-24,550,8,2,5,3,N,B,Y,A,H,D,A,01,N,08,E,,,,,I,Y,N,D,1,0,0,0,22107.0,1,34.47196956,-120.11948797,4
2011,2011-09-04,552,9,3,5,7,N,B,N,A,H,A,D,22,N,01,B,,,,,E,Y,M,A,1,0,0,0,23152.0,4,34.948881,-120.449402,4
2011,2011-08-31,850,8,2,8,3,Y,A,Y,A,H,A,L,04,,05,E,,Y,,,G,N,N,A,1,0,1,0,21202.0,2,34.94975544,-120.43597963,4
2011,2011-07-17,1207,7,2,12,7,Y,A,Y,A,H,A,A,01,,17,H,,Y,,,G,N,N,A,1,0,1,0,21451.0,2,34.43804484,-119.84761243,3
2011,2011-08-31,1710,8,2,17,3,Y,A,N,A,H,A,A,07,,10,G,Y,,,,B,N,N,D,1,1,0,0,21950.0,2,34.59462,-120.1387,2
2011,2011-07-08,556,7,2,5,5,N,A,N,A,H,A,D,22,W,03,E,,,,,I,Y,N,D,1,0,0,0,22350.0,1,34.44814993,-119.85073445,2
2011,2011-08-12,2217,8,2,22,5,Y,A,N,A,H,C,-,- ,,- ,D,,,,,C,Y,N,A,3,0,0,0,,2,34.43402,-119.87102,4
2011,2011-08-25,2324,8,2,23,4,Y,A,N,A,H,C,N,60,,02,G,Y,,,,B,N,N,D,1,1,0,0,21654.0,2,34.41446,-119.85706,3
2011,2011-09-13,808,9,3,8,2,N,A,Y,A,H,A,A,01,N,03,C,,,,,C,Y,F,D,1,0,0,0,22350.0,2,34.44114635,-119.75877051,2
2011,2011-09-13,1605,9,3,16,2,N,A,Y,A,H,A,A,07,S,07,B,,,,,C,Y,N,D,1,0,0,0,21658.0,2,34.44150044,-119.80376581,3
2011,2011-09-17,1015,9,3,10,6,Y,A,N,A,H,A,A,01,,09,D,,,,,C,N,N,A,1,0,0,0,21802.0,2,34.86505,-120.40929,4
2011,2011-09-14,2030,9,3,20,3,N,B,Y,A,H,D,-,- ,W,18,H,,,,,H,Y,N,D,2,0,0,0,,1,35.02679356,-120.24224152,2
2011,2011-09-22,1316,9,3,13,4,N,A,Y,A,H,A,A,01,S,03,C,,,,,C,N,N,A,1,0,0,0,22350.0,2,34.44167484,-119.80460242,4
2011,2011-07-18,901,7,2,9,1,N,A,N,A,H,A,A,01,S,08,B,,,,,C,Y,N,D,1,0,0,0,22107.0,4,34.43256,-119.826644,3
2011,2011-08-12,1631,8,2,16,5,Y,A,N,A,H,A,A,01,,09,A,,,,,C,Y,N,A,2,0,0,0,21801.0,2,34.6441,-120.44894,2
2011,2011-08-17,758,8,2,7,3,Y,A,N,A,H,A,A,01,,09,A,,,,,C,Y,N,D,1,0,0,0,21801.0,2,34.63735,-120.46553,4
2011,2011-09-01,1800,9,3,18,4,-,A,N,A,H,A,-,- ,N,03,C,,,,,C,N,N,A,2,0,0,0,22350.0,2,34.39896254,-119.51834291,4
2011,2011-08-25,2218,8,2,22,4,N,A,Y,A,H,C,A,01,N,08,E,,,,,I,Y,N,D,1,0,0,0,22107.0,1,34.38867329,-119.49925714,4
2011,2011-08-18,805,8,2,8,4,N,A,Y,A,H,A,A,01,W,08,E,,,,,I,Y,N,A,1,0,0,0,22107.0,1,34.50640314,-119.81748072,3
2011,2011-08-11,1935,8,2,19,4,N,A,Y,A,H,A,C,02,E,08,F,,,Y,,A,N,N,D,1,0,0,1,22107.0,1,34.48995485,-119.78357242,3
2011,2011-08-29,1523,8,2,15,1,N,A,Y,A,H,A,A,01,S,08,E,,,,,I,Y,N,D,1,0,0,0,22107.0,1,34.41838174,-119.68948525,4
2011,2011-08-27,1610,8,2,16,6,N,A,Y,A,H,A,A,01,S,03,C,,,,,C,Y,N,D,1,0,0,0,22350.0,2,34.38699236,-119.49410166,4
2011,2011-08-24,1640,8,2,16,3,N,A,Y,A,H,A,A,07,S,03,C,,,,,C,N,N,A,1,0,0,0,22350.0,2,34.44021484,-119.82591243,4
2011,2011-09-18,1625,9,3,16,7,N,A,Y,A,H,A,-,- ,S,- ,B,,Y,,,G,N,N,D,1,0,1,0,,2,34.59638789,-120.19384813,2
2011,2011-09-06,1709,9,3,17,2,N,A,N,A,H,A,N,60,S,11,G,Y,,,,B,N,N,A,1,1,0,0,21950.0,2,34.979604,-120.426016,3
2011,2011-08-01,1801,8,2,18,1,N,A,N,A,H,A,-,- ,E,03,C,,,,,C,N,N,A,1,0,0,0,22350.0,2,34.960435,-120.437185,4
2011,2011-09-04,1944,9,3,19,7,N,A,Y,A,H,B,A,01,S,03,C,,,,,C,N,N,D,1,0,0,0,22350.0,2,34.40899514,-119.55058383,4
2011,2011-09-01,1608,9,3,16,4,N,A,N,A,H,A,A,01,W,21,C,,,,,C,N,N,A,2,0,0,0,22106.0,2,34.44374,-119.80825,4
2011,2011-09-08,30,9,3,0,4,N,A,N,A,H,D,A,01,S,01,E,,,,,I,Y,N,D,1,0,0,0,23152.0,1,34.93143287,-120.41749457,3
2011,2011-09-09,530,9,3,5,5,N,E,Y,B,H,D,A,01,N,08,F,,,,,A,Y,N,D,1,0,0,0,22107.0,1,34.77468184,-120.50099726,4
2011,2011-08-28,1519,8,2,15,7,N,A,Y,A,H,A,A,01,S,03,C,,,,,C,Y,N,D,1,0,0,0,22350.0,2,34.39236485,-119.50847237,4
2011,2011-08-29,1435,8,2,14,1,N,A,Y,A,H,A,-,- ,N,03,C,,,,,C,Y,N,D,1,0,0,0,22350.0,2,34.95318486,-120.44798254,4
2011,2011-09-09,217,9,3,2,5,N,A,N,A,H,C,-,- ,N,08,B,,,,,I,Y,N,A,1,0,0,0,22107.0,1,,,4
2011,2011-09-09,1407,9,3,14,5,Y,A,N,A,H,A,A,01,,09,D,,,,,C,Y,N,A,1,0,0,0,21802.0,2,34.9433,-120.4538,4
2011,2011-09-10,1733,9,3,17,6,Y,A,N,A,H,A,L,04,,05,H,,Y,,,G,N,N,D,1,0,1,0,21650.0,2,34.96035,-120.42275,4
2011,2011-09-10,1941,9,3,19,6,N,B,N,A,H,C,N,60,S,11,G,Y,,,,B,N,N,D,1,1,0,0,21954.0,2,,,2
2011,2011-09-10,2326,9,3,23,6,Y,C,Y,B,H,C,A,07,,03,C,,,,,C,Y,N,A,2,0,0,0,22350.0,3,34.95315787,-120.42453607,4
2011,2011-09-11,1107,9,3,11,7,-,A,N,A,H,A,A,01,,03,C,,,,,C,Y,M,D,1,0,0,0,22350.0,2,,,4
2011,2011-09-11,1921,9,3,19,7,Y,A,N,A,H,B,-,- ,,01,E,,,,,I,Y,N,D,2,0,0,0,23152.0,1,34.9479,-120.42482,4
2011,2011-09-06,1606,9,3,16,2,N,A,N,A,H,A,-,- ,N,03,C,,,,,C,Y,N,D,1,0,0,0,22350.0,2,34.95988576,-120.44456,4
2011,2011-09-07,1010,9,3,10,3,Y,A,N,A,H,A,-,- ,,- ,G,Y,,,,B,N,N,A,1,1,0,0,,2,34.92254,-120.43134,4
2011,2011-09-17,1029,9,3,10,6,N,B,N,A,H,A,-,- ,N,08,B,,,,,E,Y,N,D,1,0,0,0,22107.0,2,,,4
2011,2011-09-13,1230,9,3,12,2,N,A,Y,A,H,A,-,- ,W,03,C,,,,,C,N,N,A,3,0,0,0,22350.0,3,34.40165878,-119.72239363,4
2011,2011-09-25,1033,9,3,10,7,N,B,N,A,H,A,-,- ,E,00,B,,Y,,,G,N,N,A,1,0,1,0,,2,34.41681374,-119.67220387,3
2011,2011-09-18,1211,9,3,12,7,Y,A,N,A,H,A,-,- ,,12,D,,,,,C,N,N,A,2,0,0,0,21453.0,2,34.41728,-119.70638,4
2011,2011-09-26,1635,9,3,16,1,N,A,N,A,H,A,L,04,N,09,D,,Y,,,G,N,N,D,1,0,1,0,21802.0,2,34.41483021,-119.69535994,3
2011,2011-09-27,1745,9,3,17,2,N,A,Y,A,H,A,-,- ,W,09,D,,,,,C,Y,N,D,1,0,0,0,21801.0,2,34.40223713,-119.72512156,4
2011,2011-09-13,2000,9,3,20,2,N,A,N,A,H,C,N,60,S,11,G,Y,,,,B,N,N,A,1,1,0,0,21950.0,2,34.4177941,-119.69419348,4
2011,2011-09-20,1202,9,3,12,2,Y,B,N,A,H,A,-,- ,,12,D,,,,,C,Y,N,D,2,0,0,0,22450.0,2,,,3
2011,2011-09-18,1506,9,3,15,7,Y,A,N,A,H,A,-,- ,,- ,D,,,,,C,Y,N,A,1,0,0,0,,2,34.41909,-119.69081,4
2011,2011-09-27,1532,9,3,15,2,Y,A,Y,A,H,A,-,- ,,03,C,,,,,C,N,N,A,1,0,0,0,22350.0,2,34.42635485,-119.72337241,4
2011,2011-09-20,1000,9,3,10,2,N,A,N,A,H,A,-,- ,N,10,A,Y,,,,B,N,N,A,1,1,0,0,21950.0,2,34.41942554,-119.70414752,4
2011,2011-09-27,2027,9,3,20,2,Y,A,N,A,H,C,L,04,,08,D,,Y,,,G,Y,N,A,1,0,1,0,22107.0,2,34.42554,-119.68163,3
2011,2011-09-18,1329,9,3,13,7,Y,A,N,A,H,A,-,- ,,09,D,,,,,C,Y,N,D,1,0,0,0,21802.0,2,34.42494,-119.69365,4
2011,2011-09-28,1328,9,3,13,3,Y,A,N,A,H,A,L,04,,17,D,,Y,,,G,N,N,A,1,0,1,0,21657.0,2,34.41576,-119.69666,3
2011,2011-09-18,1455,9,3,14,7,Y,A,N,A,H,A,-,- ,,00,F,,,,,A,N,F,D,1,0,0,0,,2,34.42245,-119.65256,3
2011,2011-09-27,1730,9,3,17,2,N,A,N,A,H,A,-,- ,N,10,G,Y,,,,B,N,N,A,1,1,0,0,21950.0,2,34.41766582,-119.71971723,3
2011,2011-09-23,1705,9,3,17,5,N,A,Y,A,H,A,-,- ,N,03,C,,,,,C,Y,N,D,1,0,0,0,22350.0,3,34.44187025,-119.75985667,4
2011,2011-09-17,1531,9,3,15,6,Y,A,N,A,H,A,-,- ,,12,D,,,,,C,Y,N,A,1,0,0,0,21453.0,2,34.42366,-119.69958,4
2011,2011-09-21,2358,9,3,23,3,N,A,N,A,H,C,L,04,E,01,C,,Y,,,E,N,N,D,1,0,1,0,21200.0,2,34.42774228,-119.70212257,3
2011,2011-09-22,1700,9,3,17,4,N,A,N,A,H,A,-,- ,S,17,H,,Y,,,G,N,N,D,1,0,1,0,22517.0,2,34.41764647,-119.69657838,2
2011,2011-09-23,1805,9,3,18,5,N,A,N,A,H,A,A,01,W,03,C,,,,,C,N,F,A,1,0,0,0,22350.0,2,,,4
2011,2011-09-10,1325,9,3,13,6,N,A,N,A,H,A,C,02,S,03,C,,,Y,,C,N,N,D,1,0,0,1,22350.0,2,34.4235002,-119.68139803,3
2011,2011-09-12,942,9,3,9,1,N,A,N,A,H,A,-,- ,E,08,E,,,,,I,Y,N,A,1,0,0,0,22107.0,1,,,2
2011,2011-09-15,1453,9,3,14,4,N,A,N,A,H,A,-,- ,W,09,D,,,,,C,Y,N,D,1,0,0,0,21804.0,2,34.44037757,-119.73867923,4
2011,2011-09-08,1240,9,3,12,4,N,A,N,A,H,A,-,- ,E,00,C,,,,,C,N,F,D,1,0,0,0,,2,34.4161015,-119.69399427,4
2011,2011-09-24,1850,9,3,18,6,N,A,N,A,H,D,-,- ,N,00,D,,Y,,,G,N,F,D,1,0,1,0,,2,34.42919757,-119.71245848,3
2011,2011-09-15,1728,9,3,17,4,N,A,N,A,H,A,L,04,N,- ,D,,Y,,,G,N,N,D,1,0,1,0,,2,34.41764861,-119.70688879,3
2011,2011-09-23,2041,9,3,20,5,N,A,N,A,H,C,A,01,S,- ,D,Y,,,,B,N,F,D,1,1,0,0,,2,34.64710285,-120.47173297,4
2011,2011-09-18,1856,9,3,18,7,Y,A,N,A,H,A,N,60,,11,G,Y,,,,B,N,N,A,1,1,0,0,21950.0,2,34.64062,-120.45918,3
2011,2011-08-25,1719,8,2,17,4,N,A,N,A,H,A,-,- ,S,08,B,,,,,C,N,N,D,1,0,0,0,22107.0,2,34.41991,-119.69451,4
2011,2011-09-23,1327,9,3,13,5,N,A,Y,A,H,A,A,01,S,03,C,,,,,C,N,N,D,1,0,0,0,22350.0,2,34.42639026,-119.72351407,4
2011,2011-08-30,721,8,2,7,2,Y,A,N,-,A,A,A,01,,09,D,,,,,C,Y,N,D,1,0,0,0,21802.0,2,34.6611,-120.48403,4
2011,2011-09-17,932,9,3,9,6,N,A,N,A,H,A,B,01,N,08,E,,,,,I,Y,N,D,1,0,0,0,22107.0,1,34.67501274,-120.49443064,3
2011,2011-09-12,645,9,3,6,1,N,A,Y,A,H,A,A,01,S,08,B,,,,,C,Y,N,D,1,0,0,0,22107.0,2,34.85718969,-120.38884826,2
2011,2011-09-06,1425,9,3,14,2,N,A,Y,A,H,A,D,22,E,05,A,,,,,C,Y,N,D,5,0,0,0,21460.0,3,34.48475258,-119.78113352,2
2011,2011-09-26,1720,9,3,17,1,N,A,Y,A,H,A,A,01,S,03,C,,,,,C,Y,N,A,1,0,0,0,22350.0,4,34.43534888,-119.8657039,4
2011,2011-08-27,1729,8,2,17,6,Y,A,N,A,H,A,C,02,,03,F,,,Y,,I,N,N,D,1,0,0,1,22350.0,1,34.43419,-119.85206,2
2011,2011-09-28,1916,9,3,19,3,N,B,N,A,H,C,D,22,W,09,A,,,Y,,C,Y,N,D,1,0,0,1,21801.0,2,34.44155468,-119.82849235,2
2011,2011-09-19,1430,9,3,14,1,Y,A,N,A,H,A,C,02,,03,F,,,Y,,A,N,N,D,1,0,0,1,22350.0,1,34.895602,-120.314643,3
2011,2011-10-01,2113,10,3,21,6,Y,A,N,A,H,D,-,- ,,01,C,,,,,E,Y,N,A,1,0,0,0,23152.0,2,34.94466,-120.44947,3
2011,2011-09-30,2200,9,3,22,5,N,C,Y,A,H,A,A,01,W,09,D,,,,,C,Y,N,A,2,0,0,0,21804.0,2,34.95305524,-120.41820575,2
2011,2011-09-30,15,9,3,0,5,N,A,N,A,H,C,-,- ,E,08,B,Y,,,,B,N,F,D,1,1,0,0,22107.0,2,,,4
2011,2011-09-27,857,9,3,8,2,Y,A,N,A,H,A,-,- ,,10,G,Y,,,,B,N,N,D,1,1,0,0,21950.0,2,,,4
2011,2011-09-30,1433,9,3,14,5,N,A,Y,A,H,A,-,- ,S,03,C,,,,,C,N,N,A,1,0,0,0,22350.0,2,34.9297083,-120.43596257,4
2011,2011-10-05,955,10,3,9,3,N,B,Y,B,H,A,D,22,S,08,E,,,,,I,Y,N,A,1,0,0,0,22107.0,1,34.40175295,-119.51807428,3
2011,2011-09-02,1458,9,3,14,5,N,A,N,A,H,A,A,01,E,09,D,,,,,C,Y,N,A,1,0,0,0,21804.0,2,34.43028484,-119.86777446,4
2011,2011-09-02,1019,9,3,10,5,Y,B,Y,A,H,A,A,01,,12,D,,,,,C,Y,N,A,5,0,0,0,21453.0,2,34.43903484,-119.83713243,3
2011,2011-10-05,739,10,3,7,3,N,C,Y,B,H,A,A,01,S,03,C,,,,,C,Y,N,A,2,0,0,0,22350.0,4,34.95631044,-120.43575647,4
2011,2011-09-29,700,9,3,7,4,N,A,N,A,H,A,D,22,E,21,C,,,,,C,N,N,A,1,0,0,0,22106.0,2,,,4
2011,2011-10-04,706,10,3,7,2,N,B,N,B,D,A,-,- ,N,08,D,,,,,C,Y,N,A,1,0,0,0,22101.0,2,34.42081008,-119.67768369,4
2011,2011-10-03,923,10,3,9,1,N,A,N,A,H,A,-,- ,S,08,B,,,,,C,Y,N,D,2,0,0,0,22107.0,2,34.42423603,-119.70297228,4
2011,2011-10-13,1256,10,3,12,4,N,A,N,A,H,A,-,- ,E,21,C,,,,,C,N,F,D,1,0,0,0,22106.0,3,34.42115953,-119.69995626,2
2011,2011-10-05,1520,10,3,15,3,N,B,Y,B,H,A,L,04,S,03,H,,Y,,,A,N,N,D,1,0,1,0,22350.0,1,34.38280884,-119.48347068,3
2011,2011-10-03,1350,10,3,13,1,N,A,Y,A,H,A,A,07,S,08,E,,,,,I,Y,N,D,1,0,0,0,22107.0,1,34.43791341,-119.84975699,3
2011,2011-10-02,1445,10,3,14,7,N,A,N,A,H,A,D,22,W,09,D,,,Y,,C,N,N,D,1,0,0,1,21804.0,2,34.44120141,-119.83178872,2
2011,2011-10-11,1545,10,3,15,2,Y,A,N,A,H,A,D,22,,12,D,,,,,C,Y,N,A,1,0,0,0,21453.0,2,34.43339,-119.854885,4
2011,2011-10-03,1225,10,3,12,1,N,A,Y,A,H,A,-,- ,S,03,C,,,,,C,N,N,A,2,0,0,0,22350.0,3,34.92955983,-120.43596257,4
2011,2011-10-03,2213,10,3,22,1,Y,C,N,B,H,C,-,- ,,01,H,,,,,J,Y,M,D,1,0,0,0,23152.0,1,34.98901,-120.45243,3
2011,2011-10-10,1819,10,3,18,1,N,B,Y,A,H,A,D,22,S,03,C,,,,,C,N,N,A,1,0,0,0,22350.0,3,34.65905636,-120.45758877,4
2011,2011-10-11,1527,10,3,15,2,Y,A,N,A,H,A,B,01,,09,D,,,,,C,Y,N,A,1,0,0,0,21801.0,2,34.65708,-120.45327,4
2011,2011-10-02,1827,10,3,18,7,N,A,N,A,H,A,A,01,W,03,C,,,,,C,Y,N,D,2,0,0,0,22350.0,2,34.64393396,-120.472264,3
2011,2011-09-06,731,9,3,7,2,N,A,N,A,H,A,A,07,N,08,F,,,,,I,Y,N,D,1,0,0,0,22107.0,1,34.40931245,-119.70415467,3
2011,2011-09-01,1345,9,3,13,4,N,A,N,A,H,A,-,- ,E,08,A,,,,,I,Y,N,D,2,0,0,0,22107.0,1,34.44042485,-119.74577777,3
2011,2011-09-03,618,9,3,6,6,N,B,N,A,H,B,-,- ,S,07,E,,,,,I,Y,N,A,1,0,0,0,21658.0,1,34.41309042,-119.69038241,4
2011,2011-09-12,1032,9,3,10,1,Y,A,N,A,H,A,-,- ,,08,D,,,,,C,N,N,A,1,0,0,0,22100.0,2,34.41991,-119.69451,3
2011,2011-09-08,841,9,3,8,4,N,A,N,A,H,A,-,- ,N,09,D,,,,,C,Y,N,D,1,0,0,0,21804.0,2,34.43674243,-119.72281057,4
2011,2011-09-09,1451,9,3,14,5,N,A,N,A,H,A,-,- ,S,17,H,,Y,,,G,N,N,D,1,0,1,0,22517.0,2,34.42542015,-119.69944806,3
2011,2011-09-06,726,9,3,7,2,Y,A,N,A,H,A,N,60,,11,G,Y,,,,B,N,N,D,1,1,0,0,21954.0,2,34.41237,-119.70481,3
2011,2011-09-05,1528,9,3,15,1,N,A,N,A,A,A,-,- ,N,18,H,,Y,,,-,N,N,A,1,0,1,0,,1,34.41408068,-119.69172547,3
2011,2011-09-01,802,9,3,8,4,N,B,Y,A,H,A,-,- ,S,10,G,Y,,,,B,N,N,D,1,1,0,0,21950.0,2,34.40158484,-119.72205241,4
2011,2011-09-03,2148,9,3,21,6,N,A,N,A,H,C,-,- ,S,00,H,,Y,,,A,N,N,D,1,0,1,0,,1,34.41535444,-119.69344919,4
2011,2011-09-02,45,9,3,0,5,Y,A,N,A,H,C,-,- ,,00,D,,,,,C,N,N,A,1,0,0,0,,2,34.41669,-119.69793,4
2011,2011-09-01,2342,9,3,23,4,N,B,N,A,H,C,-,- ,S,00,F,,Y,,,I,N,N,A,1,0,1,0,,1,34.42210381,-119.7026731,3
2011,2011-10-13,1602,10,3,16,4,N,A,N,A,H,A,L,04,N,05,D,,Y,,,G,Y,N,A,2,0,2,0,21650.0,3,,,3
2011,2011-10-09,2216,10,3,22,7,N,A,N,A,H,D,D,22,S,08,E,,,,,I,Y,N,A,1,0,0,0,22107.0,1,,,4
2011,2011-10-07,2053,10,3,20,5,Y,A,Y,A,H,D,A,01,,12,C,,,,,C,Y,N,A,1,0,0,0,22450.0,2,34.71312483,-120.48921256,3
2011,2011-10-01,749,10,3,7,6,N,A,N,A,H,A,A,01,E,03,C,,,,,C,Y,N,D,1,0,0,0,22350.0,2,34.67261918,-120.43349567,4
2011,2011-09-10,1430,9,3,14,6,Y,B,Y,A,H,A,A,08,,12,D,,,,,C,Y,N,A,1,0,0,0,21453.0,2,34.60661484,-120.09835145,4
2011,2011-10-13,1515,10,3,15,4,Y,A,N,A,H,A,A,01,,03,C,,,,,C,Y,N,A,1,0,0,0,22350.0,2,34.43996,-119.77098,4
2011,2011-10-04,643,10,3,6,2,N,B,Y,B,H,A,F,26,S,07,B,,,,Y,C,Y,N,D,2,0,0,0,21658.0,2,34.43427694,-119.74885668,2
2011,2011-10-14,1640,10,3,16,5,N,A,Y,A,D,A,D,22,N,03,C,,,,,C,Y,N,D,4,0,0,0,22350.0,4,34.42005111,-119.68069099,4
2011,2011-10-13,1050,10,3,10,4,N,A,N,A,H,A,A,01,E,09,D,,,,Y,C,Y,N,D,2,0,0,0,21804.0,2,,,2
2011,2011-10-18,1605,10,3,16,2,N,A,N,A,H,A,-,- ,N,18,F,,Y,,,A,N,N,D,2,0,2,0,,2,34.62966758,-120.08043666,2
2011,2011-10-04,1840,10,3,18,2,N,A,Y,A,H,B,A,07,S,08,F,,,,,I,Y,N,D,2,0,0,0,22107.0,1,34.43771176,-119.8517313,3
2011,2011-10-09,1350,10,3,13,7,Y,A,Y,A,H,A,A,01,,09,A,,,,,C,Y,N,D,1,0,0,0,21801.0,2,34.44658739,-119.72003917,3
2011,2011-10-12,2135,10,3,21,3,N,A,Y,A,H,C,A,01,N,08,F,,,,,I,Y,N,D,1,0,0,0,22107.0,1,34.41389525,-119.70441621,3
2011,2011-10-14,1545,10,3,15,5,N,A,Y,A,H,A,A,01,N,03,C,,,,,C,N,N,D,1,0,0,0,22350.0,2,34.44117328,-119.76011923,4
2011,2011-10-08,1524,10,3,15,6,Y,A,Y,A,H,A,A,01,,09,D,,,,,C,Y,N,A,3,0,0,0,21802.0,2,34.65053485,-120.09533249,3
2011,2011-10-14,1452,10,3,14,5,Y,A,Y,A,H,A,A,01,,09,D,,,,,C,Y,M,D,1,0,0,0,21802.0,2,34.38411485,-119.48405236,4
2011,2011-10-13,1817,10,3,18,4,N,A,Y,A,H,A,A,01,N,03,C,,,,,C,N,N,D,1,0,0,0,22350.0,2,34.43697244,-119.85785435,4
2011,2011-10-16,1713,10,3,17,7,N,A,Y,A,H,A,A,07,S,03,C,,,,,C,Y,N,D,2,0,0,0,22350.0,2,34.4216208,-119.61135596,4
2011,2011-10-16,2103,10,3,21,7,N,A,N,A,H,C,A,01,N,01,C,,,,,E,Y,N,A,1,0,0,0,23152.0,2,34.944679,-120.443788,4
2011,2011-10-14,1224,10,3,12,5,N,A,N,A,H,A,A,08,E,03,C,,,,,C,Y,N,D,1,0,0,0,22350.0,3,34.95280985,-120.40744183,4
2011,2011-10-17,1632,10,3,16,1,N,A,Y,A,H,A,A,01,N,03,C,,,,,C,Y,N,A,2,0,0,0,22350.0,3,34.42636485,-119.72419241,4
2011,2011-10-14,851,10,3,8,5,N,A,Y,A,H,A,D,22,E,12,D,,,,,C,Y,N,A,1,0,0,0,21453.0,2,34.93410037,-120.4361425,4
2011,2011-10-03,812,10,3,8,1,Y,A,N,A,H,A,L,04,,05,H,,Y,,,-,N,N,A,1,0,1,0,21650.0,1,34.93404,-120.43169,4
2011,2011-09-30,455,9,3,4,5,N,A,Y,A,H,D,A,08,W,08,E,,,,,I,Y,N,D,1,0,0,0,22107.0,1,34.47116225,-119.77813634,3
2011,2011-09-26,45,9,3,0,1,N,A,Y,A,H,D,A,01,E,03,C,,,,,C,Y,N,D,2,0,0,0,22350.0,2,34.61053555,-120.08118839,4
2011,2011-09-12,1215,9,3,12,1,N,A,Y,A,H,A,A,01,N,08,E,,,,,I,Y,N,D,1,0,0,0,22107.0,1,34.71892307,-120.49054655,4
2011,2011-09-25,1845,9,3,18,7,N,A,Y,A,H,A,A,01,S,08,E,,,,,I,Y,N,D,1,0,0,0,22107.0,1,34.64087279,-120.18569245,4
2011,2011-09-30,1534,9,3,15,5,Y,A,N,A,H,A,A,01,,05,A,,Y,,,G,Y,N,D,2,0,1,0,21650.0,2,34.61419,-120.1541,2
2011,2011-10-07,715,10,3,7,5,N,A,Y,A,H,A,A,01,S,03,C,,,,,C,N,M,D,1,0,0,0,22350.0,3,34.98025041,-120.43067019,4
2011,2011-10-08,655,10,3,6,6,N,A,Y,A,H,A,D,23,N,03,C,,,,,C,Y,N,D,1,0,0,0,22350.0,2,34.8517777,-120.45314784,4