ACCIDENT_YEAR,COLLISION_DATE,COLLISION_TIME,MONTH,SEASON,24HOURS,DAY_OF_WEEK,INTERSECTION,WEATHER_1,STATE_HWY_IND,ROAD_SURFACE,ROAD_COND_1,LIGHTING,STWD_VEHTYPE_AT_FAULT,CHP_VEHTYPE_AT_FAULT,DIRECTION,PCF_VIOL_CATEGORY,TYPE_OF_COLLISION,PEDESTRIAN_ACCIDENT,BICYCLE_ACCIDENT,MOTORCYCLE_ACCIDENT,TRUCK_ACCIDENT,MVIW,TOW_AWAY,HIT_AND_RUN,CONTROL_DEVICE,NUMBER_INJURED,COUNT_PED_INJURED,COUNT_BICYCLIST_INJURED,COUNT_MC_INJURED,PCF_VIOLATION,PARTY_COUNT,POINT_Y,POINT_X,COLLISION_SEVERITY
2011,2011-12-16,708,12,4,7,5,Y,A,N,A,H,A,A,08,,09,D,,,,,C,Y,N,D,1,0,0,0,21802.0,2,34.90151,-120.4277,4
2011,2011-12-15,1725,12,4,17,4,N,A,Y,A,H,B,A,01,W,03,C,,,,,C,Y,N,D,1,0,0,0,22350.0,2,34.86784485,-120.39856255,4
2012,2012-01-07,1625,1,4,16,6,N,A,N,A,H,A,A,07,W,08,F,,,,,A,Y,N,D,1,0,0,0,22107.0,1,34.87940763,-120.33078497,4
2012,2012-01-05,1212,1,4,12,4,N,A,N,A,H,A,A,01,N,08,E,,,,,I,Y,N,A,1,0,0,0,22107.0,1,34.86837932,-120.41610642,3
2012,2012-01-10,1355,1,4,13,2,Y,A,Y,A,H,A,C,02,,03,F,,,Y,,A,Y,N,D,1,0,0,1,22350.0,1,34.97933486,-120.43040257,4
2012,2012-01-01,435,1,4,4,7,Y,A,Y,A,H,C,-,- ,,01,D,,,,,C,Y,N,A,1,0,0,0,23152.0,2,34.94303342,-120.43608302,4
2012,2012-01-05,850,1,4,8,4,N,A,Y,A,H,A,A,07,S,03,C,,,,,C,Y,N,D,3,0,0,0,22350.0,4,34.43543831,-119.86531365,4
2012,2012-01-17,1256,1,4,12,2,Y,A,Y,A,H,A,A,01,,03,C,,,,,C,Y,N,A,1,0,0,0,22350.0,3,34.95437237,-120.43597793,4
2012,2012-01-20,1950,1,4,19,5,Y,C,Y,B,H,C,A,07,,03,C,,,,,C,Y,N,A,1,0,0,0,22350.0,2,34.97528007,-120.435639,4
2012,2012-01-21,1255,1,4,12,6,N,A,N,A,H,A,A,01,W,03,C,,,,,C,Y,F,D,1,0,0,0,22350.0,2,34.93846596,-120.42719267,4
2012,2012-01-15,1253,1,4,12,7,Y,A,N,A,H,A,A,01,,08,D,,,,,C,Y,N,D,3,0,0,0,22103.0,2,34.97056484,-120.44170261,3
2012,2012-01-03,1144,1,4,11,2,Y,A,Y,A,H,A,A,01,,03,C,,,,,C,Y,N,D,1,0,0,0,22350.0,2,34.94703431,-120.43603428,4
2012,2012-01-24,1807,1,4,18,2,Y,A,N,A,H,A,-,- ,,03,C,,,,,C,N,N,A,1,0,0,0,22350.0,2,34.95309492,-120.43155256,4
2012,2012-01-14,1321,1,4,13,6,N,A,Y,A,H,A,L,04,S,05,D,,Y,,,G,N,N,A,1,0,1,0,21202.0,2,34.95309486,-120.43882131,4
2012,2012-01-10,1854,1,4,18,2,Y,A,N,A,H,C,-,- ,,12,D,,,,,C,N,N,A,1,0,0,0,21453.0,2,34.96769492,-120.43119254,4
2012,2012-01-20,900,1,4,9,5,Y,B,N,A,H,A,F,26,,09,F,,,Y,Y,A,Y,N,A,1,0,0,1,21802.0,2,34.44233488,-119.77610237,3
2012,2012-01-25,1650,1,4,16,3,N,A,Y,A,H,A,A,01,E,03,C,,,,,C,,N,D,2,0,0,0,22350.0,2,34.61702415,-120.20261938,4
2012,2012-01-22,2315,1,4,23,7,N,B,Y,A,H,C,A,01,N,08,E,,,,,I,Y,N,A,1,0,0,0,22107.0,1,34.41720435,-119.69108611,4
2012,2012-01-17,850,1,4,8,2,N,A,Y,A,H,A,A,07,S,03,C,,,,,C,N,N,D,1,0,0,0,22350.0,2,34.4216458,-119.61158097,4
2012,2012-01-11,1100,1,4,11,3,Y,B,N,A,H,A,L,04,,12,H,,Y,,,G,N,N,A,1,0,1,0,21453.0,2,34.4173249,-119.85874236,3
2012,2012-01-29,1559,1,4,15,7,N,A,Y,A,H,A,D,22,W,21,C,,,,,C,Y,N,A,2,0,0,0,22106.0,2,34.44021484,-119.82591243,4
2012,2012-01-15,1840,1,4,18,7,N,A,N,A,B,D,D,22,N,03,F,,,,,A,Y,N,D,1,0,0,0,22350.0,1,34.97405513,-120.51147178,4
2012,2012-01-07,2116,1,4,21,6,N,A,N,A,H,C,A,01,N,01,B,,,,,E,Y,N,D,1,0,0,0,23152.0,5,34.44192296,-119.88838449,3
2012,2012-01-07,1555,1,4,15,6,N,A,N,A,H,A,A,01,S,07,B,,,,,C,N,N,D,1,0,0,0,21658.0,2,34.44248271,-119.83067472,4
2012,2012-01-02,159,1,4,1,1,N,A,N,A,H,C,A,01,N,01,E,,,,,I,Y,N,D,1,0,0,0,23152.0,2,34.4454132,-119.84523622,3
2012,2012-01-18,1645,1,4,16,3,N,A,N,A,H,A,M,47,W,08,D,,Y,,,G,N,N,D,1,0,1,0,22107.0,2,34.43485547,-119.8721351,2
2012,2012-01-16,1312,1,4,13,1,N,A,N,A,H,A,A,07,E,09,D,,,,,C,Y,N,D,1,0,0,0,21804.0,2,34.4302848,-119.86778777,4
2012,2012-01-13,806,1,4,8,5,N,A,N,A,H,A,A,01,E,10,G,Y,,,,B,N,N,A,1,1,0,0,21950.0,2,34.4007192,-119.52043379,3
2012,2012-01-13,1527,1,4,15,5,N,A,Y,A,H,A,A,08,S,09,D,,,,,C,Y,N,A,2,0,0,0,21801.0,2,34.39483485,-119.51033237,3
2012,2012-01-10,755,1,4,7,2,Y,A,Y,A,H,A,A,07,,09,D,,,,,C,Y,N,A,2,0,0,0,21802.0,2,34.71312483,-120.48921256,4
2012,2012-01-09,830,1,4,8,1,N,A,Y,A,H,A,A,01,N,03,E,,,,,I,Y,N,D,1,0,0,0,22350.0,1,34.44127485,-119.75842241,4
2012,2012-01-23,1420,1,4,14,1,N,B,Y,B,H,A,A,01,S,03,E,,,,,I,Y,N,D,1,0,0,0,22350.0,1,34.50320436,-120.22698512,4
2012,2012-01-09,1505,1,4,15,1,N,A,Y,A,H,A,A,01,E,01,E,,,,,I,Y,N,D,1,0,0,0,23152.0,1,34.43695058,-119.62643298,3
2012,2012-01-09,2344,1,4,23,1,N,A,Y,A,H,D,A,01,N,08,E,,,,,I,Y,N,D,3,0,0,0,22107.0,1,34.40362071,-119.52771563,3
2012,2012-01-01,1347,1,4,13,7,N,A,N,A,H,A,-,- ,S,00,H,,Y,,,J,N,N,D,1,0,1,0,,1,,,2
2011,2011-12-16,1118,12,4,11,5,Y,A,N,A,H,A,-,- ,,09,D,,,,,C,Y,N,A,1,0,0,0,21802.0,2,34.42162,-119.72,4
2011,2011-12-27,943,12,4,9,2,N,A,N,A,H,A,-,- ,W,03,C,,,,,C,Y,N,D,2,0,0,0,22350.0,3,34.4264125,-119.71931737,4
2012,2012-01-11,1828,1,4,18,3,N,A,N,A,H,C,-,- ,W,10,G,Y,,,,B,N,N,A,1,1,0,0,21950.0,2,34.4209507,-119.69341685,3
2011,2011-12-20,800,12,4,8,2,N,A,N,A,H,A,-,- ,E,10,G,Y,,,,B,N,N,A,1,1,0,0,21950.0,2,34.44038465,-119.74010264,4
2011,2011-12-16,1526,12,4,15,5,Y,A,N,A,H,A,-,- ,,00,B,,Y,,,G,N,F,A,1,0,1,0,,2,34.44042,-119.74669,3
2011,2011-12-20,1608,12,4,16,2,N,A,N,A,H,A,-,- ,N,08,D,,Y,,,G,N,N,D,1,0,1,0,22100.0,2,34.41606918,-119.69445096,4
2011,2011-12-25,1734,12,4,17,7,Y,A,N,A,H,C,A,01,,10,G,Y,,,,B,N,N,A,1,1,0,0,21950.0,2,34.44034,-119.73102,4
2011,2011-12-21,1200,12,4,12,3,Y,A,N,A,H,A,-,- ,,00,D,,,,,C,N,N,A,1,0,0,0,,2,34.43022,-119.73362,3
2011,2011-12-21,1246,12,4,12,3,Y,A,N,A,H,A,-,- ,,09,D,,,,,C,Y,N,D,1,0,0,0,21804.0,2,34.44037,-119.73812,4
2011,2011-12-20,1956,12,4,19,2,N,A,N,A,H,C,-,- ,S,09,D,,,,,C,Y,N,A,2,0,0,0,21801.0,2,34.43988831,-119.7342358,4
2011,2011-12-18,30,12,4,0,7,N,A,N,A,H,C,-,- ,S,00,G,Y,,,,B,N,F,D,1,1,0,0,,2,34.42866426,-119.69111619,2
2011,2011-12-20,1234,12,4,12,2,Y,A,N,A,H,A,-,- ,,10,B,Y,,,,B,N,N,A,1,1,0,0,21950.0,2,34.42542,-119.70457,3
2011,2011-11-24,1215,11,3,12,4,N,A,N,A,H,A,-,- ,S,00,E,,,,,I,Y,N,D,1,0,0,0,,1,34.42058098,-119.64651989,4
2012,2012-01-11,1132,1,4,11,3,N,A,N,A,H,A,N,60,,11,G,Y,,,,B,N,N,A,1,1,0,0,21950.0,2,34.43600488,-119.8291224,3
2011,2011-12-26,1017,12,4,10,1,N,A,N,A,H,A,A,01,S,08,C,,,,,E,Y,N,D,1,0,0,0,22107.0,3,34.44576679,-119.81855915,4
2011,2011-12-14,1840,12,4,18,3,Y,A,N,A,H,C,D,22,,03,C,,,,,C,N,N,D,1,0,0,0,22350.0,3,34.43618,-119.83071,4
2011,2011-12-19,1712,12,4,17,1,N,A,N,A,H,C,D,22,W,09,A,,,,,C,Y,N,D,1,0,0,0,21801.0,2,34.44121837,-119.82308423,4
2012,2012-01-02,1317,1,4,13,1,N,A,N,A,H,A,D,22,S,03,C,,,,,C,N,N,D,1,0,0,0,22350.0,2,34.4350256,-119.8169399,4
2012,2012-01-10,1827,1,4,18,2,N,A,N,A,H,D,D,22,E,09,G,Y,,,,B,N,N,D,1,1,0,0,21804.0,2,34.59446773,-120.14489097,2
2011,2011-12-05,900,12,4,9,1,N,A,N,A,H,A,-,- ,S,03,A,,,,,C,Y,N,D,1,0,0,0,22350.0,2,34.42457275,-119.6726786,4
2011,2011-12-22,1830,12,4,18,4,N,A,N,A,H,C,-,- ,N,03,C,,,,,C,N,N,A,1,0,0,0,22350.0,3,34.42833346,-119.71126333,4
2011,2011-12-29,1848,12,4,18,4,Y,A,N,A,H,C,A,01,,03,C,,,,,C,Y,N,A,1,0,0,0,22350.0,2,34.4391,-119.80876,4
2011,2011-12-28,1530,12,4,15,3,N,A,N,A,H,A,C,02,W,03,F,,,Y,,A,N,N,D,1,0,0,1,22350.0,1,34.44158804,-119.82900117,3
2012,2012-01-14,1645,1,4,16,6,N,A,Y,A,H,A,A,01,S,09,A,,,,,D,Y,N,A,2,0,0,0,21801.0,2,34.94852903,-120.43599738,4
2012,2012-01-13,1130,1,4,11,5,N,A,Y,A,H,A,-,- ,E,09,D,,,,,C,Y,N,D,2,0,0,0,21801.0,2,34.9532945,-120.45957662,3
2012,2012-01-11,823,1,4,8,3,Y,A,N,A,H,A,-,- ,,09,D,,,,,C,Y,N,A,2,0,0,0,21802.0,2,34.9632949,-120.40334249,4
2012,2012-01-15,2301,1,4,23,7,Y,A,N,A,H,C,A,01,,01,D,,,,,C,Y,N,A,1,0,0,0,23153.0,3,34.9445549,-120.4426625,4
2012,2012-01-07,1342,1,4,13,6,Y,A,N,A,H,A,A,01,,12,D,,,,,D,Y,N,A,1,0,0,0,21453.0,3,34.93876485,-120.4538225,4
2012,2012-01-07,1038,1,4,10,6,-,A,N,A,H,A,-,- ,,21,D,,,,,C,N,N,D,1,0,0,0,22106.0,2,34.97078491,-120.41356249,4
2012,2012-01-06,1611,1,4,16,5,N,A,Y,A,H,A,-,- ,S,03,C,,,,,C,Y,N,A,3,0,0,0,22350.0,2,34.9443447,-120.43607364,4
2012,2012-01-10,1222,1,4,12,2,N,A,N,A,H,A,C,02,E,03,C,,,Y,,C,N,N,D,1,0,0,1,22350.0,2,34.92482459,-120.43774928,4
2011,2011-12-29,1934,12,4,19,4,Y,A,N,A,H,C,-,- ,,12,D,,,,,C,Y,N,A,1,0,0,0,21453.0,2,,,4
2011,2011-12-26,1545,12,4,15,1,Y,A,Y,A,H,A,-,- ,,12,D,,,,,C,Y,N,A,2,0,0,0,21453.0,2,34.92076485,-120.43594257,4
2012,2012-01-16,850,1,4,8,1,N,A,Y,A,H,A,D,22,S,07,E,,,,,I,N,N,D,1,0,0,0,21658.0,2,34.42133242,-119.62747187,4
2012,2012-01-06,1619,1,4,16,5,N,A,Y,A,H,A,D,22,S,03,C,,,,,C,Y,N,C,1,0,0,0,22350.0,2,34.41984113,-119.67339583,4
2012,2012-01-15,745,1,4,7,7,N,A,Y,A,H,A,D,22,,08,F,,,,,A,Y,N,D,1,0,0,0,22107.0,1,34.46151879,-120.08479129,4
2012,2012-01-06,2123,1,4,21,5,N,E,Y,A,H,C,D,22,S,08,F,,,,Y,I,Y,N,D,3,0,0,0,22107.0,2,34.98061632,-120.4312225,3
2011,2011-12-31,1019,12,4,10,6,N,A,N,A,H,A,-,- ,N,- ,B,,,,,C,N,M,D,1,0,0,0,,2,34.92630342,-120.44055819,4
2012,2012-01-18,1347,1,4,13,3,N,A,N,A,H,A,-,- ,N,05,B,,,,,C,Y,N,D,1,0,0,0,21650.0,2,34.94579572,-120.48977615,4
2012,2012-01-14,1828,1,4,18,6,Y,A,N,A,H,C,A,01,,09,B,,,,,C,N,F,D,3,0,0,0,21801.0,3,34.96773491,-120.44011257,4
2011,2011-11-25,2235,11,3,22,5,N,A,N,A,H,D,A,01,S,03,E,,,,,I,Y,N,D,4,0,0,0,22350.0,1,,,4
2011,2011-12-30,800,12,4,8,5,Y,E,Y,B,H,A,A,08,,03,E,,,,,I,Y,N,A,2,0,0,0,22350.0,1,34.99629828,-120.43465497,2
2011,2011-11-17,1430,11,3,14,4,N,A,Y,A,H,A,A,01,W,03,E,,,,,I,Y,N,A,1,0,0,0,22350.0,1,34.39528249,-119.455855,3
2011,2011-12-23,1715,12,4,17,5,N,A,Y,A,H,B,A,01,N,08,E,,,,,I,Y,N,D,1,0,0,0,22107.0,1,34.46219483,-120.07836247,3
2011,2011-12-30,857,12,4,8,5,N,A,Y,A,D,A,A,01,S,08,E,,,,,I,Y,N,A,1,0,0,0,22107.0,1,34.470597,-120.11494917,4
2011,2011-12-28,1555,12,4,15,3,N,A,Y,A,H,A,C,02,N,03,C,,,Y,,C,N,N,D,2,0,0,1,22350.0,2,34.42572178,-119.72072763,4
2011,2011-12-22,1520,12,4,15,4,N,A,Y,A,H,A,A,01,S,03,C,,,,,C,N,N,D,1,0,0,0,22350.0,3,34.42228132,-119.63120414,4
2011,2011-12-24,650,12,4,6,6,N,A,N,A,H,A,-,99,W,08,C,,,,,E,Y,M,A,1,0,0,0,22107.0,2,34.44050889,-119.76045403,4
2011,2011-12-10,424,12,4,4,6,N,A,Y,A,H,C,A,01,N,08,F,,,,,I,Y,N,D,1,0,0,0,22107.0,1,34.40584485,-119.5419998,2
2011,2011-12-22,604,12,4,6,4,N,A,Y,A,H,D,A,08,N,16,F,,,,,I,Y,N,D,1,0,0,0,24002.0,1,34.4215086,-119.61782412,4
2011,2011-12-28,740,12,4,7,3,N,A,Y,A,H,A,A,01,W,03,C,,,,,C,Y,N,D,1,0,0,0,22350.0,2,34.52682151,-119.83564823,4
2012,2012-01-11,1505,1,4,15,3,N,A,N,A,H,A,D,22,W,03,C,,,,,C,Y,N,D,1,0,0,0,22350.0,2,34.88305551,-120.42827594,4
2012,2012-01-07,1330,1,4,13,6,N,A,Y,A,H,A,E,22,E,08,F,,,,,A,Y,N,D,2,0,0,0,22107.0,1,35.04714878,-120.18351155,4
2012,2012-01-14,435,1,4,4,6,N,A,Y,A,H,D,D,22,W,08,E,,,,,I,Y,N,D,1,0,0,0,22107.0,1,34.99972918,-119.81805598,3
2011,2011-12-24,1307,12,4,13,6,N,A,Y,A,H,A,-,- ,N,03,C,,,,,C,Y,N,D,1,0,0,0,22350.0,2,34.93162635,-120.43594257,4
2011,2011-12-10,215,12,4,2,6,N,A,N,A,H,C,D,22,W,01,A,,,,,E,Y,M,D,1,0,0,0,23152.0,2,,,3
2011,2011-12-21,920,12,4,9,3,N,A,Y,A,D,A,D,22,N,03,C,,,,,C,Y,N,A,3,0,0,0,22350.0,3,34.40355325,-119.52828739,3
2011,2011-12-27,1715,12,4,17,2,N,A,Y,A,H,B,A,01,S,03,C,,,,,C,Y,N,D,1,0,0,0,22350.0,2,34.43474558,-119.86882462,4
2011,2011-12-22,1230,12,4,12,4,Y,A,Y,A,H,A,A,01,,08,B,,,,Y,C,Y,N,D,1,0,0,0,22107.0,2,34.44191631,-119.80718258,4
2011,2011-12-13,1205,12,4,12,2,Y,A,Y,A,H,A,D,22,,03,C,,,,,C,N,N,A,1,0,0,0,22350.0,2,34.43613626,-119.60197222,4
2011,2011-12-10,1500,12,4,15,6,Y,B,N,A,H,A,A,01,,12,D,,,,,C,Y,N,A,2,0,0,0,22450.0,2,34.65345,-120.46659,4
2011,2011-12-31,1147,12,4,11,6,N,A,Y,A,H,A,A,01,N,03,C,,,,,C,Y,N,A,2,0,0,0,22350.0,2,34.65946803,-120.45773128,4
2011,2011-12-18,1408,12,4,14,7,Y,A,Y,A,H,A,A,01,,03,C,,,,,C,N,F,A,1,0,0,0,22350.0,2,34.65497266,-120.45776486,4
2012,2012-01-11,1841,1,4,18,3,N,A,Y,A,H,C,A,07,W,03,C,,,,,C,Y,N,A,1,0,0,0,22350.0,2,34.59539636,-120.1468596,4
2012,2012-01-12,1535,1,4,15,4,N,A,N,A,H,A,L,04,S,05,D,,Y,,,G,N,N,D,1,0,1,0,21202.0,2,34.9528442,-120.44933996,3
2012,2012-01-06,1211,1,4,12,5,N,A,N,A,H,A,D,22,E,03,C,,,,,C,N,N,A,1,0,0,0,22350.0,2,34.93870441,-120.44954594,4
2012,2012-01-05,1639,1,4,16,4,N,A,Y,A,H,A,D,22,N,- ,C,,,,,C,N,N,A,1,0,0,0,,2,34.95006599,-120.43598574,4
2011,2011-12-26,1131,12,4,11,1,N,A,Y,A,H,A,-,,E,03,C,,,,,C,N,N,A,1,0,0,0,22350.0,3,34.59599484,-120.1384032,4
2011,2011-12-10,1300,12,4,13,6,N,A,N,A,H,A,A,08,W,- ,E,,,,,I,Y,N,A,2,0,0,0,,1,,,4
2011,2011-12-10,305,12,4,3,6,N,A,Y,A,H,C,A,01,S,08,G,Y,,,,B,N,F,D,1,1,0,0,22107.0,2,34.68204692,-120.45855616,3
2011,2011-12-13,630,12,4,6,2,N,A,Y,A,H,A,A,01,S,03,E,,,,,I,Y,N,D,3,0,0,0,22350.0,1,34.47352084,-120.22501067,3
2011,2011-12-30,2330,12,4,23,5,N,A,Y,A,H,D,A,01,N,08,F,,,,,I,Y,N,D,1,0,0,0,22107.0,1,34.41427104,-119.55761821,4
2011,2011-12-31,1252,12,4,12,6,Y,A,Y,A,H,A,A,07,,03,C,,,,,A,N,N,A,1,0,0,0,22350.0,2,34.666728,-120.45759255,4
2011,2011-12-24,1407,12,4,14,6,Y,A,Y,A,H,A,A,07,,09,D,,,,,C,Y,N,D,3,0,0,0,21804.0,2,34.40739992,-119.51228853,3
2011,2011-12-27,2145,12,4,21,2,N,A,Y,A,H,D,G,25,E,08,E,,,,Y,I,Y,N,D,4,0,0,0,22107.0,2,34.56167845,-119.92133804,2
2012,2012-01-31,850,1,4,8,2,N,A,N,A,H,A,F,26,E,08,E,,,,Y,I,Y,N,D,1,0,0,0,22107.0,1,34.90856475,-120.34232974,4
2012,2012-01-04,1226,1,4,12,3,Y,A,Y,A,H,A,-,- ,,09,D,,,,,C,Y,N,D,2,0,0,0,21802.0,2,34.40215292,-119.72478472,4
2012,2012-01-26,830,1,4,8,4,N,A,Y,A,H,A,D,22,S,03,C,,,,,C,N,N,A,1,0,0,0,22350.0,3,34.40878898,-119.54999738,4
2012,2012-01-29,1125,1,4,11,7,N,A,Y,A,H,A,D,22,S,03,C,,,,,C,Y,N,A,1,0,0,0,22350.0,2,34.43601484,-119.86276243,3
2012,2012-01-03,1542,1,4,15,2,Y,A,N,A,H,A,A,01,,09,D,,,,,C,N,N,A,3,0,0,0,21801.0,2,34.41480483,-119.71067243,3
2012,2012-01-04,1230,1,4,12,3,Y,A,N,A,H,A,-,- ,,10,G,Y,,,,B,N,N,A,1,1,0,0,21950.0,2,34.41669489,-119.69794233,4
2012,2012-01-01,243,1,4,2,7,N,E,N,B,H,C,-,- ,S,00,G,Y,,,,B,N,N,A,1,1,0,0,,2,,,2
2012,2012-01-10,851,1,4,8,2,N,A,N,A,H,A,-,- ,E,03,H,,,,,J,Y,N,D,1,0,0,0,22350.0,1,34.44147982,-119.75816752,3
2012,2012-01-08,1145,1,4,11,7,Y,A,N,A,H,A,-,- ,,12,D,,,,,C,Y,N,D,2,0,0,0,21453.0,2,34.41885492,-119.69564243,3
2012,2012-01-07,1530,1,4,15,6,N,A,N,A,H,A,-,- ,E,09,D,,,,,C,Y,N,D,1,0,0,0,21804.0,2,34.42883584,-119.68497852,3
2012,2012-01-08,2030,1,4,20,7,Y,A,N,A,H,D,-,- ,,00,H,,Y,,,G,N,F,A,1,0,1,0,,2,34.41459489,-119.70017232,2
2012,2012-01-05,1655,1,4,16,4,N,A,N,A,H,A,-,- ,E,08,B,,,,,E,N,N,D,1,0,0,0,22107.0,2,34.41085184,-119.70190443,4
2012,2012-01-05,756,1,4,7,4,Y,A,N,A,H,A,-,- ,,10,G,Y,,,,B,N,N,D,1,1,0,0,21950.0,2,34.44258486,-119.72737238,3
2012,2012-01-08,114,1,4,1,7,N,A,N,A,H,C,-,- ,E,01,H,,,,,E,Y,N,A,1,0,0,0,23152.0,2,34.42006016,-119.69661437,4
2012,2012-01-02,1850,1,4,18,1,N,A,N,A,H,C,-,- ,E,08,C,,,,,E,Y,N,D,1,0,0,0,22107.0,2,34.42448316,-119.70787707,4
2012,2012-01-25,1252,1,4,12,3,N,A,N,A,H,A,D,22,,03,C,,,,,C,N,N,A,2,0,0,0,22350.0,3,,,4
2012,2012-02-08,1300,2,4,13,3,Y,A,N,A,H,A,A,01,,12,D,,,,,C,Y,N,A,1,0,0,0,21453.0,2,34.88963488,-120.42042256,2
2012,2012-01-14,730,1,4,7,6,N,A,Y,A,H,A,-,- ,S,18,F,,,,,A,Y,N,D,2,0,0,0,,1,34.85959856,-120.3914205,4
2012,2012-02-13,1226,2,4,12,1,Y,A,N,A,H,A,A,01,,09,D,,,,,C,Y,N,D,1,0,0,0,21801.0,2,34.4302849,-119.8681224,3
2012,2012-02-06,145,2,4,1,1,N,A,Y,A,H,D,D,22,S,01,E,,,,,I,Y,N,A,2,0,0,0,23152.0,1,34.44106484,-119.76714242,3
2012,2012-02-17,2115,2,4,21,5,N,A,Y,A,H,C,D,22,W,08,A,,,,,I,N,N,D,1,0,0,0,22107.0,1,34.41864411,-119.64147175,4
2012,2012-02-20,1331,2,4,13,1,N,B,Y,A,H,A,D,22,S,04,C,,,,,C,Y,N,D,3,0,0,0,21703.0,3,34.42129712,-119.62731817,2
2012,2012-02-01,1542,2,4,15,3,Y,A,N,A,H,A,-,- ,,03,C,,,,,C,Y,N,A,2,0,0,0,22350.0,2,34.44034483,-119.73059244,3
2012,2012-02-06,1544,2,4,15,1,N,B,N,A,H,A,-,- ,E,03,C,,,,,C,Y,N,A,1,0,0,0,22350.0,3,34.41738196,-119.70633064,4
2012,2012-02-06,1438,2,4,14,1,Y,B,N,A,H,A,L,04,,12,D,,Y,,,G,N,N,D,1,0,1,0,22450.0,2,34.42376486,-119.69719235,3
2012,2012-02-01,2049,2,4,20,3,N,A,N,A,H,C,-,- ,W,08,C,,,,,E,Y,N,D,1,0,0,0,22107.0,2,34.44421109,-119.75777213,3
2012,2012-02-01,1103,2,4,11,3,N,A,N,A,H,A,-,- ,N,10,G,Y,,,,-,N,N,A,1,1,0,0,21950.0,2,34.42273487,-119.6983297,4
2012,2012-02-02,640,2,4,6,4,N,A,N,A,H,C,L,04,S,09,D,,Y,,,G,N,N,A,1,0,1,0,21804.0,2,34.42296785,-119.66789249,3
2012,2012-02-01,1649,2,4,16,3,Y,A,N,A,H,B,-,- ,,09,D,,Y,,,G,N,N,A,1,0,1,0,21802.0,2,34.42152493,-119.63991232,4
2012,2012-01-23,1526,1,4,15,1,Y,A,N,A,H,A,-,- ,,00,B,,,,,C,Y,N,A,2,0,0,0,,2,34.4157649,-119.69667235,4
2012,2012-01-24,1812,1,4,18,2,N,A,N,A,H,C,-,- ,W,03,C,,,,,C,Y,N,D,1,0,0,0,22350.0,5,34.40943812,-119.69876298,4
2012,2012-01-10,1230,1,4,12,2,N,A,Y,A,H,A,-,- ,N,18,E,,,,,I,N,N,D,1,0,0,0,,1,34.72594929,-120.22202067,4
2012,2012-01-24,1538,1,4,15,2,Y,A,N,A,H,A,-,- ,,03,C,,,,,C,Y,N,A,1,0,0,0,22350.0,2,34.92254487,-120.43135251,4
2012,2012-01-24,1512,1,4,15,2,N,A,N,A,H,A,A,01,S,08,E,,,,,I,Y,N,A,1,0,0,0,22107.0,1,34.90862875,-120.45423262,4
2012,2012-01-16,950,1,4,9,1,N,A,N,A,H,A,A,01,S,21,D,,Y,,,G,N,N,A,1,0,1,0,22106.0,2,34.89801054,-120.42479116,4
2012,2012-01-08,2050,1,4,20,7,N,A,Y,A,H,D,A,08,N,08,F,,,,,A,Y,N,D,1,0,0,0,22107.0,1,34.73642761,-120.25300732,3
2012,2012-01-27,1127,1,4,11,5,Y,A,N,A,H,A,A,01,,09,D,,,,,C,Y,N,A,2,0,0,0,21802.0,2,34.9278,-120.4495,3
2012,2012-02-13,1810,2,4,18,1,Y,B,Y,B,H,C,-,- ,,12,D,,,,,D,N,N,A,2,0,0,0,21453.0,2,34.92986165,-120.43613258,4
2012,2012-02-10,1625,2,4,16,5,N,A,Y,A,H,A,D,22,E,03,C,,,,,C,N,N,A,1,0,0,0,22350.0,3,34.59929506,-120.12729498,4
2012,2012-02-08,1148,2,4,11,3,N,A,Y,A,H,A,D,22,N,08,E,,,,,I,Y,N,D,1,0,0,0,22107.0,1,34.41603418,-119.56053323,4
2012,2012-01-16,1525,1,4,15,1,N,A,Y,A,H,A,A,01,W,09,D,,,,,C,Y,N,A,1,0,0,0,21804.0,2,34.60664484,-120.09995695,3
2012,2012-02-05,1805,2,4,18,7,N,A,N,A,H,C,-,- ,N,08,D,,,,,C,Y,N,D,2,0,0,0,22107.0,2,,,3
2012,2012-02-07,1944,2,4,19,2,Y,A,N,A,H,B,-,- ,,01,C,,,,,C,Y,N,D,2,0,0,0,23152.0,2,34.95287482,-120.41211255,4
2012,2012-02-02,1343,2,4,13,4,Y,A,Y,A,H,A,-,- ,,- ,B,,,,,C,Y,N,A,1,0,0,0,,2,34.91291252,-120.43584257,4
2012,2012-02-03,839,2,4,8,5,N,A,N,A,H,A,C,02,N,04,H,,,Y,,A,Y,N,D,1,0,0,1,21703.0,2,34.95377225,-120.44396783,3
2012,2012-02-23,1140,2,4,11,4,N,A,N,A,H,A,D,22,S,06,C,,Y,,,G,N,N,D,1,0,1,0,21750.0,3,34.84361602,-120.4512256,3
2012,2012-02-12,1310,2,4,13,7,N,A,N,A,H,A,A,01,W,03,C,,,,,C,Y,N,A,1,0,0,0,22350.0,2,34.86497824,-120.41903242,4
2012,2012-02-04,1731,2,4,17,6,Y,A,N,A,H,A,A,01,,01,D,,,,,C,Y,N,D,3,0,0,0,23153.0,2,34.86505491,-120.40930258,4
2012,2012-02-06,1635,2,4,16,1,Y,A,N,A,H,A,A,07,,09,D,,,,,C,Y,N,A,1,0,0,0,21802.0,2,34.89451492,-120.4360926,4
2012,2012-02-01,2226,2,4,22,3,N,A,Y,A,H,D,-,99,N,03,C,,,,,C,N,F,D,1,0,0,0,22350.0,2,34.89564654,-120.41834585,4
2012,2012-01-11,1534,1,4,15,3,N,A,N,A,H,A,A,01,W,04,C,,,,,C,N,N,D,1,0,0,0,21703.0,2,34.65022479,-120.46195997,4