ACCIDENT_YEAR,COLLISION_DATE,COLLISION_TIME,MONTH,SEASON,24HOURS,DAY_OF_WEEK,INTERSECTION,WEATHER_1,STATE_HWY_IND,ROAD_SURFACE,ROAD_COND_1,LIGHTING,STWD_VEHTYPE_AT_FAULT,CHP_VEHTYPE_AT_FAULT,DIRECTION,PCF_VIOL_CATEGORY,TYPE_OF_COLLISION,PEDESTRIAN_ACCIDENT,BICYCLE_ACCIDENT,MOTORCYCLE_ACCIDENT,TRUCK_ACCIDENT,MVIW,TOW_AWAY,HIT_AND_RUN,CONTROL_DEVICE,NUMBER_INJURED,COUNT_PED_INJURED,COUNT_BICYCLIST_INJURED,COUNT_MC_INJURED,PCF_VIOLATION,PARTY_COUNT,POINT_Y,POINT_X,COLLISION_SEVERITY
2012,2012-02-23,1151,2,4,11,4,Y,A,N,A,H,A,-,- ,,03,C,,,,,C,N,F,-,1,0,0,0,22350.0,3,34.93410487,-120.43614252,4
2012,2012-02-29,1518,2,4,15,3,N,B,N,A,H,A,-,- ,N,08,D,,,,,C,Y,N,A,1,0,0,0,22107.0,2,34.94758678,-120.44043564,4
2012,2012-02-15,1710,2,4,17,3,Y,A,N,A,H,A,L,04,,11,D,,Y,,,B,N,N,A,1,0,1,0,21950.0,2,34.96985485,-120.43573261,3
2012,2012-02-18,1433,2,4,14,6,Y,A,N,A,H,A,A,01,,12,D,,,,,C,Y,N,A,2,0,0,0,21453.0,2,34.92359493,-120.42513247,4
2012,2012-02-22,2200,2,4,22,3,Y,A,N,A,H,C,-,- ,,05,B,,Y,,,G,N,N,D,1,0,1,0,21650.0,2,34.95534484,-120.4359425,3
2012,2012-02-21,1702,2,4,17,2,Y,A,N,A,H,A,-,99,,08,D,,Y,,,G,N,F,A,1,0,1,0,22107.0,2,34.42197491,-119.71281244,3
2012,2012-02-06,1512,2,4,15,1,Y,A,N,A,H,A,-,- ,,09,D,,,,,C,Y,N,D,1,0,0,0,21802.0,2,34.43167486,-119.72065238,3
2012,2012-02-21,1640,2,4,16,2,Y,B,N,A,H,B,-,- ,,09,D,,,,,A,Y,N,A,2,0,0,0,21802.0,2,34.42023484,-119.70785234,4
2012,2012-02-21,919,2,4,9,2,N,A,N,A,H,A,-,- ,S,00,B,,,,,C,N,N,D,1,0,0,0,,2,34.42083084,-119.70867186,4
2012,2012-02-19,105,2,4,1,7,N,A,N,A,H,C,-,- ,E,00,B,,,,,C,Y,F,A,1,0,0,0,,2,34.41878275,-119.69798012,4
2012,2012-02-26,953,2,4,9,7,N,A,N,A,H,A,-,- ,N,09,D,,,,,C,Y,N,D,1,0,0,0,21804.0,3,34.42502067,-119.68091785,4
2012,2012-02-22,1312,2,4,13,3,Y,A,Y,A,H,A,-,- ,,09,B,,,,,C,Y,N,A,3,0,0,0,21801.0,2,34.45056557,-119.73816272,3
2012,2012-02-25,2500,2,4,25,6,N,A,N,A,H,C,-,- ,E,00,G,Y,,,,B,N,F,D,1,1,0,0,,2,34.42452725,-119.72127762,2
2012,2012-02-22,1237,2,4,12,3,Y,A,Y,A,H,A,-,- ,,03,B,,,,,C,Y,N,A,2,0,0,0,22350.0,3,34.4070157,-119.69941494,3
2012,2012-02-25,1350,2,4,13,6,N,A,N,A,H,A,-,- ,N,03,C,,,,,C,Y,N,D,2,0,0,0,22350.0,2,34.41905154,-119.71648482,3
2012,2012-02-24,1820,2,4,18,5,Y,A,N,A,H,C,L,04,,09,D,,Y,,,G,N,F,A,1,0,1,0,21800.0,2,34.42221483,-119.70801234,3
2012,2012-02-28,1321,2,4,13,2,N,A,N,A,H,A,-,- ,S,00,C,Y,,,,B,N,F,D,1,1,0,0,,2,34.4349295,-119.70947017,3
2012,2012-02-14,1635,2,4,16,2,Y,A,N,A,H,A,L,04,,09,D,,Y,,,G,N,N,D,1,0,1,0,21800.0,2,,,2
2012,2012-02-19,222,2,4,2,7,N,C,Y,A,H,A,A,01,S,01,E,,,,,I,Y,N,A,1,0,0,0,23152.0,1,34.43238485,-119.74607241,3
2012,2012-02-19,1550,2,4,15,7,N,A,N,A,H,A,C,02,E,08,F,,,Y,,A,Y,N,D,1,0,0,1,22107.0,2,34.42131057,-119.62664123,3
2012,2012-02-24,1054,2,4,10,5,N,B,N,A,H,A,A,01,E,08,E,,,,,I,Y,N,D,1,0,0,0,22107.0,1,34.42332782,-119.60695017,3
2012,2012-02-26,1402,2,4,14,7,N,A,N,A,A,A,-,- ,S,00,C,,,,,C,N,F,D,1,0,0,0,,2,,,4
2012,2012-01-27,1405,1,4,14,5,N,A,N,A,H,A,A,07,S,09,D,,,,,C,Y,N,D,2,0,0,0,21804.0,2,34.62819311,-120.45967218,3
2012,2012-03-14,1252,3,1,12,3,Y,A,Y,A,H,A,A,01,,12,D,,,,,C,Y,N,A,1,0,0,0,21453.0,2,34.90913601,-120.43587256,2
2012,2012-03-02,448,3,1,4,5,N,A,N,A,H,D,A,01,N,12,F,,,,,A,Y,N,A,2,0,0,0,22450.0,1,,,3
2012,2012-03-03,1450,3,1,14,6,N,A,Y,A,H,A,A,07,N,08,F,,,,,A,Y,N,D,3,0,0,0,22107.0,1,34.7739415,-120.30965081,2
2012,2012-03-20,1320,3,1,13,2,N,A,Y,A,H,A,D,22,S,03,E,,,,,I,Y,N,A,1,0,0,0,22350.0,2,34.43238485,-119.74607241,3
2012,2012-03-13,1700,3,1,17,2,N,A,Y,A,H,A,D,22,N,03,C,,,,,C,Y,N,D,1,0,0,0,22350.0,2,34.42651533,-119.7250402,4
2012,2012-03-14,810,3,1,8,3,N,A,Y,A,H,A,D,23,S,03,C,,,,,C,Y,N,D,2,0,0,0,22350.0,3,34.44146484,-119.80259242,4
2012,2012-03-10,1639,3,1,16,6,N,A,Y,A,H,A,A,01,N,01,C,,,,,C,Y,M,D,2,0,0,0,23152.0,2,34.42196555,-119.71551656,3
2012,2012-03-14,750,3,1,7,3,N,A,Y,A,H,A,D,22,S,03,C,,,,,C,Y,N,D,1,0,0,0,22350.0,2,34.44156736,-119.80474072,3
2012,2012-03-14,915,3,1,9,3,N,A,Y,A,H,A,D,22,W,03,C,,,,,C,Y,N,D,1,0,0,0,22350.0,2,34.43657613,-119.63725895,4
2012,2012-02-23,821,2,4,8,4,N,A,Y,A,D,A,A,01,E,03,C,,,,,C,,N,A,1,0,0,0,22350.0,3,34.61290058,-120.19208447,4
2012,2012-03-17,1744,3,1,17,6,N,C,Y,B,H,A,-,- ,N,03,C,,,,,C,N,N,A,1,0,0,0,22350.0,2,34.42312485,-119.71710241,4
2012,2012-03-10,1651,3,1,16,6,N,A,N,A,H,A,L,04,W,05,D,,Y,,,G,N,N,A,1,0,1,0,21202.0,2,34.92383439,-120.43181928,4
2012,2012-03-20,733,3,1,7,2,N,A,Y,A,H,B,A,01,W,03,C,,,,,C,Y,N,A,3,0,0,0,22350.0,3,34.8795135,-120.43670941,4
2012,2012-03-01,1417,3,1,14,4,Y,A,N,A,H,A,L,04,,09,D,,Y,,,G,N,N,D,1,0,1,0,21804.0,2,34.97671,-120.42193,2
2012,2012-03-19,1806,3,1,18,1,Y,A,Y,A,H,A,-,- ,,12,D,,,,,C,Y,N,A,2,0,0,0,21453.0,2,34.95305164,-120.41781875,4
2012,2012-03-20,1601,3,1,16,2,N,B,Y,A,H,A,A,01,S,03,C,,,,,C,Y,N,D,1,0,0,0,22350.0,2,34.93712478,-120.4359335,4
2012,2012-03-13,1556,3,1,15,2,N,A,N,A,H,A,-,- ,E,21,A,,,,,C,Y,N,D,1,0,0,0,22106.0,2,34.91663034,-120.43460281,3
2012,2012-03-03,1325,3,1,13,6,N,A,N,A,H,A,A,07,W,09,D,,Y,,,G,N,N,D,1,0,1,0,21801.0,2,34.41680315,-119.64080252,3
2012,2012-02-12,1644,2,4,16,7,N,A,N,A,H,B,A,07,E,03,C,,,,,C,N,N,A,1,0,0,0,22350.0,2,34.43667982,-119.78949989,3
2012,2012-02-25,1410,2,4,14,6,N,A,Y,A,H,A,C,02,E,08,F,,,Y,,A,Y,N,D,2,0,0,2,22107.0,1,34.48616666,-119.78091387,2
2012,2012-02-27,1852,2,4,18,1,N,B,Y,B,H,C,A,01,,03,C,,,,,C,Y,N,A,1,0,0,0,22350.0,3,34.44183484,-119.79323242,4
2012,2012-02-24,1600,2,4,16,5,N,B,Y,A,H,A,D,22,N,03,C,,,,,C,Y,N,D,3,0,0,0,22350.0,4,34.4216168,-119.61703775,4
2012,2012-03-05,1611,3,1,16,1,N,A,N,A,H,A,-,- ,E,03,C,,,,,C,N,N,A,4,0,0,0,22350.0,3,34.3996876,-119.51920834,4
2012,2012-03-24,208,3,1,2,6,N,A,Y,A,H,D,A,07,W,01,B,,,,,C,Y,N,D,2,0,0,0,23152.0,2,34.47323594,-119.77610386,3
2012,2012-03-09,1500,3,1,15,5,N,A,Y,A,H,A,D,22,S,03,C,,,,,C,Y,N,D,2,0,0,0,22350.0,3,34.42078543,-119.64800532,4
2012,2012-03-10,340,3,1,3,6,N,B,Y,B,H,D,G,27,N,08,F,,,,Y,A,Y,N,D,0,0,0,0,22107.0,1,34.64172856,-120.1853789,1
2012,2012-03-02,1531,3,1,15,5,N,A,Y,A,H,A,B,01,E,09,D,,,,,C,Y,N,D,2,0,0,0,21804.0,2,34.65202663,-120.45784714,4
2012,2012-03-03,400,3,1,4,6,Y,A,Y,A,H,C,-,- ,,01,E,,,,,I,Y,M,A,1,0,0,0,23152.0,1,34.41875585,-119.56072747,3
2012,2012-02-14,1240,2,4,12,2,N,B,Y,A,H,A,A,07,S,08,F,,,,,A,Y,N,A,1,0,0,0,22107.0,1,34.43934484,-119.83511243,3
2012,2012-02-07,830,2,4,8,2,N,C,Y,B,H,A,D,22,S,03,D,,,,,C,Y,N,D,1,0,0,0,22350.0,2,34.47433128,-120.22658336,4
2012,2012-03-18,903,3,1,9,7,Y,B,N,B,H,A,A,01,,09,B,,,,,C,Y,N,-,1,0,0,0,21802.0,2,34.96249488,-120.57061263,4
2012,2012-03-19,700,3,1,7,1,Y,A,N,A,H,A,-,- ,,- ,E,,,,,I,Y,N,A,1,0,0,0,,1,34.96099492,-120.57064258,4
2012,2012-04-29,1300,4,1,13,7,N,A,Y,A,H,A,A,01,S,08,C,,Y,,,G,N,N,D,0,0,0,0,22107.0,2,34.77488977,-120.48885185,1
2012,2012-05-27,2145,5,1,21,7,N,A,N,A,H,C,N,60,W,11,G,Y,,,,B,Y,N,D,0,0,0,0,21955.0,2,34.41501493,-119.68384169,1
2012,2012-05-04,2132,5,1,21,5,N,A,Y,A,H,D,A,01,W,08,A,,,,Y,C,Y,N,D,0,0,0,0,22107.0,2,34.98552406,-119.78924564,1
2012,2012-04-01,2035,4,1,20,7,N,A,N,A,H,C,L,04,S,05,H,,Y,,,G,N,N,D,0,0,0,0,21202.0,2,34.93700682,-120.44470816,1
2012,2012-07-02,1130,7,2,11,1,N,A,N,A,H,A,A,01,S,03,F,,,,,A,Y,N,D,0,0,0,0,22350.0,1,,,1
2011,2011-10-02,1828,10,3,18,7,N,A,N,A,H,A,A,01,W,10,G,Y,,,,B,N,N,D,0,0,0,0,21954.0,2,34.40456059,-119.53121767,1
2012,2012-01-01,248,1,4,2,7,Y,A,N,A,H,D,A,01,,01,E,,,,,I,Y,N,A,0,0,0,0,23152.0,1,34.93854485,-120.48988259,1
2012,2012-05-07,2050,5,1,20,1,N,A,N,A,H,C,-,- ,W,00,H,,Y,,,G,N,N,A,0,0,0,0,,2,34.41447901,-119.68655196,1
2012,2012-03-11,1759,3,1,17,7,N,A,Y,A,H,A,A,01,S,03,C,,,,,C,Y,N,D,1,0,0,0,22350.0,2,34.40320663,-119.52555787,4
2012,2012-03-11,1025,3,1,10,7,N,B,N,B,H,A,A,01,W,03,A,,,,,C,Y,N,D,2,0,0,0,22350.0,2,34.73971617,-120.4371038,4
2012,2012-03-10,815,3,1,8,6,N,A,N,A,H,A,A,01,S,03,C,,,,,C,N,N,A,1,0,0,0,22350.0,2,34.89537068,-120.42253303,4
2012,2012-03-08,1740,3,1,17,4,N,A,Y,A,H,A,A,01,S,08,F,,,,,A,Y,N,D,1,0,0,0,22107.0,1,34.79434182,-120.451094,4
2012,2012-03-12,1100,3,1,11,1,N,A,Y,A,H,A,A,01,N,08,E,,,,,I,Y,N,D,1,0,0,0,22107.0,1,34.80592795,-120.34404378,4
2012,2012-03-14,1655,3,1,16,3,N,A,N,A,H,A,A,01,N,03,C,,,,,C,N,N,A,1,0,0,0,22350.0,2,34.8897649,-120.42063754,4
2012,2012-03-09,840,3,1,8,5,N,A,Y,A,H,A,A,01,E,08,E,,,,,I,N,N,D,1,0,0,0,22107.0,1,34.99587243,-120.4299425,2
2012,2012-03-22,1232,3,1,12,4,N,A,Y,A,H,A,D,22,N,03,C,,,,,C,Y,N,D,1,0,0,0,22350.0,2,34.93217531,-120.43594257,4
2012,2012-03-01,853,3,1,8,4,N,A,N,A,H,A,-,- ,S,21,C,,,,,C,N,N,D,1,0,0,0,22106.0,3,34.42893464,-119.70941737,4
2012,2012-03-13,1700,3,1,17,2,N,A,N,A,H,A,J,49,W,05,B,,,,,C,Y,N,D,2,0,0,0,21650.0,2,34.41760481,-119.73082058,3
2012,2012-03-26,2050,3,1,20,1,N,A,N,A,H,C,N,60,W,11,G,Y,,,,B,N,N,D,1,1,0,0,21950.0,2,34.42477666,-119.67558133,3
2012,2012-02-02,1330,2,4,13,4,N,A,N,A,H,A,-,- ,N,10,G,Y,,,,B,N,N,A,1,1,0,0,21950.0,2,34.45016142,-119.74659247,3
2012,2012-03-29,125,3,1,1,4,N,E,N,A,H,C,-,- ,S,01,A,,,,,I,Y,N,A,1,0,0,0,23152.0,1,34.409421,-119.725866,3
2012,2012-03-27,1416,3,1,14,2,Y,A,N,A,H,A,-,- ,,09,D,,,,,C,Y,N,D,2,0,0,0,21802.0,2,34.42764483,-119.69993243,3
2012,2012-03-22,739,3,1,7,4,N,A,N,A,H,A,A,01,E,03,C,,,,,C,Y,N,D,1,0,0,0,22350.0,2,34.42110482,-119.64399816,4
2012,2012-03-22,1739,3,1,17,4,Y,A,N,A,H,A,-,- ,,09,D,,,,,C,Y,N,A,1,0,0,0,21802.0,2,34.42411481,-119.69004242,4
2012,2012-03-27,715,3,1,7,2,N,A,N,A,H,A,-,- ,S,08,C,,,,,E,Y,N,D,1,0,0,0,22107.0,3,34.43426956,-119.72190896,4
2012,2012-03-06,730,3,1,7,2,Y,A,N,A,H,A,-,- ,,00,G,Y,,,,B,N,N,A,1,1,0,0,,2,34.4385949,-119.72477243,4
2012,2012-03-09,1704,3,1,17,5,N,A,N,A,H,A,-,- ,N,05,A,,,,,C,Y,N,D,1,0,0,0,21650.0,2,34.41835036,-119.66942532,2
2012,2012-03-11,1615,3,1,16,7,N,A,N,A,H,A,-,- ,W,03,F,,,,,I,N,N,D,1,0,0,0,22350.0,1,34.42004353,-119.66098661,4
2012,2012-03-08,933,3,1,9,4,Y,A,N,A,H,A,A,01,,08,D,,,,,C,Y,N,A,1,0,0,0,22107.0,2,34.42460487,-119.70088235,4
2012,2012-03-08,639,3,1,6,4,Y,A,Y,A,H,A,-,- ,,12,D,,,,,C,N,N,A,1,0,0,0,21453.0,2,34.41836484,-119.7105824,4
2012,2012-03-13,1638,3,1,16,2,Y,A,N,A,H,A,-,- ,,09,D,,,,,C,Y,N,A,1,0,0,0,21802.0,2,34.42501486,-119.71183238,3
2012,2012-03-27,742,3,1,7,2,N,A,N,A,H,A,-,- ,W,18,F,,Y,,,A,N,N,D,1,0,1,0,,1,34.42137535,-119.71344423,3
2012,2012-03-14,1010,3,1,10,3,N,A,N,A,H,A,-,- ,E,21,B,,,,,C,Y,N,D,1,0,0,0,22106.0,3,34.42198884,-119.70138031,4
2012,2012-03-23,1747,3,1,17,5,N,A,N,A,H,A,-,- ,E,08,C,,,,,E,Y,N,D,1,0,0,0,22107.0,2,34.40181662,-119.71001614,3
2012,2012-03-16,228,3,1,2,5,Y,C,N,B,G,C,A,01,,01,E,,,,,I,Y,F,A,1,0,0,0,23152.0,1,34.42979492,-119.71582245,3
2012,2012-03-21,1021,3,1,10,3,Y,A,Y,A,H,A,A,01,,09,D,,,Y,,C,Y,N,A,1,0,0,1,21801.0,2,34.41062348,-119.69754902,3
2012,2012-03-15,2304,3,1,23,4,N,B,N,A,H,C,-,- ,W,09,A,,,,,C,Y,N,A,2,0,0,0,21801.0,2,34.4258292,-119.71993697,3
2012,2012-03-21,1325,3,1,13,3,Y,A,N,A,H,A,-,- ,,09,D,,,,,C,Y,N,D,1,0,0,0,21802.0,2,34.43500493,-119.71257236,4
2012,2012-03-16,1622,3,1,16,5,N,B,N,A,H,A,-,- ,N,08,B,,,,,C,N,N,D,1,0,0,0,22107.0,2,34.42634605,-119.71107648,4
2012,2012-03-21,1850,3,1,18,3,Y,A,N,A,H,A,L,04,,01,H,,Y,,,G,N,N,A,1,0,1,0,21200.0,2,34.42434487,-119.70574235,4
2012,2012-03-16,1552,3,1,15,5,N,B,N,A,H,A,-,- ,N,08,B,,Y,,,G,N,N,D,1,0,1,0,22107.0,2,34.42449477,-119.70589241,3
2012,2012-03-17,1620,3,1,16,6,Y,B,N,B,H,A,-,- ,,12,D,,,,,C,Y,N,A,1,0,0,0,22450.0,2,34.42782486,-119.71569234,4
2012,2012-03-19,1447,3,1,14,1,N,A,N,A,H,A,-,- ,W,18,E,,,,,I,Y,N,D,1,0,0,0,,1,34.41268448,-119.68869279,3
2012,2012-03-28,1125,3,1,11,3,N,B,N,A,H,A,-,- ,N,08,B,,,,,E,Y,N,D,1,0,0,0,22107.0,3,34.42792201,-119.70804,3
2012,2012-04-04,1831,4,1,18,3,N,A,N,A,H,A,-,- ,W,03,C,,,,,C,N,N,A,1,0,0,0,22350.0,2,34.93844236,-120.43224289,4
2011,2011-09-24,1934,9,3,19,6,N,A,N,A,H,C,D,22,,- ,D,,,,,I,Y,N,A,1,0,0,0,,1,34.90216713,-120.448596,2
2012,2012-02-22,823,2,4,8,3,N,A,N,A,H,A,A,01,S,01,C,,,,,C,Y,N,A,1,0,0,0,23152.0,2,34.4529588,-119.80820076,3
2012,2012-03-15,1430,3,1,14,4,N,A,N,A,H,A,A,07,S,05,B,,Y,,,G,N,N,D,2,0,2,0,21460.0,3,34.77477576,-120.14213161,2
2012,2012-03-31,2340,3,1,23,6,N,B,Y,B,H,D,A,07,S,01,F,,,,,A,Y,N,D,2,0,0,0,23152.0,1,34.92076486,-120.41808256,4
2012,2012-03-24,2310,3,1,23,6,N,B,N,A,H,D,A,01,N,08,E,,,,,I,Y,M,D,1,0,0,0,22107.0,1,34.75355542,-120.29406256,3
2012,2012-03-30,2115,3,1,21,5,N,B,N,A,H,D,A,01,S,01,E,,,,,I,Y,N,D,1,0,0,0,23152.0,1,34.76644952,-120.42411442,4
2012,2012-03-10,1630,3,1,16,6,N,A,Y,A,H,A,A,01,N,08,E,,,,,I,Y,N,D,1,0,0,0,22107.0,1,34.61341783,-120.18990215,4
2012,2012-03-10,1155,3,1,11,6,N,A,Y,A,H,A,A,08,E,03,C,,,,,C,Y,N,D,1,0,0,0,22350.0,3,34.60646995,-120.17604927,4
2012,2012-03-08,2357,3,1,23,4,Y,A,N,A,H,C,A,01,,08,E,,,,,I,Y,N,D,1,0,0,0,22107.0,1,34.68830483,-120.43683251,4
2012,2012-03-08,2335,3,1,23,4,N,A,Y,A,H,D,-,- ,W,18,H,,,,,H,Y,N,D,1,0,0,0,,1,,,4
2012,2012-03-18,1515,3,1,15,7,N,B,Y,B,H,A,A,01,S,08,E,,,,,I,Y,N,D,1,0,0,0,22107.0,1,34.48125743,-120.23015883,4
2012,2012-02-18,1730,2,4,17,6,Y,B,N,A,H,B,L,04,,05,D,,Y,,,G,N,N,D,1,0,1,0,21202.0,2,34.86300489,-120.41880247,3
2012,2012-02-18,1131,2,4,11,6,N,A,N,A,H,A,L,04,W,05,C,,Y,,,G,N,N,D,1,0,1,0,21650.0,2,34.3896509,-119.50075025,4
2012,2012-02-19,106,2,4,1,7,N,A,Y,A,H,D,A,01,E,01,E,,,,,I,Y,M,D,1,0,0,0,23152.0,1,34.62608282,-120.26833848,2
2012,2012-04-05,1502,4,1,15,4,N,A,Y,A,H,A,A,07,S,08,F,,,,,A,Y,N,D,1,0,0,0,22107.0,1,34.93646917,-120.41765608,4
2012,2012-02-10,506,2,4,5,5,N,A,Y,A,H,D,A,01,N,08,E,,,,,I,Y,N,D,1,0,0,0,22107.0,1,34.41789106,-119.58919452,4
2012,2012-03-25,1332,3,1,13,7,N,C,N,B,H,A,-,- ,N,00,E,,Y,,,I,N,N,D,1,0,1,0,,2,34.46876867,-119.67386425,3
2012,2012-03-04,534,3,1,5,7,N,A,Y,A,H,D,A,07,N,08,E,,,,,I,Y,N,D,2,0,0,0,22107.0,1,34.41595763,-119.55970613,2
2012,2012-03-20,1640,3,1,16,2,N,A,Y,A,H,A,A,01,S,03,C,,,,,C,Y,N,D,1,0,0,0,22350.0,2,34.42026705,-119.66960579,3
2012,2012-03-13,2114,3,1,21,2,N,A,Y,A,D,C,A,01,N,03,C,,,,,C,Y,N,D,2,0,0,0,22350.0,3,34.41984583,-119.6826581,4
2012,2012-03-13,943,3,1,9,2,N,B,N,A,E,A,C,02,W,03,F,,,Y,,A,N,N,D,1,0,0,1,22350.0,1,34.45382988,-119.65949438,3
2012,2012-03-14,744,3,1,7,3,N,A,Y,A,H,A,A,01,S,03,E,,,,,I,Y,N,D,1,0,0,0,22350.0,1,34.44201565,-119.78242159,3
2012,2012-03-04,1535,3,1,15,7,N,A,Y,A,H,A,C,02,N,03,F,,,Y,,A,N,N,D,1,0,0,1,22350.0,1,34.419333,-119.56079889,3
2011,2011-10-06,1415,10,3,14,4,N,A,Y,A,H,A,A,01,E,13,G,,,,,B,Y,N,D,1,0,0,0,22515.0,1,34.46457676,-119.77150257,4
2012,2012-04-04,623,4,1,6,3,Y,B,Y,A,H,A,D,22,,09,D,,,,,C,Y,F,A,2,0,0,0,21804.0,2,34.79166809,-120.33328107,3
2012,2012-04-01,1835,4,1,18,7,N,A,Y,A,C,A,A,07,S,03,C,,,,,C,N,N,D,1,0,0,0,22350.0,3,34.96416434,-120.42065326,4
2012,2012-04-02,640,4,1,6,1,N,A,Y,A,H,-,A,01,N,03,C,,,,,C,Y,N,D,5,0,0,0,22350.0,3,34.93303784,-120.4179777,4
2012,2012-03-16,1230,3,1,12,5,N,A,N,A,H,A,A,01,W,09,D,,,,,C,Y,N,D,1,0,0,0,21801.0,2,,,4
2012,2012-04-11,1005,4,1,10,3,N,B,N,A,H,A,A,01,S,03,C,,,,,C,Y,N,A,2,0,0,0,22350.0,2,34.86847889,-120.41879261,4
2012,2012-03-31,117,3,1,1,6,N,A,Y,A,H,D,D,22,N,01,C,,,,,C,Y,F,D,2,0,0,0,23152.0,2,34.60914304,-120.19090834,2
2012,2012-03-28,813,3,1,8,3,N,B,Y,A,H,A,F,26,N,21,D,,,,Y,C,Y,N,A,1,0,0,0,22106.0,2,34.42021419,-119.83051236,3
2012,2012-03-28,2021,3,1,20,3,Y,A,Y,A,H,C,D,22,,03,C,,,,,C,N,N,A,1,0,0,0,22350.0,3,34.92062019,-120.43594145,4
2012,2012-03-29,1216,3,1,12,4,Y,A,N,A,H,A,A,01,,12,D,,,,,C,Y,N,A,1,0,0,0,21453.0,3,34.92254487,-120.43135251,3
2012,2012-02-27,1008,2,4,10,1,Y,B,N,A,H,A,A,01,,09,D,,,,,C,Y,N,A,2,0,0,0,21453.0,2,34.430173,-119.873562,3
2012,2012-04-03,1431,4,1,14,2,N,A,N,A,H,A,-,- ,S,09,D,,,,,C,Y,N,D,1,0,0,0,21801.0,2,34.93794043,-120.43168808,3
2012,2012-04-03,758,4,1,7,2,Y,E,Y,A,H,A,A,01,,09,D,,,,,C,Y,N,A,1,0,0,0,21453.0,2,34.95663486,-120.41729257,4
2012,2012-04-01,130,4,1,1,7,N,C,N,B,H,C,-,- ,E,01,A,,,,,E,Y,N,D,1,0,0,0,23152.0,2,34.94987482,-120.43149254,3
2012,2012-03-15,1915,3,1,19,4,N,A,Y,A,-,C,A,01,N,03,C,,,,,C,N,N,A,2,0,0,0,22350.0,2,34.88391715,-120.43667989,3
2012,2012-03-05,1510,3,1,15,1,N,A,N,-,H,A,A,07,S,08,E,Y,,,,I,Y,N,D,2,2,0,0,22107.0,3,34.88288628,-120.43139261,3
2012,2012-03-17,1820,3,1,18,6,N,C,Y,B,H,B,-,- ,S,18,B,,,,,C,Y,M,D,1,0,0,0,,2,34.96202712,-120.41932416,4
2012,2012-04-02,1109,4,1,11,1,N,A,N,A,H,A,A,01,S,03,D,,,,,C,N,N,D,1,0,0,0,22350.0,2,34.63996522,-120.45027629,4
2012,2012-04-04,900,4,1,9,3,N,A,N,A,E,A,D,22,S,17,B,,Y,,,G,N,N,D,1,0,1,0,21200.0,2,,,2
2012,2012-03-31,1443,3,1,14,6,N,B,N,A,-,A,D,22,E,03,C,,,,,C,N,N,D,1,0,0,0,22350.0,2,34.66088439,-120.46137551,4
2012,2012-03-30,1013,3,1,10,5,N,A,Y,A,H,A,D,22,E,03,C,,,,,C,Y,N,D,2,0,0,0,22350.0,2,34.64199568,-120.43462868,3
2012,2012-03-05,1629,3,1,16,1,Y,A,Y,A,H,A,A,01,,09,D,,,,,C,Y,N,D,1,0,0,0,21802.0,2,34.62267484,-120.1893125,4
2012,2012-03-23,1030,3,1,10,5,N,A,Y,A,H,A,-,- ,W,- ,B,,,,,I,Y,N,D,2,0,0,0,,1,34.61719537,-120.20349083,4
2012,2012-03-01,1701,3,1,17,4,N,A,Y,A,H,A,C,02,E,05,B,,,Y,,C,Y,N,D,1,0,0,1,21460.0,2,34.39258409,-119.46109024,2
2012,2012-03-20,1445,3,1,14,2,N,A,Y,A,H,A,A,07,N,03,C,,,,,C,N,N,A,1,0,0,0,22350.0,2,34.43879484,-119.81526242,4
2011,2011-11-20,1829,11,3,18,7,N,C,N,B,H,C,A,01,,22,E,,,,,I,Y,N,D,1,0,0,0,,1,34.43282074,-119.88856838,4
2011,2011-11-03,1826,11,3,18,4,N,A,N,A,H,C,L,04,E,- ,B,,Y,,,G,N,N,A,1,0,1,0,,2,34.42348937,-119.71119597,3
2012,2012-08-03,2240,8,2,22,5,N,A,Y,A,H,D,A,07,W,01,B,Y,,,,C,Y,M,A,2,2,0,0,23152.0,4,34.46973203,-119.775701,4
2012,2012-08-11,1308,8,2,13,6,N,A,Y,A,H,A,J,48,S,01,D,Y,,,,C,Y,F,A,4,1,0,0,23152.0,5,34.95334163,-120.45363568,2
2011,2011-10-23,2010,10,3,20,7,N,A,Y,A,H,C,D,22,N,01,B,,,,,C,Y,N,D,2,0,0,0,23152.0,2,34.44174759,-119.81058356,3
2012,2012-02-29,1705,2,4,17,3,N,C,Y,B,H,A,A,01,E,03,E,,,,,I,Y,N,D,1,0,0,0,22350.0,1,34.51512863,-119.8268729,3
2012,2012-02-28,910,2,4,9,2,Y,A,Y,A,H,A,A,01,,12,D,,,,,C,Y,N,A,4,0,0,0,21453.0,2,34.65495716,-120.45776533,3
2012,2012-02-17,1613,2,4,16,5,N,A,Y,A,H,A,A,01,S,03,C,,,,,C,N,F,A,1,0,0,0,22350.0,2,34.66086316,-120.45778255,4
2012,2012-03-26,1425,3,1,14,1,N,A,Y,A,H,A,C,02,N,07,B,,,Y,,C,Y,N,D,1,0,0,1,21658.0,2,34.41247538,-119.70109997,4
2012,2012-03-23,125,3,1,1,5,N,A,Y,A,H,D,A,01,S,08,E,,,,,J,Y,N,D,1,0,0,0,22107.0,1,34.43797054,-119.84841365,4
2012,2012-03-28,1223,3,1,12,3,N,B,Y,A,H,A,A,07,S,03,C,,,,,C,Y,N,A,2,0,0,0,22350.0,2,34.40585485,-119.54246238,4
2012,2012-03-16,647,3,1,6,5,Y,B,N,A,H,A,-,- ,,09,D,,Y,,,G,N,N,A,1,0,1,0,21801.0,2,34.96762491,-120.42069256,4
2012,2012-03-10,1027,3,1,10,6,Y,A,N,A,C,A,-,- ,,18,H,,,,,A,N,N,D,1,0,0,0,,1,34.90456491,-120.45153251,3