ACCIDENT_YEAR,COLLISION_DATE,COLLISION_TIME,MONTH,SEASON,24HOURS,DAY_OF_WEEK,INTERSECTION,WEATHER_1,STATE_HWY_IND,ROAD_SURFACE,ROAD_COND_1,LIGHTING,STWD_VEHTYPE_AT_FAULT,CHP_VEHTYPE_AT_FAULT,DIRECTION,PCF_VIOL_CATEGORY,TYPE_OF_COLLISION,PEDESTRIAN_ACCIDENT,BICYCLE_ACCIDENT,MOTORCYCLE_ACCIDENT,TRUCK_ACCIDENT,MVIW,TOW_AWAY,HIT_AND_RUN,CONTROL_DEVICE,NUMBER_INJURED,COUNT_PED_INJURED,COUNT_BICYCLIST_INJURED,COUNT_MC_INJURED,PCF_VIOLATION,PARTY_COUNT,POINT_Y,POINT_X,COLLISION_SEVERITY
2012,2012-04-18,1441,4,1,14,3,Y,A,N,A,H,A,A,01,,21,C,,,,,C,N,N,A,1,0,0,0,22106.0,2,34.96769492,-120.43119254,4
2012,2012-05-02,1815,5,1,18,3,N,A,Y,A,H,A,A,08,S,03,C,,,,,C,N,N,B,1,0,0,0,22350.0,2,34.94774913,-120.41745848,4
2012,2012-05-02,736,5,1,7,3,Y,B,N,A,H,A,A,01,,09,D,,,,,C,Y,N,A,1,0,0,0,21801.0,2,34.44083491,-119.87454245,3
2012,2012-05-01,901,5,1,9,2,Y,B,N,A,H,A,L,04,,09,D,,Y,,,G,N,N,A,1,0,1,0,21802.0,2,34.41517491,-119.85873241,3
2012,2012-04-16,735,4,1,7,1,N,A,Y,A,H,A,A,01,N,03,C,,,,,C,Y,N,D,5,0,0,0,22350.0,2,34.75439483,-120.51566256,4
2012,2012-04-23,2015,4,1,20,1,N,A,N,A,H,D,A,07,N,03,E,,,,,I,Y,N,D,1,0,0,0,22350.0,1,34.61619106,-120.17140783,3
2012,2012-05-03,1600,5,1,16,4,N,A,Y,A,H,A,A,01,E,03,C,,,,,C,N,N,A,1,0,0,0,22350.0,2,34.60660342,-120.09531627,4
2012,2012-04-24,1013,4,1,10,2,N,B,N,A,H,A,A,07,E,03,C,,,,,C,Y,N,A,1,0,0,0,22350.0,2,34.43111039,-119.71220325,4
2012,2012-05-05,2118,5,1,21,6,N,A,Y,A,H,C,-,- ,W,00,D,,,,,C,Y,N,A,1,0,0,0,,2,34.41983485,-119.6844324,3
2012,2012-05-04,1500,5,1,15,5,N,A,Y,A,H,A,A,01,S,08,E,,,,,I,Y,N,D,1,0,0,0,22107.0,1,34.44231427,-119.78671283,3
2012,2012-05-01,2317,5,1,23,2,N,B,Y,A,H,C,A,01,N,08,E,,,,,I,Y,N,D,2,0,0,0,22107.0,1,34.43769749,-119.85350551,4
2012,2012-05-06,617,5,1,6,7,N,A,Y,A,H,A,A,01,N,08,F,,,,,A,Y,N,D,1,0,0,0,22107.0,1,34.43962483,-119.93871244,3
2012,2012-05-08,755,5,1,7,2,Y,E,N,A,H,A,-,- ,,09,D,,,,,C,Y,F,A,1,0,0,0,21801.0,2,34.9528949,-120.41393254,4
2012,2012-05-05,1231,5,1,12,6,N,A,N,A,H,A,-,- ,W,18,H,,Y,,,A,N,N,D,1,0,1,0,,1,34.45010012,-119.65219415,3
2012,2012-05-05,2049,5,1,20,6,N,A,N,A,H,C,N,60,S,11,A,Y,,,,B,Y,N,D,1,1,0,0,21954.0,2,34.95561465,-120.44929538,4
2012,2012-05-08,1429,5,1,14,2,Y,A,N,A,H,A,-,- ,,03,C,,,,,C,N,N,A,1,0,0,0,22350.0,2,34.95316489,-120.42482253,4
2012,2012-04-25,730,4,1,7,3,Y,B,N,B,H,A,A,01,,03,C,,,,,C,N,N,A,2,0,0,0,22350.0,2,34.95274,-120.40037,4
2012,2012-04-19,50,4,1,0,4,N,A,Y,A,H,E,A,01,E,08,E,,,,,I,Y,M,D,1,0,0,0,22107.0,1,34.45580485,-119.74801242,3
2012,2012-04-30,128,4,1,1,1,N,E,Y,B,H,D,A,01,E,05,A,,,,,C,Y,N,D,1,0,0,0,21460.0,2,34.48985399,-119.78235895,4
2012,2012-04-29,1240,4,1,12,7,N,A,Y,A,H,A,A,01,N,07,F,,,,,A,Y,N,D,2,0,0,0,21658.0,2,34.46408483,-120.07484247,3
2012,2012-04-21,946,4,1,9,6,N,B,Y,A,H,A,A,01,S,08,E,,,,,I,Y,N,D,1,0,0,0,22107.0,1,34.38662638,-119.49293831,3
2012,2012-04-24,1645,4,1,16,2,N,A,N,A,H,A,A,01,N,03,C,,,,,C,Y,N,A,1,0,0,0,22350.0,2,34.94120842,-120.45383139,4
2012,2012-04-30,1142,4,1,11,1,N,A,Y,A,H,A,-,- ,W,04,C,,,,,C,N,F,A,1,0,0,0,21703.0,2,34.92076486,-120.41808256,4
2012,2012-04-20,1909,4,1,19,5,N,A,N,A,H,A,-,- ,W,12,D,,,,,C,Y,N,A,2,0,0,0,21453.0,3,34.93836503,-120.4249193,3
2012,2012-04-19,1839,4,1,18,4,Y,A,N,A,H,A,-,- ,,- ,A,Y,,,,B,N,F,A,1,1,0,0,,2,34.94692482,-120.44943253,3
2012,2012-04-16,549,4,1,5,1,Y,A,N,A,H,A,L,04,,08,-,,Y,,,G,N,N,A,1,0,1,0,22107.0,2,34.96750489,-120.41275256,4
2012,2012-04-28,1126,4,1,11,6,N,A,N,A,H,A,-,- ,N,03,C,,,,,C,Y,N,D,2,0,0,0,22350.0,2,,,4
2012,2012-04-24,1847,4,1,18,2,Y,A,Y,A,H,A,-,- ,,12,D,,,,,C,Y,N,A,1,0,0,0,21453.0,2,34.95295486,-120.41782468,4
2012,2012-05-04,1430,5,1,14,5,Y,A,Y,A,-,A,-,- ,,03,C,,,,,C,N,N,A,1,0,0,0,22350.0,2,34.96161088,-120.43583012,4
2012,2012-03-31,537,3,1,5,6,N,A,Y,A,H,D,A,07,E,08,F,,,,,A,Y,N,D,1,0,0,0,22107.0,1,34.58543352,-119.99865061,4
2012,2012-04-14,2048,4,1,20,6,Y,A,N,A,-,C,A,01,,12,D,,,,,C,Y,N,A,2,0,0,0,21453.0,2,34.42426486,-119.86985241,4
2012,2012-05-08,733,5,1,7,2,N,A,Y,A,H,A,A,01,S,03,C,,,,Y,C,N,N,A,2,0,0,0,22350.0,3,34.68419805,-120.45946698,4
2012,2012-05-01,1513,5,1,15,2,Y,B,N,A,H,A,-,- ,,03,C,,,,,D,Y,N,D,1,0,0,0,22350.0,4,34.44048492,-119.74014233,4
2012,2012-05-05,1806,5,1,18,6,N,A,N,A,H,A,-,- ,N,21,C,,,,,C,N,N,D,1,0,0,0,22106.0,2,34.42234318,-119.71075895,4
2012,2012-05-09,1053,5,1,10,3,N,A,N,A,H,A,-,- ,S,08,F,,,,,I,Y,N,D,1,0,0,0,22107.0,1,,,3
2012,2012-05-03,2050,5,1,20,4,Y,A,N,A,H,C,-,- ,,09,H,,Y,,,G,N,N,D,1,0,1,0,21801.0,2,34.44795484,-119.72814245,3
2012,2012-05-03,1742,5,1,17,4,Y,A,N,A,H,A,-,- ,,10,G,Y,,,,B,N,N,A,1,1,0,0,21950.0,2,34.42302486,-119.71168241,4
2012,2012-05-03,1449,5,1,14,4,Y,B,N,D,G,A,-,- ,,18,H,,Y,,,A,N,N,D,1,0,1,0,,1,34.42897,-119.677264,3
2012,2012-05-03,2040,5,1,20,4,Y,A,Y,A,H,C,-,- ,,09,A,,,,,C,Y,N,A,1,0,0,0,21801.0,2,34.42355484,-119.71768241,4
2012,2012-05-07,1146,5,1,11,1,Y,A,N,A,H,A,N,60,,11,A,Y,,,,B,N,N,A,1,1,0,0,21954.0,2,34.43053488,-119.72197245,3
2012,2012-05-03,2125,5,1,21,4,N,A,N,A,H,C,-,- ,W,08,D,,,,,C,Y,N,D,2,0,0,0,22107.0,2,34.42727192,-119.69343979,4
2012,2012-04-20,1420,4,1,14,5,Y,A,Y,A,H,A,A,01,,03,C,,,,,C,N,N,A,1,0,0,0,22350.0,3,34.63954293,-120.45799927,4
2012,2012-04-21,2112,4,1,21,6,Y,E,Y,A,H,C,N,60,,11,G,Y,,,,B,N,N,A,1,1,0,0,21950.0,2,34.64393892,-120.45781099,2
2012,2012-04-25,1040,4,1,10,3,N,A,N,A,H,A,L,04,N,09,D,,Y,,,G,N,N,D,1,0,1,0,21804.0,2,34.65607497,-120.47530578,3
2012,2012-04-28,1601,4,1,16,6,N,A,N,A,H,A,A,01,N,09,D,,,Y,,C,N,N,D,1,0,0,1,21804.0,2,34.64715489,-120.47541255,2
2012,2012-05-15,1900,5,1,19,2,N,A,N,A,H,A,-,- ,,00,C,,,,,E,N,N,A,1,0,0,0,,2,34.962055,-120.575246,4
2012,2012-05-12,1240,5,1,12,6,Y,A,Y,A,H,A,A,08,,09,D,,Y,,,G,N,N,D,1,0,1,0,21801.0,2,34.59600439,-120.13926985,3
2012,2012-04-18,708,4,1,7,3,Y,A,N,-,A,A,A,01,,09,D,,,,,C,Y,N,A,1,0,0,0,21453.0,2,34.43583491,-119.82057236,4
2012,2012-05-03,1134,5,1,11,4,Y,A,N,A,H,A,L,04,,05,D,,Y,,,G,N,N,A,1,0,1,0,21650.0,2,34.43570485,-119.87191244,2
2012,2012-05-01,1024,5,1,10,2,N,B,N,A,H,A,-,- ,W,10,G,Y,,,,B,N,N,A,1,1,0,0,21952.0,2,34.42808579,-119.72460644,2
2012,2012-05-15,1537,5,1,15,2,Y,A,Y,A,H,A,A,01,,12,D,,,,,C,Y,N,A,1,0,0,0,21453.0,2,34.9532445,-120.45150648,4
2012,2012-05-08,735,5,1,7,2,Y,-,N,-,-,-,L,04,,07,-,,Y,,,-,N,N,-,1,0,1,0,21658.0,2,34.96023488,-120.41555256,4
2012,2012-05-08,1046,5,1,10,2,N,A,N,A,H,A,A,01,W,08,D,,,,,C,Y,N,D,1,0,0,0,22107.0,2,34.9457976,-120.41846159,4
2012,2012-05-16,2109,5,1,21,3,N,B,N,A,H,C,A,01,E,01,D,,,,,E,Y,N,A,1,0,0,0,23152.0,2,,,3
2012,2012-05-15,710,5,1,7,2,Y,A,N,A,H,A,A,01,,09,D,,,,,C,N,N,A,1,0,0,0,21802.0,2,34.88307484,-120.43612256,4
2012,2012-05-09,1509,5,1,15,3,N,A,N,A,H,-,A,01,N,03,C,,,,,C,Y,N,D,1,0,0,0,22350.0,2,34.88412409,-120.41870681,4
2012,2012-05-09,2205,5,1,22,3,N,A,N,A,H,C,A,01,N,01,E,,,,,I,Y,N,D,1,0,0,0,23152.0,1,34.87250842,-120.45403488,3
2012,2012-05-03,600,5,1,6,4,N,A,N,A,H,A,A,01,N,08,A,,,,,C,Y,N,D,2,0,0,0,22107.0,2,34.96687949,-120.51020104,2
2012,2012-04-30,1856,4,1,18,1,N,F,N,A,H,A,-,- ,E,09,D,,,,,C,Y,N,D,1,0,0,0,21802.0,2,34.43346115,-119.8386892,3
2012,2012-04-27,1620,4,1,16,5,N,A,N,A,H,A,-,- ,S,09,D,,Y,,,G,N,N,D,1,0,1,0,21804.0,2,34.43254791,-119.74828565,3
2012,2012-04-27,1726,4,1,17,5,N,A,N,A,H,A,-,- ,W,03,C,,,,,C,N,N,D,1,0,0,0,22350.0,2,34.42338395,-119.72248538,4
2012,2012-04-30,715,4,1,7,1,N,B,N,A,H,A,N,60,N,11,G,Y,,,,B,N,N,A,1,1,0,0,21456.0,2,34.41729881,-119.6885297,3
2012,2012-04-28,1745,4,1,17,6,N,A,Y,A,H,A,-,- ,W,- ,B,,Y,,,G,N,F,A,1,0,1,0,,2,34.42355484,-119.71768241,4
2012,2012-04-28,1259,4,1,12,6,N,A,N,A,H,A,N,60,N,11,G,Y,,,,B,N,N,A,1,1,0,0,21956.0,2,34.41147163,-119.70197542,3
2012,2012-04-25,2039,4,1,20,3,N,C,N,B,H,C,-,- ,E,08,C,,,,,C,N,N,A,1,0,0,0,22107.0,2,34.41843215,-119.70522795,4
2012,2012-04-23,1053,4,1,10,1,N,B,N,B,H,A,-,- ,S,10,G,Y,,,,B,N,N,A,1,1,0,0,21950.0,2,34.41940928,-119.7041251,4
2012,2012-04-30,1329,4,1,13,1,N,B,Y,A,H,A,L,04,S,05,D,,Y,,,G,N,N,A,1,0,1,0,21650.0,2,34.41444485,-119.7047724,3
2012,2012-05-10,1535,5,1,15,4,N,A,N,A,H,A,D,22,,01,E,,,,,I,Y,N,D,1,0,0,0,23152.0,1,34.543485,-119.790738,3
2012,2012-05-21,1605,5,1,16,1,N,A,Y,A,H,A,D,22,N,03,C,,,,,C,N,N,D,1,0,0,0,22350.0,2,34.42264485,-119.63338239,4
2012,2012-05-06,1730,5,1,17,7,N,A,Y,A,H,A,D,22,N,03,C,,,,,C,Y,N,D,1,0,0,0,22350.0,3,34.40345996,-119.52776791,4
2012,2012-05-03,1250,5,1,12,4,N,A,Y,A,H,A,A,01,N,03,C,,,,Y,C,Y,N,A,2,0,0,0,22350.0,2,34.43868484,-119.75389241,3
2012,2012-05-29,745,5,1,7,2,N,A,N,A,H,A,D,22,N,03,C,,,,,C,Y,N,A,1,0,0,0,22350.0,2,34.92109683,-120.45407842,4
2012,2012-05-05,2105,5,1,21,6,N,A,Y,A,H,D,N,60,E,11,G,Y,,,,B,N,N,D,1,1,0,0,21954.0,2,34.92589486,-120.41773256,3
2012,2012-05-05,1130,5,1,11,6,Y,A,N,A,H,A,A,08,,09,D,,,Y,,C,Y,N,D,1,0,0,0,21801.0,2,34.64698479,-120.45528247,2
2012,2012-05-14,1455,5,1,14,1,Y,A,N,A,H,A,A,01,,09,D,,,,,C,Y,N,A,2,0,0,0,21804.0,2,34.64073481,-120.47055255,4
2012,2012-05-02,1103,5,1,11,3,N,A,N,A,H,A,A,01,E,03,C,,,,,C,Y,N,D,3,0,0,0,22350.0,3,34.43499886,-119.81022683,4
2012,2012-05-11,800,5,1,8,5,N,A,N,A,H,A,L,04,S,05,D,,Y,,,G,N,N,A,1,0,1,0,21650.0,2,34.88677636,-120.41867295,4
2012,2012-05-20,1530,5,1,15,7,Y,A,N,A,H,A,A,01,,09,D,,,,,C,Y,N,D,2,0,0,0,21801.0,2,34.9235749,-120.41703259,4
2012,2012-05-18,1639,5,1,16,5,N,A,Y,A,H,A,C,02,N,08,F,,,Y,,A,N,N,D,1,0,0,1,22107.0,1,34.92716894,-120.41772745,4
2012,2012-05-17,923,5,1,9,4,N,A,N,A,H,A,A,01,S,03,C,,,,,C,N,N,D,1,0,0,0,22350.0,2,34.86686384,-120.41879261,4
2012,2012-05-16,1718,5,1,17,3,Y,A,Y,A,H,A,A,01,,09,D,,,,,C,Y,N,D,2,0,0,0,21801.0,2,34.76645352,-120.42411024,4
2012,2012-05-14,1925,5,1,19,1,Y,A,N,A,H,A,A,01,,01,C,,,,,C,Y,N,A,1,0,0,0,23152.0,2,34.86504489,-120.43539249,3
2012,2012-05-15,550,5,1,5,2,N,A,Y,A,H,A,A,01,S,07,B,,,,,C,Y,N,A,1,0,0,0,21658.0,2,34.9276617,-120.41803005,3
2012,2012-05-02,1350,5,1,13,3,N,A,Y,A,H,A,A,01,S,07,F,,,,,A,Y,M,D,1,0,0,0,21658.0,2,34.83751481,-120.37141075,4
2012,2012-05-08,1020,5,1,10,2,Y,A,Y,A,H,A,A,01,,12,D,,,,,D,Y,N,A,3,0,0,0,21453.0,2,34.86778802,-120.43679256,4
2012,2012-04-29,128,4,1,1,7,N,A,Y,A,H,C,C,02,S,01,F,,,Y,,A,Y,N,D,1,0,0,1,23152.0,1,34.42637508,-119.72345334,3
2012,2012-04-28,1300,4,1,13,6,N,A,Y,A,H,A,C,02,W,03,F,,,Y,,A,Y,N,D,1,0,0,1,22350.0,1,34.5110031,-119.82401923,3
2012,2012-05-04,1655,5,1,16,5,Y,A,Y,A,H,A,D,22,,12,A,,,,,C,N,N,A,1,0,0,0,21453.0,2,34.9727486,-120.43567283,4
2012,2012-05-17,1015,5,1,10,4,N,A,N,A,H,A,D,22,N,17,H,,,,,J,N,N,D,1,0,0,0,23114.0,2,34.96514609,-120.4534286,4
2012,2012-05-22,312,5,1,3,2,Y,A,N,A,H,C,L,04,,14,A,,Y,,,G,N,N,D,1,0,1,0,21201.0,2,34.41314481,-119.85545237,4
2012,2012-05-20,2214,5,1,22,7,N,-,Y,A,H,C,D,22,N,01,E,,,,,I,Y,N,D,1,0,0,0,23152.0,1,34.41546494,-119.55915344,2
2012,2012-05-15,1245,5,1,12,2,N,A,Y,A,H,A,A,01,S,08,E,,,,,I,Y,N,D,1,0,0,0,22107.0,1,34.58641947,-120.40804686,4
2012,2012-05-14,1500,5,1,15,1,N,A,Y,A,H,A,A,01,W,08,E,,,,,I,Y,N,D,1,0,0,0,22107.0,1,34.52352759,-119.83194379,2
2012,2012-05-17,1649,5,1,16,4,N,A,N,A,H,A,A,01,N,08,E,,,,,I,Y,N,D,1,0,0,0,22107.0,1,34.6764415,-120.43948745,4
2012,2012-05-13,1030,5,1,10,7,N,A,N,B,H,A,L,04,S,03,F,,Y,,,A,N,N,D,1,0,1,0,22350.0,1,34.60661487,-120.09817246,3
2012,2012-05-05,1440,5,1,14,6,N,A,Y,A,H,A,A,01,W,03,C,,,,,C,Y,N,A,1,0,0,0,22350.0,2,34.63376392,-120.0810842,4
2012,2012-05-18,1157,5,1,11,5,Y,A,Y,A,H,A,N,60,,11,G,Y,,,,B,N,N,D,1,1,0,0,21950.0,2,34.59600439,-120.13926985,4
2012,2012-05-20,237,5,1,2,7,Y,A,Y,A,H,C,-,- ,,07,E,,,,,I,Y,N,D,1,0,0,0,21658.0,1,34.95423416,-120.43598277,4
2012,2012-05-24,750,5,1,7,4,Y,A,Y,A,H,A,A,01,,12,D,,,,,C,N,N,A,2,0,0,0,21453.0,2,34.95309486,-120.43139257,3
2012,2012-05-20,305,5,1,3,7,N,A,Y,A,H,C,-,- ,E,03,E,,,,,-,Y,N,D,2,0,0,0,22350.0,1,34.98449486,-120.43264257,2
2012,2012-05-20,1835,5,1,18,7,N,G,N,A,H,A,A,01,S,07,D,,,,,C,Y,N,A,1,0,0,0,21658.0,2,,,3
2012,2012-05-20,1414,5,1,14,7,N,A,Y,A,H,A,-,- ,S,03,C,,,,,C,Y,N,A,3,0,0,0,22350.0,3,34.92633973,-120.43614257,4
2012,2012-04-22,2359,4,1,23,7,Y,A,N,A,H,C,-,- ,,08,E,,,,,-,Y,N,A,1,0,0,0,22107.0,1,34.95432483,-120.44396256,4
2012,2012-05-29,711,5,1,7,2,Y,A,N,A,H,A,D,22,,09,A,,,,,C,Y,N,A,2,0,0,0,21801.0,2,34.94988485,-120.42695262,3
2012,2012-05-29,637,5,1,6,2,Y,A,N,A,H,A,-,- ,,12,D,,,,,C,Y,N,A,3,0,0,0,21453.0,2,34.95274,-120.40037,2
2012,2012-05-26,1644,5,1,16,6,N,A,Y,A,H,A,D,22,S,03,F,,,,,C,Y,N,A,3,0,0,0,22350.0,3,34.90899052,-120.43587256,2
2012,2012-05-23,1741,5,1,17,3,Y,A,N,A,H,A,D,22,,03,C,,,,,C,N,N,A,1,0,0,0,22350.0,2,34.92656493,-120.43177255,4
2012,2012-05-25,931,5,1,9,5,N,A,N,A,H,A,-,- ,N,08,F,,,,,J,Y,N,D,1,0,0,0,22107.0,1,34.43821891,-119.70593546,4
2012,2012-05-16,600,5,1,6,3,N,A,Y,A,H,A,A,01,S,08,C,,,,,E,Y,F,D,1,0,0,0,22107.0,3,34.95459931,-120.57403357,3
2012,2012-05-24,406,5,1,4,4,N,A,Y,A,H,D,F,25,N,03,B,,,,Y,C,Y,N,D,2,0,0,0,22350.0,2,34.98474834,-120.43299475,3
2012,2012-05-24,407,5,1,4,4,N,A,Y,A,H,D,D,22,N,03,B,,,,,C,Y,N,D,2,0,0,0,22350.0,2,34.98474834,-120.43299475,3
2012,2012-05-19,1440,5,1,14,6,N,A,Y,A,H,A,A,07,N,08,F,,,,,A,Y,N,D,2,0,0,0,22107.0,1,34.39025421,-119.50425277,3
2012,2012-05-20,1432,5,1,14,7,N,B,Y,A,H,A,A,01,S,03,C,,,,,C,Y,N,D,2,0,0,0,22350.0,2,34.41120682,-119.55365999,3
2012,2012-05-23,1709,5,1,17,3,N,A,Y,A,H,A,A,01,S,03,C,,,,,C,Y,N,D,1,0,0,0,22350.0,3,34.42685282,-119.72745362,4
2012,2012-05-23,1840,5,1,18,3,N,A,Y,A,H,A,A,01,N,08,E,,,,,I,Y,N,D,1,0,0,0,22107.0,1,34.41654637,-119.69178969,4
2012,2012-05-17,945,5,1,9,4,N,A,N,A,H,A,L,04,N,03,F,,Y,,,A,N,N,D,1,0,1,0,22350.0,1,34.47579421,-119.7986449,3
2012,2012-05-09,1642,5,1,16,3,N,A,N,A,H,A,L,04,N,08,H,,Y,Y,,G,N,N,D,2,0,1,1,22107.0,3,34.41195464,-119.85546248,3
2012,2012-05-15,2046,5,1,20,2,N,A,Y,A,H,C,A,07,E,08,C,,,,,E,Y,N,D,1,0,0,0,22107.0,3,34.45149589,-119.75966786,4
2012,2012-05-22,811,5,1,8,2,Y,A,N,A,D,A,D,22,,09,D,,Y,,,G,N,N,A,1,0,1,0,21802.0,2,34.42017491,-119.59594241,3
2012,2012-05-29,1901,5,1,19,2,Y,A,N,A,H,A,-,- ,,00,D,,Y,,,G,N,N,D,1,0,1,0,,2,34.92585491,-120.44052261,4
2012,2012-05-29,840,5,1,8,2,Y,A,Y,A,H,A,-,- ,,- ,B,,,,,C,N,N,A,1,0,0,0,,2,34.92091015,-120.43595256,4
2012,2012-05-13,2147,5,1,21,7,N,A,N,A,H,C,-,- ,W,- ,C,,Y,,,G,N,F,D,1,0,1,0,,2,34.92383363,-120.43263601,3
2012,2012-05-25,1009,5,1,10,5,Y,A,N,A,H,A,-,- ,,03,C,,,,,C,N,N,A,1,0,0,0,22350.0,2,34.92370493,-120.42152259,4
2012,2012-05-26,1824,5,1,18,6,N,A,N,A,H,A,N,60,N,11,G,Y,,,,B,N,N,D,1,1,0,0,21954.0,2,34.96931878,-120.44501262,3
2012,2012-05-25,1337,5,1,13,5,N,A,N,A,H,A,-,- ,S,01,D,,,,,C,Y,N,A,2,0,0,0,23152.0,2,,,4
2012,2012-05-10,1915,5,1,19,4,N,A,N,A,H,B,N,60,E,11,G,Y,,,,B,N,N,D,1,1,0,0,21953.0,2,34.96483482,-120.44970214,3
2012,2012-05-12,1220,5,1,12,6,N,A,N,A,H,A,-,- ,E,03,C,,,,,C,N,N,A,1,0,0,0,22350.0,2,34.97500483,-120.44069261,4
2012,2012-05-10,1054,5,1,10,4,N,A,N,A,H,A,-,- ,W,03,C,,,,,C,Y,N,D,1,0,0,0,22350.0,2,,,4
2012,2012-05-11,753,5,1,7,5,N,A,N,A,H,A,A,01,S,03,C,,,,,C,Y,N,D,1,0,0,0,22350.0,2,,,3
2012,2012-05-06,1132,5,1,11,7,Y,A,N,A,H,A,-,- ,,08,C,,Y,,,G,N,N,A,1,0,1,0,22107.0,2,34.93832484,-120.41944256,4
2012,2012-05-11,1559,5,1,15,5,Y,A,N,A,H,A,-,- ,,09,D,,,,,-,Y,N,D,1,0,0,0,21800.0,2,34.94889489,-120.42696255,4
2012,2012-05-13,1755,5,1,17,7,N,A,N,A,H,A,A,07,N,03,C,,,,,C,Y,N,A,4,0,0,0,22350.0,2,34.90589529,-120.42277785,3
2012,2012-05-11,1601,5,1,16,5,N,A,N,A,H,A,-,- ,N,08,D,,,,,C,N,N,A,2,0,0,0,22100.0,2,34.967737,-120.434452,4
2012,2012-05-11,1033,5,1,10,5,N,A,N,A,H,A,-,- ,W,12,D,,,,,C,Y,N,A,2,0,0,0,21453.0,2,34.91651529,-120.43162262,3
2012,2012-05-09,1404,5,1,14,3,N,A,N,A,H,A,A,01,W,09,D,,,,,D,Y,N,A,2,0,0,0,21804.0,2,34.93144376,-120.43345333,4
2012,2012-05-10,1553,5,1,15,4,N,A,N,A,H,A,A,07,W,03,C,,,,,C,Y,N,A,1,0,0,0,22350.0,2,34.9314262,-120.43196934,4
2012,2012-05-09,1230,5,1,12,3,N,A,N,A,H,A,L,04,N,05,B,,Y,,,G,N,N,D,1,0,1,0,21650.0,2,34.94198809,-120.42483445,3
2012,2012-04-18,238,4,1,2,3,N,A,Y,A,H,D,D,22,E,01,E,,,,,I,Y,N,D,2,0,0,0,23152.0,1,34.48731521,-119.78097358,1
2012,2012-07-15,1723,7,2,17,7,N,A,Y,A,H,A,A,01,S,03,D,,,,,C,Y,N,A,1,0,0,0,22350.0,2,34.86804485,-120.39833255,1
2012,2012-08-08,1555,8,2,15,3,N,A,N,A,H,A,A,08,N,08,E,,,,,I,Y,N,D,6,0,0,0,22107.0,1,34.78365354,-120.16545614,1
2012,2012-07-23,1610,7,2,16,1,Y,A,N,A,H,A,A,01,,09,D,,,,,C,Y,N,A,1,0,0,0,21802.0,2,34.91023487,-120.34702252,1
2012,2012-07-19,2253,7,2,22,4,N,A,Y,A,H,D,A,01,W,03,C,,,,Y,C,Y,N,D,0,0,0,0,22350.0,2,34.95584699,-120.49663539,1
2012,2012-07-07,1930,7,2,19,6,Y,A,N,A,H,A,A,01,,09,H,,Y,,,G,N,N,A,1,0,1,0,21801.0,2,34.43004484,-119.69042238,3
2012,2012-10-23,1930,10,3,19,2,N,A,N,A,H,C,L,04,N,05,H,,Y,,,G,N,N,D,0,0,0,0,21650.0,2,,,1
2012,2012-09-22,2027,9,3,20,6,N,A,Y,A,H,C,N,60,S,11,G,Y,,,,B,Y,N,D,2,2,0,0,21954.0,4,34.94659173,-120.43604114,1
2012,2012-10-07,1816,10,3,18,7,N,A,N,A,H,A,A,01,W,10,G,Y,,,,B,N,N,A,1,0,0,0,21950.0,2,34.65348479,-120.47042587,1
2012,2012-09-11,2045,9,3,20,2,N,B,N,A,H,D,N,60,W,11,G,Y,,,,B,N,N,D,0,0,0,0,21954.0,2,34.43965674,-119.77280818,1
2012,2012-06-06,520,6,2,5,3,N,A,Y,-,-,-,A,07,E,03,H,,,,,A,N,N,A,1,0,0,0,22350.0,1,34.43613763,-119.60109728,1
2012,2012-05-13,59,5,1,0,7,N,A,Y,A,H,C,N,60,S,11,G,Y,,,,B,N,F,D,0,0,0,0,21461.0,2,34.95016486,-120.41731257,1
2012,2012-10-15,2226,10,3,22,1,Y,A,Y,A,H,C,N,60,,11,G,Y,,,,B,N,N,A,0,0,0,0,21950.0,2,34.43772484,-119.75247241,1
2012,2012-11-03,2304,11,3,23,6,N,A,Y,A,H,C,N,60,N,11,G,Y,,,,B,N,N,A,0,0,0,0,21461.0,6,34.41988765,-119.68219546,1
2012,2012-10-28,1246,10,3,12,7,N,A,N,A,H,A,A,01,W,01,E,,,,,I,Y,N,D,0,0,0,0,23152.0,1,34.67065532,-120.42611301,1
2012,2012-10-27,757,10,3,7,6,N,A,Y,A,H,A,A,01,E,01,A,,,,Y,C,Y,N,D,1,0,0,0,23152.0,2,,,1
2012,2012-12-03,435,12,4,4,1,N,B,Y,B,H,D,D,22,N,08,E,,,,,I,Y,N,D,0,0,0,0,22107.0,1,34.71081863,-120.18165515,1
2012,2012-12-27,2150,12,4,21,4,N,A,Y,A,H,D,A,01,E,08,E,,,,,I,Y,N,D,0,0,0,0,22107.0,1,35.05718232,-120.17935799,1
2012,2012-11-24,2119,11,3,21,6,N,A,Y,A,H,D,A,07,E,01,E,,,,,I,Y,N,D,1,0,0,0,23152.0,1,34.60228384,-120.16680468,1
2012,2012-12-21,2344,12,4,23,5,N,A,Y,A,H,D,N,60,W,11,G,Y,,,,B,Y,F,D,0,0,0,0,21954.0,6,34.54517221,-119.87839266,1
2013,2013-02-05,1859,2,4,18,2,N,A,N,A,H,C,A,01,N,00,G,Y,,,,B,Y,F,D,2,0,0,0,23103.0,2,,,1
2013,2013-01-08,2059,1,4,20,2,N,A,N,A,H,D,C,02,S,03,F,,,Y,,A,Y,N,D,0,0,0,0,22350.0,1,34.4458486,-119.6583203,1
2012,2012-05-22,1147,5,1,11,2,N,A,N,A,H,A,D,23,W,22,C,,,,,C,N,N,A,1,0,0,0,,3,34.42009902,-119.70341076,4
2012,2012-05-28,1918,5,1,19,1,N,A,N,A,H,A,N,60,W,11,G,Y,,,,B,N,N,D,1,1,0,0,21956.0,2,34.41172588,-119.86017706,2