ACCIDENT_YEAR,COLLISION_DATE,COLLISION_TIME,MONTH,SEASON,24HOURS,DAY_OF_WEEK,INTERSECTION,WEATHER_1,STATE_HWY_IND,ROAD_SURFACE,ROAD_COND_1,LIGHTING,STWD_VEHTYPE_AT_FAULT,CHP_VEHTYPE_AT_FAULT,DIRECTION,PCF_VIOL_CATEGORY,TYPE_OF_COLLISION,PEDESTRIAN_ACCIDENT,BICYCLE_ACCIDENT,MOTORCYCLE_ACCIDENT,TRUCK_ACCIDENT,MVIW,TOW_AWAY,HIT_AND_RUN,CONTROL_DEVICE,NUMBER_INJURED,COUNT_PED_INJURED,COUNT_BICYCLIST_INJURED,COUNT_MC_INJURED,PCF_VIOLATION,PARTY_COUNT,POINT_Y,POINT_X,COLLISION_SEVERITY
2012,2012-05-28,1610,5,1,16,1,N,A,Y,A,H,A,A,01,S,03,C,,,,,C,Y,N,D,2,0,0,0,22350.0,4,34.42205008,-119.66373165,4
2012,2012-05-24,1205,5,1,12,4,N,A,Y,A,H,A,A,01,N,08,E,,,,,I,Y,N,D,1,0,0,0,22107.0,1,34.42647731,-119.72386283,3
2012,2012-05-24,830,5,1,8,4,N,A,Y,A,H,A,A,07,S,07,C,,,,,C,Y,N,D,3,0,0,0,21658.0,3,34.42102213,-119.59945929,3
2012,2012-05-14,200,5,1,2,1,N,A,Y,A,H,C,A,07,S,01,E,,,,,I,Y,N,D,1,0,0,0,23152.0,1,34.41357485,-119.6948124,4
2012,2012-05-15,1145,5,1,11,2,Y,A,N,A,H,A,L,04,,09,D,,Y,,,G,N,N,A,1,0,1,0,21804.0,2,34.41622487,-119.86260237,4
2012,2012-06-05,822,6,2,8,2,N,A,Y,A,H,A,A,07,S,03,C,,,,,C,Y,N,A,1,0,0,0,22350.0,2,34.41063196,-119.55252891,4
2012,2012-06-04,720,6,2,7,1,N,B,N,A,H,A,L,04,W,03,F,,Y,,,A,N,N,D,1,0,1,0,22350.0,1,34.43643503,-119.7737784,3
2012,2012-06-01,1803,6,2,18,5,N,A,Y,A,H,A,A,01,N,03,C,,,,,C,N,N,D,1,0,0,0,22350.0,2,34.42301485,-119.65831217,4
2012,2012-05-24,1805,5,1,18,4,N,A,N,A,H,A,C,02,N,03,E,,,Y,,I,N,N,D,1,0,0,1,22350.0,1,34.51100825,-119.80737069,2
2012,2012-05-26,1810,5,1,18,6,N,A,Y,A,H,A,A,07,N,03,C,,,,,C,N,N,D,1,0,0,0,22350.0,2,34.40181158,-119.51900582,4
2012,2012-05-28,1550,5,1,15,1,N,A,Y,A,H,A,A,01,N,03,C,,,,,C,Y,N,A,2,0,0,0,22350.0,2,34.88320172,-120.43668256,4
2012,2012-05-24,405,5,1,4,4,N,A,Y,A,H,D,A,01,N,03,B,,,,,C,Y,N,D,3,0,0,0,22350.0,2,34.98474834,-120.43299475,3
2012,2012-05-24,404,5,1,4,4,N,A,Y,A,H,D,A,01,N,08,E,,,,,I,Y,N,D,2,0,0,0,22107.0,1,34.98474834,-120.43299475,3
2012,2012-05-27,1725,5,1,17,7,N,A,N,A,H,A,A,07,W,01,E,,,,,I,Y,N,D,1,0,0,0,23152.0,1,34.86504481,-120.43372249,3
2012,2012-05-19,150,5,1,1,6,N,A,Y,A,H,D,A,01,N,01,F,,,,,I,Y,N,A,2,0,0,0,23152.0,1,34.75622184,-120.33710174,3
2012,2012-06-12,805,6,2,8,2,N,A,Y,A,D,A,A,01,N,08,E,,,,,I,Y,N,D,1,0,0,0,22107.0,1,34.98134007,-120.43131384,4
2012,2012-06-09,1331,6,2,13,6,Y,A,N,A,H,A,A,01,,09,D,,,,,C,Y,N,A,1,0,0,0,21801.0,2,34.86502493,-120.42710259,3
2012,2012-05-14,754,5,1,7,1,N,A,N,A,H,A,A,01,W,03,C,,,,,C,Y,N,A,1,0,0,0,22350.0,3,34.43807304,-119.78184721,4
2012,2012-05-05,1020,5,1,10,6,N,A,N,A,H,A,A,07,E,03,C,,,,,C,Y,N,D,1,0,0,0,22350.0,2,34.45156497,-119.79455388,4
2012,2012-05-06,1425,5,1,14,7,N,A,N,B,G,A,L,04,N,03,F,,Y,,,A,N,N,D,1,0,1,0,22350.0,1,34.47089037,-120.06923059,2
2012,2012-05-10,1350,5,1,13,4,N,A,Y,A,H,A,C,02,N,01,E,,,Y,,I,Y,N,D,1,0,0,1,23152.0,1,34.41836484,-119.7105824,2
2012,2012-05-01,1015,5,1,10,2,Y,E,Y,B,H,A,A,01,,09,D,,,,,C,Y,N,A,1,0,0,0,21802.0,2,34.49195485,-119.79679243,4
2012,2012-05-12,1715,5,1,17,6,N,A,Y,A,H,A,A,01,N,08,F,,,,,A,Y,N,A,1,0,0,0,22107.0,1,34.47249657,-120.11937061,3
2012,2012-05-27,1548,5,1,15,7,Y,A,Y,A,H,A,D,22,,03,C,,,,,C,N,N,A,1,0,0,0,22350.0,2,34.66284784,-120.45782389,4
2012,2012-06-02,2048,6,2,20,6,Y,A,N,A,H,C,-,- ,,01,D,,,,,C,Y,F,A,2,0,0,0,23153.0,2,34.42872492,-119.71691239,3
2012,2012-06-03,2155,6,2,21,7,Y,A,N,A,H,C,-,- ,,12,G,Y,,,,B,N,N,D,1,1,0,0,22450.0,2,34.42342485,-119.68387236,4
2012,2012-06-02,2037,6,2,20,6,N,A,N,A,H,C,-,- ,S,08,E,,,,,I,Y,N,D,1,0,0,0,22107.0,1,34.4038412,-119.72162502,4
2012,2012-05-23,1808,5,1,18,3,Y,A,N,A,H,A,-,- ,,00,B,,,,,C,N,F,A,1,0,0,0,,3,34.42080485,-119.67519235,4
2012,2012-05-23,1532,5,1,15,3,Y,A,N,A,H,A,-,- ,,09,D,,,,,C,Y,N,D,2,0,0,0,21802.0,2,34.43167486,-119.72065238,2
2012,2012-05-18,1456,5,1,14,5,Y,A,N,A,H,A,-,- ,,09,D,,,,,C,Y,N,A,3,0,0,0,21801.0,2,34.42449482,-119.68276233,3
2012,2012-05-29,1609,5,1,16,2,N,A,N,A,H,A,L,04,W,09,B,,Y,,,G,N,N,A,1,0,1,0,21804.0,2,34.42617932,-119.70834237,3
2012,2012-05-25,1426,5,1,14,5,Y,A,Y,A,A,A,A,01,,12,D,,,,,C,N,N,A,1,0,0,0,21453.0,2,34.41293485,-119.7029924,4
2012,2012-05-24,1354,5,1,13,4,Y,A,N,A,H,A,-,- ,,09,D,,,,,C,N,N,A,1,0,0,0,21802.0,2,34.42607486,-119.71070232,4
2012,2012-05-28,1016,5,1,10,1,Y,A,N,A,H,A,-,- ,,09,D,,,,,C,Y,N,D,1,0,0,0,21802.0,2,34.41844484,-119.70284237,4
2012,2012-05-12,1610,5,1,16,6,N,B,N,A,H,A,-,- ,N,00,C,,Y,,,G,N,N,D,1,0,1,0,,2,34.42596775,-119.71569204,4
2012,2012-05-03,1000,5,1,10,4,Y,A,N,A,H,A,-,- ,,00,D,,,,,C,N,N,A,1,0,0,0,,2,34.42607486,-119.71070232,4
2012,2012-05-13,2222,5,1,22,7,N,A,N,A,H,C,-,- ,N,00,A,Y,,,,B,N,F,D,1,1,0,0,,2,34.43735183,-119.72691724,3
2012,2012-05-13,1345,5,1,13,7,N,A,N,A,H,A,-,- ,S,21,B,,,,,C,N,N,D,1,0,0,0,22106.0,2,,,4
2012,2012-05-16,2220,5,1,22,3,Y,A,N,A,H,C,-,- ,,01,C,,,,,C,Y,N,A,1,0,0,0,23152.0,2,34.41272484,-119.69993244,4
2012,2012-05-10,1403,5,1,14,4,N,A,N,A,H,A,-,- ,N,00,C,,,,,C,N,N,A,1,0,0,0,,2,34.42106213,-119.71156965,3
2012,2012-05-19,1020,5,1,10,6,N,A,N,A,B,A,-,- ,N,00,B,,Y,,,G,Y,F,D,1,0,0,0,,2,34.45289371,-119.68907323,3
2012,2012-05-19,1755,5,1,17,6,Y,A,N,A,H,A,-,- ,,- ,C,,,,,C,N,N,A,3,0,0,0,,2,34.43405487,-119.71127241,4
2012,2012-05-19,1950,5,1,19,6,N,A,N,A,H,A,-,- ,E,00,H,,Y,,,A,N,N,D,1,0,1,0,,2,34.44139486,-119.74014236,3
2012,2012-05-04,1829,5,1,18,5,Y,A,N,A,H,A,N,60,,11,G,Y,,,,B,N,N,A,1,1,0,0,21950.0,2,34.42023484,-119.70785234,4
2012,2012-05-16,1119,5,1,11,3,N,A,Y,A,H,A,L,04,W,09,D,,Y,,,G,N,N,D,1,0,1,0,21801.0,2,34.41007937,-119.69665334,3
2012,2012-05-11,1725,5,1,17,5,Y,B,N,A,H,A,-,- ,,- ,B,,,,,C,N,F,A,1,0,0,0,,2,34.42555488,-119.70217232,4
2012,2012-05-23,1115,5,1,11,3,Y,A,N,A,H,A,L,04,,12,D,,Y,,,G,N,N,A,1,0,1,0,22450.0,2,34.41728482,-119.83128241,3
2012,2012-06-05,1815,6,2,18,2,N,A,Y,A,H,A,D,22,N,01,C,,,,,C,N,N,D,1,0,0,0,23152.0,2,34.42835485,-119.73734241,4
2012,2012-05-20,1215,5,1,12,7,N,B,Y,A,H,A,L,04,S,08,E,,Y,,,I,Y,N,D,1,0,1,0,22107.0,1,34.38789485,-119.49615237,3
2012,2012-06-02,1010,6,2,10,6,N,B,Y,A,H,A,L,04,W,04,F,,Y,,,A,N,N,D,1,0,1,0,21703.0,1,34.40933755,-119.51723395,2
2012,2012-05-25,1724,5,1,17,5,N,A,N,A,H,A,-,- ,E,03,C,,,,,C,Y,N,A,1,0,0,0,22350.0,3,34.41728488,-119.70639234,4
2012,2012-05-23,1055,5,1,10,3,N,A,Y,A,H,A,A,01,,08,E,,,,,I,Y,N,D,3,0,0,0,22107.0,1,34.71869692,-120.20401974,3
2012,2012-05-26,2015,5,1,20,6,N,A,Y,A,H,C,A,01,N,01,F,,,,,A,Y,N,D,1,0,0,0,23152.0,1,34.98109796,-120.43117082,3
2012,2012-06-08,1516,6,2,15,5,Y,A,N,A,H,A,N,60,,11,D,Y,,,,B,N,N,A,1,1,0,0,21950.0,2,34.91341,-120.42499,3
2012,2012-06-08,2140,6,2,21,5,Y,A,Y,A,H,C,A,01,,12,D,,,,,C,Y,N,A,1,0,0,0,21453.0,2,34.92480485,-120.43614257,4
2012,2012-06-07,1155,6,2,11,4,N,A,Y,A,H,A,-,- ,E,18,H,,Y,,,G,N,N,D,1,0,1,0,,1,34.40264665,-119.72662772,4
2012,2012-06-12,614,6,2,6,2,N,B,N,A,H,B,-,- ,N,08,B,,,,,E,Y,N,D,1,0,0,0,22107.0,2,34.43004303,-119.69296919,3
2012,2012-06-06,2201,6,2,22,3,Y,A,N,A,H,C,-,- ,,01,D,,,,,C,Y,F,A,1,0,0,0,23152.0,3,34.94959488,-120.45158256,4
2012,2012-05-23,629,5,1,6,3,Y,A,N,A,H,A,-,- ,,09,D,,,,,C,Y,N,A,3,0,0,0,21802.0,3,34.92875482,-120.4538925,3
2012,2012-06-07,1240,6,2,12,4,N,A,N,A,H,A,-,- ,W,00,D,,,,,C,Y,N,D,1,0,0,0,,2,34.41635307,-119.71653178,4
2012,2012-06-09,1131,6,2,11,6,Y,A,Y,A,H,A,A,07,,12,D,,,,,D,Y,N,A,1,0,0,0,21453.0,2,34.93410037,-120.4361425,4
2012,2012-06-04,1257,6,2,12,1,N,A,N,A,H,A,-,- ,N,03,C,,,,,C,Y,N,A,2,0,0,0,22350.0,2,34.93755082,-120.43168451,4
2012,2012-06-05,1718,6,2,17,2,Y,A,N,A,H,A,-,- ,,03,C,,,,,C,Y,N,A,1,0,0,0,22350.0,2,34.95752484,-120.43141257,4
2012,2012-06-09,1501,6,2,15,6,Y,A,N,A,H,A,-,- ,,03,C,,,,,C,N,N,A,2,0,0,0,22350.0,2,34.43313481,-119.71003239,4
2012,2012-06-02,2344,6,2,23,6,N,A,N,A,H,C,-,- ,E,01,B,,,,,E,Y,M,D,1,0,0,0,23152.0,4,34.96552022,-120.44674227,4
2012,2012-05-02,1715,5,1,17,3,Y,A,N,A,H,A,-,- ,,03,C,,,,,C,N,N,D,1,0,0,0,22350.0,2,34.43531492,-119.73363246,4
2012,2012-06-08,1333,6,2,13,5,N,A,Y,A,H,A,-,- ,N,00,H,,Y,,,-,N,N,D,1,0,1,0,,1,34.41303042,-119.74025795,3
2012,2012-06-05,1734,6,2,17,2,N,A,Y,A,H,A,D,22,S,03,C,,,,,C,Y,N,D,1,0,0,0,22350.0,3,34.420181,-119.67548726,3
2012,2012-06-14,1450,6,2,14,4,Y,B,N,A,H,A,D,22,,03,C,,,,,C,N,N,D,1,0,0,0,22350.0,2,34.41668489,-119.58032235,4
2012,2012-06-25,850,6,2,8,1,Y,A,N,A,H,A,D,22,,12,D,,,,,C,Y,N,A,4,0,0,0,21453.0,2,34.92656493,-120.43177255,3
2012,2012-06-17,331,6,2,3,7,Y,A,N,A,H,C,-,- ,,17,A,,,,,I,,N,A,1,0,0,0,21451.0,1,34.9317349,-120.44455261,4
2012,2012-06-16,1608,6,2,16,6,N,A,N,A,H,A,A,01,W,08,G,Y,,,,B,N,N,D,1,1,0,0,22108.0,2,34.94890365,-120.4250728,4
2012,2012-06-21,1410,6,2,14,4,Y,A,N,A,H,A,-,- ,,09,D,,,,,C,Y,N,D,2,0,0,0,21804.0,2,34.95205485,-120.41213252,3
2012,2012-06-23,1421,6,2,14,6,N,A,N,A,H,A,-,- ,S,12,D,,,,,C,Y,N,A,1,0,0,0,21453.0,2,34.91277197,-120.4316359,4
2012,2012-06-23,2053,6,2,20,6,Y,A,N,A,H,C,-,- ,,09,D,,,,,C,N,N,A,1,0,0,0,21802.0,2,34.95650491,-120.4414125,4
2012,2012-06-25,1739,6,2,17,1,N,A,N,A,H,A,-,- ,W,03,C,,,,,C,N,N,A,1,0,0,0,22350.0,2,34.96036647,-120.42510608,4
2012,2012-06-21,1610,6,2,16,4,Y,A,N,A,H,A,-,- ,,03,E,,,,,I,Y,N,D,2,0,0,0,22350.0,2,34.93660492,-120.44336249,3
2012,2012-06-24,945,6,2,9,7,N,A,N,A,H,A,-,- ,W,08,B,,,,,C,Y,N,A,1,0,0,0,22107.0,2,34.95315625,-120.44408269,4
2012,2012-06-25,1621,6,2,16,1,N,A,Y,A,H,A,-,- ,S,03,C,,,,,C,N,N,A,1,0,0,0,22350.0,2,34.92955983,-120.43596257,4
2012,2012-06-15,1917,6,2,19,5,Y,A,Y,A,H,A,-,- ,,10,G,Y,,,,B,N,N,A,3,3,0,0,21950.0,4,34.93409702,-120.43593266,4
2012,2012-06-13,1538,6,2,15,3,Y,A,N,A,H,A,A,01,,08,A,,,,,I,Y,N,D,1,0,0,0,22107.0,1,34.43500485,-119.81037244,3
2012,2012-06-24,50,6,2,0,7,N,A,Y,A,H,C,D,22,S,01,F,,,,,I,Y,N,A,1,0,0,0,23152.0,1,34.41643618,-119.5620152,3
2011,2011-12-20,1816,12,4,18,2,N,A,N,A,H,D,N,60,S,11,G,Y,,Y,,B,N,N,D,2,1,0,1,21954.0,2,34.4341698,-119.80929402,2
2012,2012-05-31,1545,5,1,15,4,N,A,Y,A,H,A,F,26,E,08,E,,,,Y,I,Y,N,D,1,0,0,0,22107.0,1,34.56185087,-119.92723188,3
2012,2012-05-19,1145,5,1,11,6,N,A,Y,A,H,A,D,22,W,03,C,,,,,C,Y,N,D,1,0,0,0,22350.0,3,34.63317653,-120.28880556,4
2012,2012-06-06,2335,6,2,23,3,N,A,Y,A,H,D,G,25,N,08,E,,,,Y,I,Y,N,D,1,0,0,0,22107.0,1,34.51997573,-120.33242477,4
2012,2012-06-09,1100,6,2,11,6,N,A,N,A,H,A,D,22,E,03,E,,,,,I,N,N,D,1,0,0,0,22350.0,1,34.68329418,-119.9172074,4
2012,2012-06-20,1704,6,2,17,3,N,A,N,A,H,A,A,01,W,04,C,,,,,C,Y,N,D,2,0,0,0,21703.0,2,,,4
2012,2012-06-11,1340,6,2,13,1,Y,A,Y,A,H,A,-,- ,,03,C,,,,,C,N,N,A,1,0,0,0,22350.0,2,34.97512181,-120.43564069,4
2012,2012-06-15,1421,6,2,14,5,N,A,N,A,H,A,-,- ,W,09,D,,,,,C,N,N,D,1,0,0,0,21804.0,2,34.93853211,-120.43730984,4
2012,2012-06-17,1815,6,2,18,7,Y,A,N,A,H,A,-,- ,,12,D,,,,,C,Y,N,A,3,0,0,0,21453.0,2,34.91651482,-120.43159259,3
2012,2012-06-28,1400,6,2,14,4,N,A,N,A,H,A,A,01,S,03,C,,,,,C,Y,N,A,1,0,0,0,22350.0,3,34.40877223,-119.69480157,4
2012,2012-06-11,1550,6,2,15,1,Y,A,N,A,H,A,-,- ,,00,G,Y,,,,B,N,F,A,1,1,0,0,,2,34.44055488,-119.75108241,4
2012,2012-06-25,1240,6,2,12,1,Y,A,N,A,H,A,-,- ,,00,D,,,,,C,Y,N,A,1,0,0,0,,2,34.44048492,-119.74014233,4
2012,2012-06-25,1011,6,2,10,1,Y,A,N,A,H,A,A,01,,12,D,,,,,C,Y,N,A,1,0,0,0,21453.0,2,34.41367486,-119.69890238,4
2012,2012-06-26,1205,6,2,12,2,Y,A,N,A,H,A,-,- ,,22,E,Y,Y,,,I,N,N,A,1,0,1,0,,2,34.42058488,-119.7005824,4
2012,2012-06-27,1816,6,2,18,3,Y,A,N,-,H,A,A,01,,10,G,Y,,,,B,N,N,-,1,1,0,0,21950.0,2,34.42084482,-119.6957624,3
2012,2012-06-26,1030,6,2,10,2,N,A,N,A,H,A,A,01,W,09,H,,,Y,,C,N,N,D,1,0,0,1,21801.0,2,34.43212541,-119.72478554,3
2012,2012-06-25,1425,6,2,14,1,N,A,N,A,H,A,-,- ,S,21,C,,,,,C,Y,N,D,1,0,0,0,22106.0,2,34.41723477,-119.70120727,4
2012,2012-06-30,2335,6,2,23,6,N,A,N,A,H,D,A,08,S,01,H,,Y,,,G,N,F,D,1,0,1,0,23153.0,2,34.42693568,-119.67337986,3
2012,2012-06-30,2204,6,2,22,6,N,A,N,A,H,C,-,- ,E,00,H,,Y,,,A,N,N,D,1,0,1,0,,1,34.42688687,-119.69385026,3
2012,2012-07-02,917,7,2,9,1,N,A,N,A,H,A,-,- ,W,21,D,,,,,C,Y,N,D,1,0,0,0,22106.0,2,34.42417422,-119.70592481,2
2012,2012-05-29,1515,5,1,15,2,N,A,N,A,H,A,D,22,E,03,D,,,,,C,N,N,A,1,0,0,0,22350.0,2,34.44431335,-119.85433355,4
2012,2012-06-11,1205,6,2,12,1,N,A,N,A,H,A,A,07,N,03,C,,,,,C,Y,N,A,1,0,0,0,22350.0,5,34.95223624,-120.43157557,4
2012,2012-06-03,1456,6,2,14,7,N,A,N,A,H,A,L,04,S,01,F,,Y,,,A,N,N,D,1,0,1,0,21200.0,1,34.42227527,-119.70291032,3
2012,2012-06-02,1911,6,2,19,6,Y,A,N,-,H,-,-,- ,,08,-,,,,,C,Y,N,A,1,0,0,0,22107.0,2,34.42339486,-119.70444234,3
2012,2012-06-02,1714,6,2,17,6,N,A,N,A,H,A,-,- ,E,03,C,,,,,C,Y,N,-,2,0,0,0,22350.0,3,34.4405391,-119.74811744,4
2012,2012-04-21,1654,4,1,16,6,Y,A,N,A,H,A,-,- ,,09,D,,,,,C,Y,N,D,4,0,0,0,21804.0,2,34.93873483,-120.46104253,4
2012,2012-01-08,1425,1,4,14,7,N,A,N,A,H,A,L,04,,- ,D,,Y,,,G,N,N,D,1,0,1,0,,2,34.4417049,-119.83067234,3
2012,2012-06-01,1216,6,2,12,5,N,B,Y,A,H,A,A,01,S,09,C,,,,,C,N,N,D,1,0,0,0,21804.0,2,34.65435248,-120.45778359,4
2012,2012-06-17,1011,6,2,10,7,N,A,N,A,H,A,-,- ,N,08,B,,,,,E,Y,N,D,1,0,0,0,22107.0,3,34.410417,-119.71789637,3
2012,2012-06-17,10,6,2,0,7,Y,A,N,A,H,C,-,- ,,12,D,,,,,C,Y,N,A,1,0,0,0,21453.0,2,34.44045484,-119.75408235,4
2012,2012-06-11,1806,6,2,18,1,Y,A,N,A,H,A,-,- ,,12,D,,,,,C,Y,N,D,1,0,0,0,21453.0,2,34.41941481,-119.70413233,4
2012,2012-06-10,1256,6,2,12,7,N,A,N,A,H,A,-,- ,N,00,C,,Y,,,C,N,N,D,1,0,1,0,,2,34.41498498,-119.69292714,3
2012,2012-06-15,1249,6,2,12,5,N,A,Y,A,H,A,-,- ,W,09,B,,,,,C,Y,N,D,2,0,0,0,21804.0,2,34.40190708,-119.72358879,4
2012,2012-06-12,1434,6,2,14,2,N,A,N,A,H,A,N,60,S,11,B,Y,Y,,,B,N,N,A,2,1,1,0,21954.0,2,34.41951079,-119.69913145,4
2012,2012-06-10,1920,6,2,19,7,N,A,N,A,H,A,N,60,W,11,G,Y,,,,B,N,N,D,1,1,0,0,21955.0,2,,,3
2012,2012-06-13,1302,6,2,13,3,N,B,N,A,H,A,-,- ,N,00,F,,Y,,,-,N,N,D,1,0,1,0,,1,34.44541955,-119.72474246,3
2012,2012-06-20,1220,6,2,12,3,N,B,Y,A,H,A,A,01,N,03,C,,,,,C,N,N,D,1,0,0,0,22350.0,3,34.42081977,-119.71393134,4
2012,2012-06-16,1600,6,2,16,6,N,A,N,A,H,A,-,- ,N,18,H,,,Y,,H,Y,N,D,1,0,0,1,,1,34.54180568,-119.78709349,3
2012,2012-06-26,1555,6,2,15,2,N,A,Y,A,H,A,D,22,N,03,C,,,,,C,Y,N,A,3,0,0,0,22350.0,3,34.43868484,-119.75389241,4
2012,2012-06-11,2037,6,2,20,1,Y,B,N,A,H,C,A,01,,09,D,,,,,C,Y,N,D,1,0,0,0,21802.0,2,34.42902483,-119.63159236,4
2012,2012-06-28,745,6,2,7,4,N,A,Y,-,A,A,A,08,N,08,E,,,,,I,Y,N,A,1,0,0,0,22107.0,1,34.47315948,-120.19711181,2
2012,2012-06-24,1500,6,2,15,7,Y,A,Y,A,H,A,A,01,,09,D,,,,,C,Y,N,A,4,0,0,0,21802.0,2,34.53353248,-119.85781976,4
2012,2012-06-26,1145,6,2,11,2,N,A,Y,A,D,A,A,07,N,03,C,,,,,C,Y,N,D,3,0,0,0,22350.0,4,34.38524986,-119.48781815,4
2012,2012-04-20,1140,4,1,11,5,N,A,N,A,H,A,-,- ,E,09,C,,,Y,,C,Y,F,A,1,0,0,1,21802.0,3,34.43965481,-119.83439045,3
2012,2012-06-24,1918,6,2,19,7,N,A,Y,A,H,A,A,07,E,08,F,,,,,A,Y,N,D,1,0,0,0,22107.0,1,34.96532127,-119.72772993,3
2012,2012-06-14,1401,6,2,14,4,Y,A,N,A,H,A,A,07,,09,D,,,,,C,Y,N,D,1,0,0,0,21801.0,3,34.86529484,-120.38318259,4
2012,2012-05-30,849,5,1,8,3,Y,A,N,A,H,A,-,,,09,B,,Y,,,G,N,N,D,1,0,1,0,21804.0,2,34.42232482,-119.67821237,4
2012,2012-05-29,1830,5,1,18,2,N,A,N,A,H,A,-,- ,E,10,G,Y,,,,B,N,N,A,1,1,0,0,21950.0,2,34.42659711,-119.71911923,3
2012,2012-06-22,2318,6,2,23,5,N,A,N,A,H,C,-,- ,N,00,H,,Y,,,G,N,N,A,1,0,1,0,,2,34.41749897,-119.70413927,3
2012,2012-06-21,1228,6,2,12,4,N,B,N,A,H,A,N,60,W,11,G,Y,,,,B,N,N,D,1,1,0,0,21954.0,2,34.42531067,-119.67731028,3
2012,2012-06-18,844,6,2,8,1,Y,B,N,A,H,A,-,- ,,12,D,,,,,C,Y,N,A,2,0,0,0,21453.0,2,34.41898489,-119.69325244,3
2012,2012-06-20,1630,6,2,16,3,Y,A,N,-,A,A,-,- ,,09,H,,Y,,,G,N,N,A,1,0,1,0,21801.0,2,34.42476489,-119.72669241,4
2012,2012-06-19,1241,6,2,12,2,N,B,N,A,H,A,A,07,N,04,C,,,,,C,N,N,D,1,0,0,0,21703.0,2,34.41864089,-119.70059989,4
2012,2012-06-20,954,6,2,9,3,N,B,N,A,H,A,L,04,S,08,H,,Y,,,G,N,N,A,1,0,1,0,22107.0,2,34.42610867,-119.70824526,2
2012,2012-06-18,1323,6,2,13,1,N,A,N,A,H,A,-,- ,S,17,H,,Y,,,G,N,N,D,1,0,1,0,22517.0,2,34.4174121,-119.69892198,4
2012,2012-06-02,408,6,2,4,6,N,B,N,A,H,C,D,22,W,01,E,,,,,I,Y,N,D,1,0,0,0,23152.0,1,34.43363445,-119.89385809,3
2012,2012-06-07,1718,6,2,17,4,N,A,Y,A,H,A,A,01,W,03,C,,,,,C,Y,N,D,1,0,0,0,22350.0,3,34.95546116,-120.49135105,4
2012,2012-06-21,1619,6,2,16,4,Y,A,Y,A,H,A,A,01,,12,H,,Y,,,G,N,N,A,1,0,1,0,21453.0,2,34.43934484,-119.83511243,3
2012,2012-06-18,643,6,2,6,1,N,E,N,A,H,A,A,01,E,09,D,,,,,C,N,N,D,3,0,0,0,21804.0,2,34.88305741,-120.43317931,4
2012,2012-06-10,2100,6,2,21,7,N,A,Y,A,H,D,C,02,S,01,F,,,Y,,J,Y,N,D,1,0,0,1,23152.0,1,34.77258733,-120.42871176,3
2012,2012-06-07,1400,6,2,14,4,N,A,N,A,H,A,N,60,W,11,H,Y,Y,,,A,N,N,A,1,1,0,0,21954.0,3,34.88312367,-120.41890593,3
2012,2012-06-11,220,6,2,2,1,N,A,Y,A,H,D,A,01,N,01,E,,,,,I,Y,N,D,1,0,0,0,23152.0,1,34.50897962,-119.82159917,4
2012,2012-06-13,855,6,2,8,3,N,B,N,A,H,A,A,01,N,08,E,,,,,I,Y,N,D,1,0,0,0,22107.0,1,34.44561249,-119.61684622,3
2012,2012-06-14,1315,6,2,13,4,N,A,Y,A,H,A,A,01,S,03,C,,,,,C,Y,N,D,1,0,0,0,22350.0,3,34.41836484,-119.7105824,4
2012,2012-06-14,1635,6,2,16,4,N,A,Y,A,H,A,A,07,N,07,C,,,,,C,Y,N,D,2,0,0,0,21658.0,3,34.41581485,-119.6922424,4
2012,2012-06-12,1723,6,2,17,2,N,A,Y,A,H,A,A,07,S,03,C,,,,,C,Y,N,D,3,0,0,0,22350.0,3,34.4199135,-119.67089262,4
2012,2012-06-12,1740,6,2,17,2,Y,A,Y,A,H,A,A,01,,09,H,,Y,,,G,N,N,D,1,0,1,0,21802.0,2,34.4517866,-119.75709872,4
2012,2012-06-10,104,6,2,1,7,N,A,Y,A,-,D,N,60,S,11,G,Y,,,,B,N,N,D,1,1,0,0,21956.0,2,34.8779701,-120.48910389,3
2012,2012-06-14,1550,6,2,15,4,Y,A,N,A,H,A,D,22,,12,G,Y,,,,B,N,N,D,1,1,0,0,21453.0,2,34.44388487,-119.7893824,2
2012,2012-06-14,1915,6,2,19,4,N,A,Y,A,H,A,F,26,N,07,B,,,,Y,C,Y,N,D,1,0,0,0,21658.0,2,34.50931077,-120.22579905,4
2012,2012-07-05,1400,7,2,14,4,Y,A,Y,A,H,A,A,07,,09,D,,,,,C,Y,N,A,2,0,0,0,21802.0,2,34.61039485,-120.05510248,3
2012,2012-06-26,1335,6,2,13,2,N,A,N,A,H,A,-,- ,N,00,B,,,,,C,N,M,D,1,0,0,0,,2,34.61471595,-120.17310301,2
2012,2012-06-30,1432,6,2,14,6,N,A,Y,A,H,A,A,07,S,07,B,,,,,C,Y,N,D,2,0,0,0,21658.0,2,34.40624562,-119.54535798,3
2012,2012-07-01,610,7,2,6,7,N,A,Y,A,H,A,D,22,N,08,E,,,,,I,Y,N,D,1,0,0,0,22107.0,1,34.44101743,-119.76358983,4
2012,2012-07-01,1528,7,2,15,7,N,A,Y,A,H,A,D,22,N,03,C,,,,,C,Y,N,A,2,0,0,0,22350.0,3,34.41994485,-119.6816324,4
2012,2012-06-28,1907,6,2,19,4,N,A,Y,A,H,A,A,01,S,03,C,,,,,C,Y,N,D,3,0,0,0,22350.0,3,34.42637508,-119.72345334,3
2012,2012-06-18,2005,6,2,20,1,N,A,N,A,H,A,D,22,E,21,G,Y,,,,B,N,N,A,1,1,0,0,22106.0,2,34.40980161,-119.8618342,4
2012,2012-07-07,1630,7,2,16,6,Y,A,N,A,H,A,A,01,,03,C,,,,,C,Y,N,D,2,0,0,0,22350.0,2,34.89095484,-120.49058257,3
2012,2012-06-29,1247,6,2,12,5,N,A,Y,A,H,A,C,02,S,22,H,,,Y,,J,N,N,D,2,0,0,2,,1,34.6531118,-120.45781188,3