ACCIDENT_YEAR,COLLISION_DATE,COLLISION_TIME,MONTH,SEASON,24HOURS,DAY_OF_WEEK,INTERSECTION,WEATHER_1,STATE_HWY_IND,ROAD_SURFACE,ROAD_COND_1,LIGHTING,STWD_VEHTYPE_AT_FAULT,CHP_VEHTYPE_AT_FAULT,DIRECTION,PCF_VIOL_CATEGORY,TYPE_OF_COLLISION,PEDESTRIAN_ACCIDENT,BICYCLE_ACCIDENT,MOTORCYCLE_ACCIDENT,TRUCK_ACCIDENT,MVIW,TOW_AWAY,HIT_AND_RUN,CONTROL_DEVICE,NUMBER_INJURED,COUNT_PED_INJURED,COUNT_BICYCLIST_INJURED,COUNT_MC_INJURED,PCF_VIOLATION,PARTY_COUNT,POINT_Y,POINT_X,COLLISION_SEVERITY
2015,2015-01-25,155,1,4,1,7,N,A,N,A,H,C,A,07,E,01,E,,,,,I,Y,N,D,1,0,0,0,23152.0,1,34.94571428,-120.40914714,3
2015,2015-02-07,1930,2,4,19,6,N,C,Y,B,H,D,A,01,W,03,F,,,,,I,Y,N,D,1,0,0,0,22350.0,1,35.09391081,-120.12895813,4
2015,2015-01-31,1624,1,4,16,6,N,A,N,A,H,A,D,22,S,03,C,,,,,C,Y,N,D,2,0,0,0,22350.0,2,34.65976994,-120.47524266,4
2015,2015-01-26,1445,1,4,14,1,Y,B,N,A,H,A,A,01,,08,A,,,,,E,Y,N,D,1,0,0,0,22107.0,2,34.85989004,-120.42279993,3
2015,2015-01-23,1903,1,4,19,5,Y,A,N,A,H,C,-,- ,,00,-,,,,,C,Y,F,A,1,0,0,0,,2,34.42871004,-119.69876989,4
2015,2015-01-26,1339,1,4,13,1,Y,B,N,A,H,A,A,01,,09,D,,,,,C,Y,N,D,1,0,0,0,21800.0,2,34.39906,-119.70681997,4
2015,2015-01-23,1344,1,4,13,5,Y,A,N,A,H,A,-,,,08,B,,Y,,,G,N,N,A,1,0,1,0,22100.0,2,34.41119006,-119.69032991,4
2015,2015-01-17,1730,1,4,17,6,Y,A,N,A,H,B,L,04,,08,B,,Y,,,G,N,F,D,1,0,1,0,22107.0,2,34.95535,-120.43574,4
2015,2015-01-28,947,1,4,9,3,Y,A,N,A,H,A,A,01,,12,D,,,,,C,N,N,A,2,0,0,0,21453.0,2,34.92375006,-120.42563995,4
2014,2014-12-22,1846,12,4,18,1,Y,A,N,A,H,C,A,01,,17,D,,,,,C,Y,N,A,1,0,0,0,21451.0,2,34.45138006,-119.83070993,3
2014,2014-12-29,1145,12,4,11,1,N,A,N,A,H,A,A,01,E,09,D,,,,,C,Y,N,D,2,0,0,0,21804.0,2,34.44145225,-119.827347,4
2015,2015-01-30,2105,1,4,21,5,N,A,Y,B,H,C,C,02,N,03,F,,,Y,,A,Y,N,D,1,0,0,1,22350.0,1,34.4009347,-119.51626163,4
2015,2015-01-27,2155,1,4,21,2,Y,A,Y,A,H,D,A,01,,01,E,,,,,I,Y,N,D,1,0,0,0,23152.0,1,34.43885218,-119.62454015,3
2015,2015-01-27,320,1,4,3,2,N,C,Y,B,H,D,A,01,S,08,E,,,,,I,Y,N,D,1,0,0,0,22107.0,1,34.45615856,-119.97334175,4
2015,2015-02-02,240,2,4,2,1,N,A,Y,A,H,D,A,01,,03,C,,,,Y,C,Y,N,D,1,0,0,0,22350.0,2,34.90353536,-120.41803017,4
2015,2015-02-04,1135,2,4,11,3,N,A,Y,A,H,A,D,22,E,03,C,,,,,C,N,N,D,1,0,0,0,22350.0,2,34.86894081,-120.43655161,4
2015,2015-02-05,1728,2,4,17,4,N,A,Y,A,H,A,L,04,N,03,E,,Y,,,A,N,N,D,1,0,1,0,22350.0,1,34.79446241,-120.33720862,3
2015,2015-02-06,800,2,4,8,5,Y,A,N,A,H,A,L,04,,09,H,,Y,,,G,N,N,A,1,0,1,0,21802.0,2,34.87003011,-120.43691995,4
2015,2015-02-06,1620,2,4,16,5,N,A,Y,A,H,A,A,01,N,01,E,,,,,I,Y,M,D,1,0,0,0,23152.0,1,34.97061936,-120.42494146,3
2015,2015-02-03,1432,2,4,14,2,N,A,N,A,H,A,D,22,W,08,D,,,,,C,Y,N,A,1,0,0,0,22102.0,2,34.65019781,-120.45886679,3
2015,2015-01-27,740,1,4,7,2,Y,A,N,B,H,A,A,01,,12,D,,Y,,,G,N,N,A,1,0,1,0,22450.0,2,34.41520002,-119.85868992,3
2015,2015-01-27,430,1,4,4,2,N,B,Y,B,H,D,A,01,W,17,E,,,,,I,Y,N,D,1,0,0,0,21662.0,1,34.48144773,-119.77218427,4
2015,2015-01-25,640,1,4,6,7,N,A,N,A,H,B,A,08,N,08,B,,,,,E,N,M,A,1,0,0,0,22107.0,3,34.64242734,-120.46420908,4
2015,2015-01-28,1836,1,4,18,3,N,B,Y,A,H,D,A,01,S,01,E,,,,,I,Y,N,D,1,0,0,0,23152.0,1,34.46336652,-120.02121251,3
2015,2015-01-26,1332,1,4,13,1,N,B,Y,A,H,A,A,01,S,08,E,,,,,I,N,N,D,1,0,0,0,22107.0,1,34.41974743,-119.59604065,4
2015,2015-01-21,730,1,4,7,3,N,A,Y,A,H,A,A,01,S,03,C,,,,,C,Y,N,D,1,0,0,0,22350.0,2,34.43737596,-119.75213044,4
2015,2015-01-13,1800,1,4,18,2,N,B,N,A,H,C,-,- ,W,00,E,,Y,,,I,N,N,D,1,0,1,0,,1,34.41309909,-119.85588687,3
2015,2015-01-24,1755,1,4,17,6,N,A,Y,A,H,C,A,01,N,03,C,,,,,C,Y,N,D,2,0,0,0,22350.0,3,34.42569773,-119.72140538,4
2015,2015-02-06,945,2,4,9,5,N,A,N,A,H,A,A,07,E,03,C,,,,,C,Y,N,D,1,0,0,0,22350.0,2,34.43569092,-119.82423597,4
2014,2014-10-25,1315,10,3,13,6,N,A,N,A,H,A,L,04,E,17,F,,Y,,,A,N,N,D,1,0,1,0,21662.0,2,34.5188985,-119.79112099,3
2014,2014-10-21,1530,10,3,15,2,Y,A,N,A,H,A,L,04,,- ,D,,Y,,,G,N,N,A,1,0,1,0,,2,34.44595004,-119.82647999,3
2015,2015-03-16,1447,3,1,14,1,N,A,N,A,H,A,N,60,W,11,G,Y,,,,B,N,N,D,1,1,0,0,21954.0,2,34.42426527,-119.70350079,4
2015,2015-01-22,1628,1,4,16,4,Y,A,N,A,H,A,D,22,,12,D,,,,,D,Y,N,A,3,0,0,0,21453.0,4,34.92063011,-120.45408988,4
2015,2015-02-08,1646,2,4,16,7,Y,C,N,B,H,C,D,22,,12,D,,,,,C,Y,N,A,1,0,0,0,21453.0,2,34.90955005,-120.43414989,3
2015,2015-02-02,1641,2,4,16,1,Y,A,N,A,H,A,D,22,,10,G,Y,,,,B,N,N,A,1,1,0,0,21950.0,2,34.91279002,-120.43156986,4
2015,2015-01-25,1815,1,4,18,7,Y,A,N,A,H,A,A,07,,03,C,,,,,C,N,F,A,1,0,0,0,22350.0,2,34.93159004,-120.45396992,4
2015,2015-02-01,1843,2,4,18,7,Y,A,N,A,H,C,A,01,,12,D,,,,,C,Y,N,A,1,0,0,0,21453.0,2,34.93848009,-120.43159996,4
2015,2015-02-02,1532,2,4,15,1,N,A,N,A,H,A,A,01,E,03,C,,,,,C,N,N,A,1,0,0,0,22350.0,3,34.94987874,-120.43295917,4
2015,2015-02-09,1408,2,4,14,1,Y,A,N,A,H,A,A,01,,03,C,,,,,C,N,N,A,1,0,0,0,22350.0,2,34.93159004,-120.45396992,4
2015,2015-02-03,1830,2,4,18,2,Y,A,Y,A,H,C,-,- ,,12,D,,,,,C,Y,N,A,1,0,0,0,21453.0,2,34.93411596,-120.4361296,4
2015,2015-02-02,1158,2,4,11,1,Y,A,Y,A,H,A,A,01,,01,C,,,,,C,N,N,A,1,0,0,0,23152.0,2,34.96766038,-120.42313355,4
2015,2015-02-02,1949,2,4,19,1,N,A,N,A,H,C,-,,E,03,C,,,,,C,Y,N,D,2,0,0,0,22350.0,2,34.40287785,-119.72764027,3
2015,2015-02-03,1828,2,4,18,2,Y,A,N,A,H,C,-,,,12,D,,,,,C,Y,N,A,2,0,0,0,21453.0,2,34.42830005,-119.70601989,4
2015,2015-01-31,2328,1,4,23,6,Y,A,N,A,H,C,-,- ,,00,D,,,,,D,Y,F,D,1,0,0,0,,2,34.42705002,-119.67362994,4
2015,2015-01-30,1856,1,4,18,5,N,A,N,A,H,C,-,,E,03,C,,,,,C,Y,N,A,2,0,0,0,22350.0,2,,,3
2015,2015-02-10,1740,2,4,17,2,N,A,N,A,H,B,A,01,S,08,E,,,,,I,Y,N,D,1,0,0,0,22107.0,1,34.75327212,-120.43341887,3
2015,2015-02-05,1133,2,4,11,4,Y,A,N,A,H,A,D,22,,09,D,,,,,C,N,N,D,1,0,0,0,21803.0,2,34.64712009,-120.47046998,3
2015,2015-02-07,1230,2,4,12,6,N,C,Y,B,H,A,D,22,N,03,C,,,,,C,Y,N,D,1,0,0,0,22350.0,2,34.42692861,-119.72726339,4
2015,2015-02-05,1700,2,4,17,4,N,A,N,A,H,A,L,04,N,05,D,,Y,,,G,N,N,D,1,0,1,0,21650.0,2,,,3
2015,2015-02-02,655,2,4,6,1,N,A,Y,A,H,A,D,22,N,03,C,,,,,C,Y,N,D,1,0,0,0,22350.0,3,34.42116452,-119.60172603,2
2015,2015-02-07,1130,2,4,11,6,N,B,Y,B,H,A,A,07,S,03,E,,,,,I,Y,N,D,1,0,0,0,22350.0,3,34.42780024,-119.7321506,4
2015,2015-02-09,948,2,4,9,1,N,A,Y,A,D,A,F,26,S,03,C,,,,Y,C,N,N,A,1,0,0,0,22350.0,2,34.44183181,-119.81127048,4
2015,2015-02-12,1645,2,4,16,4,N,A,Y,A,H,A,D,22,S,03,C,,,,,C,N,N,D,1,0,0,0,22350.0,2,34.94685245,-120.41754258,4
2015,2015-02-10,1428,2,4,14,2,Y,A,N,A,H,A,A,07,,03,C,,,,,C,Y,M,A,2,0,0,0,22350.0,2,34.63737005,-120.46680992,3
2015,2015-01-24,1525,1,4,15,6,N,A,N,A,H,A,-,- ,S,00,F,,Y,,,A,N,N,D,1,0,1,0,,1,34.41644699,-119.57318274,2
2015,2015-01-29,619,1,4,6,4,N,B,Y,A,C,D,-,- ,S,18,E,,,,,J,Y,N,D,1,0,0,0,,1,34.44112257,-119.81581558,4
2015,2015-01-30,1930,1,4,19,5,N,A,Y,A,H,D,A,01,S,01,E,,,,,I,Y,N,D,1,0,0,0,23152.0,2,34.43476763,-119.86835423,3
2015,2015-01-30,2250,1,4,22,5,Y,A,N,A,H,D,L,04,,17,D,,Y,,,G,N,N,A,1,0,1,0,21200.0,2,34.41046,-119.86258991,3
2015,2015-02-10,1143,2,4,11,2,N,A,N,A,H,A,I,11,E,07,B,,,,,C,N,N,A,1,0,0,0,21658.0,2,34.92063,-120.45383989,4
2015,2015-02-10,1849,2,4,18,2,N,A,Y,A,H,C,A,07,N,03,-,,,,,C,N,N,A,2,0,0,0,22350.0,3,34.65037109,-120.45782931,4
2015,2015-02-03,1709,2,4,17,2,Y,A,N,A,H,B,L,04,,12,H,,Y,,,G,N,N,A,1,0,1,0,22450.0,2,34.64231011,-120.46673989,4
2015,2015-02-09,1418,2,4,14,1,N,A,N,A,H,A,A,01,S,09,D,,,,,C,Y,N,A,1,0,0,0,21801.0,2,34.93733902,-120.4315903,4
2015,2015-02-11,1527,2,4,15,3,N,A,Y,A,H,A,A,01,W,03,C,,,,,C,N,N,A,1,0,0,0,22350.0,2,34.95323028,-120.45190267,4
2015,2015-02-02,625,2,4,6,1,N,A,N,A,H,D,A,01,W,03,G,Y,,,,B,N,N,D,1,1,0,0,22350.0,2,,,4
2015,2015-01-23,1853,1,4,18,5,Y,A,N,A,H,C,A,01,,09,D,,,,,C,Y,N,A,1,0,0,0,21802.0,2,34.4387801,-119.84280991,3
2015,2015-01-20,1632,1,4,16,2,N,A,N,A,H,A,A,01,W,03,C,,,,,C,Y,N,D,2,0,0,0,22350.0,3,34.43566031,-119.8237072,3
2015,2015-02-14,1853,2,4,18,6,N,A,N,A,H,D,A,07,W,03,C,,,,,C,Y,N,A,3,0,0,0,22350.0,3,34.59946174,-120.12961181,3
2015,2015-02-04,1630,2,4,16,3,N,A,Y,A,H,A,A,01,S,03,C,,,,,C,Y,N,D,1,0,0,0,22350.0,3,34.4269047,-119.72797718,4
2015,2015-02-06,850,2,4,8,5,N,A,N,A,H,A,A,07,S,03,C,,,,,C,N,N,D,2,0,0,0,22350.0,3,34.44215544,-119.78941233,4
2015,2015-02-08,823,2,4,8,7,N,B,N,A,H,A,A,01,,09,A,,,,,C,N,N,D,1,0,0,0,21801.0,2,,,4
2015,2015-02-06,1710,2,4,17,5,N,A,Y,A,H,A,A,01,N,03,C,,,,,C,Y,N,D,1,0,0,0,22350.0,4,34.41999418,-119.68092182,4
2015,2015-02-09,1656,2,4,16,1,N,A,Y,A,H,A,C,02,N,03,C,,,Y,,C,Y,N,D,1,0,0,1,22350.0,2,34.42280163,-119.66042081,4
2015,2015-02-13,1500,2,4,15,5,N,A,Y,A,H,A,A,07,N,03,C,,,,,C,N,N,D,2,0,0,0,22350.0,2,34.42025101,-119.67833058,4
2015,2015-02-05,805,2,4,8,4,Y,E,N,A,H,A,A,01,,09,D,,Y,,,G,N,N,A,1,0,1,0,21802.0,2,34.41520002,-119.85868992,3
2015,2015-02-01,2028,2,4,20,7,N,A,Y,A,H,C,A,01,S,01,E,,,,,I,Y,N,A,1,0,0,0,23152.0,1,34.44103135,-119.76970797,2
2015,2015-02-04,1610,2,4,16,3,N,A,Y,A,H,A,A,01,N,03,C,,,,,C,Y,N,D,1,0,0,0,22350.0,2,34.42145004,-119.61608634,3
2015,2015-02-09,1608,2,4,16,1,N,A,N,A,H,A,L,04,S,03,B,,Y,,,G,N,N,D,1,0,1,0,22350.0,2,34.41616286,-119.85702,3
2015,2015-02-09,1345,2,4,13,1,N,A,Y,A,H,A,A,01,N,07,B,,,,,C,Y,N,D,1,0,0,0,21658.0,2,34.42247437,-119.63215827,4
2015,2015-02-14,2500,2,4,25,6,N,A,N,A,H,D,A,01,W,08,E,,,,,I,Y,N,D,1,0,0,0,22107.0,1,34.93711892,-120.5308446,3
2015,2015-01-06,2000,1,4,20,2,N,A,N,A,H,D,A,01,S,08,F,,,,,-,Y,N,D,2,0,0,0,22107.0,1,34.58847292,-120.49097631,2
2015,2015-01-19,835,1,4,8,1,N,A,N,A,H,A,A,07,S,08,E,,,,,I,Y,N,D,2,0,0,0,22107.0,1,34.65274438,-120.11597604,3
2015,2015-01-24,1018,1,4,10,6,N,A,Y,A,H,A,C,02,W,08,E,,,Y,,I,Y,N,D,1,0,0,1,22107.0,1,34.53571681,-119.86188349,2
2015,2015-01-26,2156,1,4,21,1,N,C,Y,B,G,D,-,- ,S,18,B,,,,,C,Y,N,D,3,0,0,0,,3,34.58502398,-120.19233344,2
2015,2015-01-26,2157,1,4,21,1,N,C,Y,B,G,D,-,- ,S,18,B,,,,,C,Y,N,D,3,0,0,0,,3,34.58502398,-120.19233344,2
2015,2015-01-27,715,1,4,7,2,N,B,Y,B,H,A,A,01,S,03,E,,,,,I,Y,N,D,1,0,0,0,22350.0,1,34.58237458,-120.19397716,4
2015,2015-01-16,1350,1,4,13,5,N,A,N,A,H,A,A,01,N,09,D,,,Y,,C,N,N,D,1,0,0,1,21804.0,2,34.70047537,-120.46706021,2
2015,2015-02-09,113,2,4,1,1,Y,C,N,B,H,C,-,,,12,-,,,,,D,Y,N,A,1,0,0,0,21453.0,2,34.42001,-119.69211994,3
2015,2015-02-13,920,2,4,9,5,Y,A,N,A,H,A,A,08,,09,D,,,,,C,Y,N,A,2,0,0,0,21801.0,2,,,3
2015,2015-02-17,1300,2,4,13,2,Y,A,N,A,H,A,C,02,,12,D,,,Y,,C,N,N,A,1,0,0,1,21453.0,2,34.95290003,-120.41208986,4
2015,2015-02-13,1614,2,4,16,5,Y,A,Y,A,H,A,A,01,,10,G,Y,,,,B,N,N,A,1,1,0,0,21950.0,2,34.96988182,-120.43570962,3
2015,2015-02-17,1523,2,4,15,2,Y,B,N,A,H,A,A,01,,09,D,,,,,C,Y,N,A,1,0,0,0,21802.0,2,34.87962005,-120.43874995,3
2015,2015-02-24,1705,2,4,17,2,Y,A,N,A,H,B,A,01,,09,D,,,,,C,Y,N,D,1,0,0,0,21800.0,2,34.95432003,-120.44284993,3
2015,2015-02-24,1343,2,4,13,2,Y,A,N,A,H,A,A,01,,09,D,,,,,C,Y,N,D,1,0,0,0,21802.0,2,34.92788002,-120.45400988,4
2015,2015-03-02,2139,3,1,21,1,Y,A,N,A,H,C,D,22,,01,D,,,,,C,Y,N,A,3,0,0,0,23153.0,2,34.92063011,-120.45408988,2
2015,2015-02-15,47,2,4,0,7,N,A,N,A,H,C,A,01,W,08,A,,,,,E,Y,F,D,3,0,0,0,22107.0,5,34.95533553,-120.43042693,2
2015,2015-02-12,1759,2,4,17,4,N,A,N,A,H,B,D,22,E,09,B,,,,,C,N,N,D,1,0,0,0,21802.0,2,34.926574,-120.435908,4
2015,2015-01-23,900,1,4,9,5,N,A,Y,A,H,A,L,04,N,05,D,,Y,,,G,N,N,D,1,0,1,0,21202.0,2,34.95321246,-120.43135432,4
2015,2015-02-18,1317,2,4,13,3,Y,A,Y,A,H,A,D,22,,03,C,,,,,C,N,N,D,1,0,0,0,22350.0,2,34.97496082,-120.43565762,4
2015,2015-02-12,1028,2,4,10,4,Y,A,N,A,H,A,A,08,,09,D,,,,,C,Y,N,A,1,0,0,0,21802.0,2,34.94586,-120.43596,4
2015,2015-02-20,720,2,4,7,5,N,B,N,A,H,A,A,07,N,03,C,,,,,C,N,N,D,2,0,0,0,22350.0,2,34.88045843,-120.41871687,3
2015,2015-02-16,1241,2,4,12,1,Y,B,N,A,H,A,A,01,,03,D,,,,,C,Y,N,A,3,0,0,0,22350.0,2,34.65036001,-120.47536996,3
2015,2015-02-10,1317,2,4,13,2,N,A,N,A,H,A,C,03,W,03,C,,,Y,,C,Y,N,A,1,0,0,1,22350.0,2,34.41887966,-119.69331033,3
2015,2015-02-25,801,2,4,8,3,N,A,N,A,H,A,D,23,E,08,G,Y,,,,B,N,N,A,1,1,0,0,22107.0,2,34.42831057,-119.70600943,4
2015,2015-02-22,1821,2,4,18,7,N,C,N,B,H,C,-,- ,S,00,C,,Y,,,G,N,M,-,1,0,1,0,,2,34.42210493,-119.6795499,3
2015,2015-02-20,2043,2,4,20,5,Y,A,N,A,H,C,-,,,12,D,,,,,D,Y,N,A,4,0,0,0,21453.0,2,34.42859002,-119.73373987,3
2015,2015-02-21,2153,2,4,21,6,N,A,N,A,H,C,-,- ,W,00,C,,Y,,,G,N,F,D,1,0,1,0,,2,34.44048332,-119.74713093,4
2015,2015-02-19,1635,2,4,16,4,Y,A,N,A,H,A,-,,,09,D,,,,,C,Y,N,D,1,0,0,0,21801.0,2,34.42705002,-119.67362994,4
2015,2015-02-24,1821,2,4,18,2,Y,A,N,A,H,C,-,- ,,09,D,,,,,C,Y,N,A,1,0,0,0,21800.0,2,34.42372009,-119.69717995,4
2015,2015-02-24,2058,2,4,20,2,Y,A,Y,B,A,C,A,01,,03,E,,,,,I,N,N,A,1,0,0,0,22350.0,1,34.41235363,-119.70152176,4
2015,2015-02-25,1310,2,4,13,3,Y,A,N,A,H,A,-,- ,,00,C,,,,,C,N,F,A,1,0,0,0,,2,34.40422007,-119.69491993,4
2015,2015-02-19,1913,2,4,19,4,Y,A,N,A,H,C,-,,,09,A,,,,,C,N,N,A,1,0,0,0,21801.0,2,34.42514008,-119.70944995,3
2015,2015-02-27,1458,2,4,14,5,N,B,N,A,H,-,-,,N,01,C,,,,,C,Y,N,A,1,0,0,0,23152.0,2,34.42751117,-119.70244474,4
2015,2015-02-24,1830,2,4,18,2,Y,A,N,A,H,C,A,01,,09,D,,,,,C,Y,N,D,2,0,0,0,21802.0,2,34.4184,-119.70284988,4
2015,2015-02-06,1851,2,4,18,5,Y,A,N,A,H,C,D,22,,09,D,,,Y,,C,N,N,A,1,0,0,1,21801.0,2,34.43437011,-119.89462996,3
2015,2015-02-12,1457,2,4,14,4,N,A,N,A,H,A,A,07,N,09,D,,,,,C,Y,N,D,1,0,0,0,21801.0,2,34.43305745,-119.82057406,3
2015,2015-02-13,1321,2,4,13,5,Y,A,N,A,H,A,L,04,,12,D,,Y,,Y,C,N,N,A,1,0,1,0,21453.0,2,34.42866007,-119.86977997,3
2015,2015-02-07,1355,2,4,13,6,Y,B,N,B,H,A,A,07,,03,C,,,,,C,N,N,A,1,0,0,0,22350.0,2,34.92087,-120.43594,4
2015,2015-02-15,2116,2,4,21,7,Y,B,N,A,H,C,A,01,,09,D,,,,,C,Y,N,A,1,0,0,0,21801.0,2,34.93406007,-120.43162998,4
2015,2015-02-16,1222,2,4,12,1,Y,A,N,A,H,A,A,07,,01,D,,,,,C,Y,F,A,1,0,0,0,23153.0,2,34.956949,-120.444413,4
2015,2015-02-17,1144,2,4,11,2,N,B,N,A,H,A,A,07,S,03,C,,,,,C,N,N,A,1,0,0,0,22350.0,2,34.9167788,-120.4541305,4
2015,2015-02-16,1817,2,4,18,1,Y,B,N,A,H,C,A,01,,03,C,,,,,C,N,N,A,1,0,0,0,22350.0,2,34.64373007,-120.44024997,4
2015,2015-02-15,356,2,4,3,7,N,A,N,A,H,D,A,01,S,08,E,,,,,J,Y,M,D,1,0,0,0,22107.0,1,34.6532409,-120.45643081,4
2015,2015-02-20,1805,2,4,18,5,N,A,Y,A,H,C,C,02,S,08,F,,,Y,,A,Y,N,D,1,0,0,1,22107.0,1,34.89034945,-120.41714489,4
2015,2015-02-21,1525,2,4,15,6,N,A,Y,A,H,A,A,01,N,08,E,,,,,I,Y,N,D,1,0,0,0,22107.0,1,34.77409016,-120.42971355,4
2015,2015-02-19,2305,2,4,23,4,Y,A,N,A,H,C,A,01,,01,D,,,,,C,Y,N,A,2,0,0,0,23153.0,2,34.93848009,-120.43159996,4
2015,2015-02-19,1414,2,4,14,4,N,A,N,A,H,A,A,01,S,03,C,,,,,C,Y,N,D,1,0,0,0,22350.0,2,,,4
2014,2014-12-12,635,12,4,6,5,N,C,Y,B,H,D,D,22,S,03,E,,,,,I,N,N,D,1,0,0,0,22350.0,1,34.42031805,-119.64631481,4
2014,2014-12-16,1740,12,4,17,2,N,B,Y,B,H,D,D,22,N,03,C,,,,,C,N,M,D,1,0,0,0,22350.0,3,34.42821897,-119.73521749,4
2014,2014-11-21,1739,11,3,17,5,N,A,Y,A,H,D,A,01,N,03,C,,,,,C,N,N,D,1,0,0,0,22350.0,2,34.42147022,-119.71491976,4
2014,2014-11-21,755,11,3,7,5,Y,A,N,A,H,A,A,01,,09,B,,,,,C,Y,N,A,1,0,0,0,21802.0,2,34.44519005,-119.79704996,4
2014,2014-11-20,2100,11,3,21,4,N,F,Y,B,H,D,-,- ,E,18,E,,,,,I,Y,N,D,1,0,0,0,,1,34.51446542,-119.82542289,3
2014,2014-11-16,1350,11,3,13,7,N,A,Y,A,H,A,F,25,N,08,E,,,,Y,I,Y,N,D,2,0,0,0,22107.0,1,34.42263784,-119.65583188,4
2014,2014-11-12,1715,11,3,17,3,N,B,Y,A,H,D,-,- ,N,00,C,,,,,C,N,N,D,1,0,0,0,,2,34.44093945,-119.76512904,4
2014,2014-11-07,1710,11,3,17,5,N,A,Y,A,H,C,D,22,N,03,C,,,,,C,Y,N,D,1,0,0,0,22350.0,3,34.41769562,-119.69023275,4
2014,2014-11-03,915,11,3,9,1,N,A,Y,A,H,A,-,- ,S,18,E,,,,,J,Y,N,D,2,0,0,0,,2,34.40596773,-119.54134484,4
2014,2014-11-02,1010,11,3,10,7,N,A,Y,A,H,A,A,01,N,03,C,,,,,C,Y,N,D,1,0,0,0,22350.0,2,34.42263107,-119.71624144,4
2014,2014-11-01,210,11,3,2,6,N,B,Y,B,H,C,A,01,N,03,B,,,,Y,C,Y,N,D,4,0,0,0,22350.0,2,34.42133049,-119.66624143,3
2014,2014-11-07,1625,11,3,16,5,N,A,Y,A,H,A,D,22,N,03,C,,,,,C,Y,N,D,1,0,0,0,22350.0,2,34.41713725,-119.58629097,4
2014,2014-10-22,745,10,3,7,3,N,A,Y,A,H,A,D,22,S,03,C,,,,,C,Y,N,D,1,0,0,0,22350.0,4,34.39434146,-119.50979028,4
2014,2014-10-23,1625,10,3,16,4,N,A,Y,A,H,A,D,22,N,03,C,,,,,C,Y,N,D,4,0,0,0,22350.0,3,34.44108201,-119.76148622,3
2014,2014-10-15,1545,10,3,15,3,N,B,Y,A,H,A,A,01,N,03,C,,,,,C,Y,N,D,1,0,0,0,22350.0,3,34.4033887,-119.52757207,4
2014,2014-09-20,1125,9,3,11,6,N,A,Y,A,H,A,A,07,N,03,C,,,,,C,Y,N,D,2,0,0,0,22350.0,2,34.42270719,-119.71662237,4
2015,2015-01-23,1518,1,4,15,5,N,A,N,A,H,A,A,07,W,09,D,,,,,C,N,N,A,1,0,0,0,21804.0,2,34.97503001,-120.44196132,4
2015,2015-01-13,2047,1,4,20,2,N,A,N,A,H,C,L,04,E,14,B,,Y,,,G,N,N,D,1,0,1,0,21201.0,2,34.43498166,-119.81118476,4
2015,2015-02-12,1220,2,4,12,4,Y,A,N,A,H,A,-,,,09,A,,,,,C,Y,N,A,1,0,0,0,21801.0,2,34.4372301,-119.75102995,4
2015,2015-01-24,1444,1,4,14,6,N,A,N,A,H,A,-,,S,08,-,,,,,C,N,N,D,1,0,0,0,22103.0,2,34.43624723,-119.68965268,3
2015,2015-02-16,1708,2,4,17,1,Y,B,N,A,H,A,N,60,,11,G,Y,,,,B,N,N,D,1,1,0,0,21950.0,2,34.41782008,-119.71489992,2
2015,2015-02-07,35,2,4,0,6,N,A,N,A,H,D,-,,W,03,B,,,,,I,Y,N,D,1,0,0,0,22350.0,1,,,4
2015,2015-02-06,1604,2,4,16,5,N,A,N,A,H,A,-,,N,03,C,,,,,C,Y,N,A,3,0,0,0,22350.0,3,34.42742604,-119.68684675,4
2014,2014-11-30,1315,11,3,13,7,N,B,Y,A,H,A,A,01,N,03,C,,,,,C,N,N,D,1,0,0,0,22350.0,3,34.42133779,-119.60204621,4
2014,2014-11-28,755,11,3,7,5,N,A,Y,A,H,A,A,01,S,08,E,,,,,I,Y,N,D,2,0,0,0,22107.0,1,34.42007031,-119.67396342,3
2014,2014-11-29,618,11,3,6,6,N,A,Y,A,C,B,-,- ,S,00,B,,,,,C,N,N,D,1,0,0,0,,2,34.41437207,-119.69378169,4
2014,2014-11-23,310,11,3,3,7,N,A,Y,A,H,C,A,01,S,01,C,,,,,C,Y,F,D,2,0,0,0,23152.0,2,34.44238048,-119.78774975,3
2014,2014-11-23,257,11,3,2,7,N,A,Y,A,H,C,A,01,S,01,E,,,,,I,Y,N,D,1,0,0,0,23152.0,1,34.44228555,-119.78653881,3
2014,2014-11-21,815,11,3,8,5,N,A,Y,A,H,A,A,01,S,03,C,,,,,C,N,N,A,3,0,0,0,22350.0,3,34.43842748,-119.75330672,4
2014,2014-11-20,1140,11,3,11,4,N,B,Y,A,H,A,A,07,N,08,E,,,,,I,Y,N,D,1,0,0,0,22107.0,1,34.42554096,-119.72054194,3
2014,2014-11-18,1130,11,3,11,2,N,B,Y,A,H,A,A,01,S,03,C,,,,,C,Y,N,D,1,0,0,0,22350.0,2,34.42716219,-119.72973184,4
2014,2014-11-17,1700,11,3,17,1,N,A,Y,A,H,A,A,08,S,08,E,,,,,I,Y,N,D,1,0,0,0,22107.0,1,34.43516333,-119.8656124,4
2014,2014-11-17,1224,11,3,12,1,N,A,N,A,H,A,-,,E,10,G,Y,,,,B,N,F,A,1,1,0,0,21950.0,2,34.41741,-119.85868337,3
2014,2014-11-14,1730,11,3,17,5,N,A,Y,A,H,C,C,02,S,03,C,,,Y,,C,N,N,D,1,0,0,1,22350.0,2,34.42713193,-119.7286783,4
2014,2014-11-14,1350,11,3,13,5,N,A,N,A,H,A,C,02,E,08,E,,,Y,,I,N,N,D,1,0,0,1,22107.0,1,34.4644409,-119.675563,3