ACCIDENT_YEAR,COLLISION_DATE,COLLISION_TIME,MONTH,SEASON,24HOURS,DAY_OF_WEEK,INTERSECTION,WEATHER_1,STATE_HWY_IND,ROAD_SURFACE,ROAD_COND_1,LIGHTING,STWD_VEHTYPE_AT_FAULT,CHP_VEHTYPE_AT_FAULT,DIRECTION,PCF_VIOL_CATEGORY,TYPE_OF_COLLISION,PEDESTRIAN_ACCIDENT,BICYCLE_ACCIDENT,MOTORCYCLE_ACCIDENT,TRUCK_ACCIDENT,MVIW,TOW_AWAY,HIT_AND_RUN,CONTROL_DEVICE,NUMBER_INJURED,COUNT_PED_INJURED,COUNT_BICYCLIST_INJURED,COUNT_MC_INJURED,PCF_VIOLATION,PARTY_COUNT,POINT_Y,POINT_X,COLLISION_SEVERITY
2015,2015-04-19,1202,4,1,12,7,N,A,N,A,H,A,A,07,W,01,B,,,,,C,N,F,A,1,0,0,0,23153.0,2,34.960438,-120.436018,3
2015,2015-03-05,1826,3,1,18,4,Y,A,Y,A,H,B,A,01,,03,C,,,,,C,Y,N,A,1,0,0,0,22350.0,2,34.44182211,-119.81015767,4
2015,2015-06-17,2259,6,2,22,3,N,A,N,A,H,C,N,60,S,11,G,Y,,,,B,Y,N,A,1,1,0,0,21950.0,2,34.95424077,-120.42481034,2
2015,2015-06-29,2304,6,2,23,1,Y,B,N,A,H,C,A,01,,12,D,,,,,C,Y,N,A,1,0,0,0,21453.0,2,34.93834,-120.41941998,4
2015,2015-07-20,755,7,2,7,1,Y,A,N,A,H,A,-,,,09,D,,,,,C,Y,N,A,1,0,0,0,21802.0,2,34.43578005,-119.71621988,3
2015,2015-07-25,2152,7,2,21,6,N,A,N,A,H,C,-,,E,01,B,,,,,C,Y,N,A,1,0,0,0,23152.0,2,34.42676401,-119.70084186,4
2015,2015-07-22,1710,7,2,17,3,N,B,N,A,H,A,D,22,N,08,E,,,,,I,Y,N,A,1,0,0,0,22107.0,1,34.41483792,-119.68703215,3
2015,2015-03-20,759,3,1,7,5,N,B,Y,A,H,A,A,01,N,03,C,,,,,C,Y,N,D,1,0,0,0,22350.0,3,34.41366749,-119.55663722,4
2015,2015-03-16,1510,3,1,15,1,N,A,N,A,H,A,A,07,W,03,C,,,,,C,N,M,D,1,0,0,0,22350.0,2,34.43796909,-119.78225486,4
2015,2015-06-09,1835,6,2,18,2,N,B,Y,B,H,A,A,01,E,03,E,,,,,I,Y,N,D,1,0,0,0,22350.0,1,34.49117565,-119.79512365,4
2015,2015-05-30,1921,5,1,19,6,Y,A,N,A,H,A,-,- ,,00,G,Y,,,,B,N,N,D,1,1,0,0,,2,34.9677,-120.43566,4
2015,2015-07-04,1226,7,2,12,6,Y,A,Y,A,H,A,F,25,,12,D,,,,Y,C,Y,N,A,1,0,0,0,21453.0,2,34.95328682,-120.44396162,4
2015,2015-05-28,1141,5,1,11,4,Y,A,Y,A,H,A,D,22,,09,A,,,,,C,N,N,A,1,0,0,0,21801.0,2,34.95317495,-120.44396522,4
2015,2015-06-29,1342,6,2,13,1,N,A,N,A,H,A,A,01,E,07,D,,,,,C,N,N,A,1,0,0,0,21658.0,2,,,4
2015,2015-07-06,1506,7,2,15,1,Y,A,N,A,H,A,D,22,,03,C,,,,,C,Y,N,A,1,0,0,0,22350.0,2,34.86626002,-120.44720988,4
2015,2015-07-07,1719,7,2,17,2,N,A,N,A,H,A,D,22,N,05,D,,,,Y,C,Y,N,D,1,0,0,0,21650.0,2,,,3
2015,2015-06-15,1703,6,2,17,1,Y,A,Y,A,H,A,A,01,,03,C,,,,,C,Y,N,A,1,0,0,0,22350.0,2,34.95320767,-120.43344489,4
2015,2015-05-30,625,5,1,6,6,N,A,N,A,H,B,A,07,E,05,B,,,,Y,C,Y,N,A,1,0,0,0,21650.0,2,34.92050548,-120.4399137,4
2015,2015-06-27,1443,6,2,14,6,Y,A,Y,A,H,A,A,01,,01,C,,,,,C,N,M,A,1,0,0,0,23152.0,2,34.93849833,-120.43594766,4
2015,2015-06-23,1614,6,2,16,2,Y,A,Y,A,H,A,-,- ,,12,D,,,,,C,N,N,A,1,0,0,0,21453.0,2,34.97277482,-120.43554462,4
2015,2015-06-25,1630,6,2,16,4,N,A,Y,A,H,A,A,07,S,08,D,,,,,C,Y,N,D,2,0,0,0,22107.0,2,34.85474636,-120.38677111,4
2015,2015-06-23,1223,6,2,12,2,Y,A,N,A,H,A,A,07,,01,D,,,,,C,Y,M,A,2,0,0,0,23152.0,3,34.95213006,-120.44711989,4
2015,2015-06-25,1733,6,2,17,4,N,A,Y,A,H,A,A,01,N,03,C,,,,,C,N,N,D,1,0,0,0,22350.0,2,34.92819618,-120.43612869,4
2015,2015-06-25,1735,6,2,17,4,N,A,N,A,H,A,L,04,S,05,D,,Y,,,G,Y,N,D,1,0,1,0,21650.0,2,34.9571465,-120.43140725,4
2015,2015-05-15,749,5,1,7,5,N,A,N,A,H,A,D,22,E,03,C,,,,,C,N,N,B,3,0,0,0,22350.0,2,34.44104885,-119.87313427,4
2015,2015-06-30,1648,6,2,16,2,N,A,Y,A,H,A,D,22,N,03,C,,,,,C,N,N,D,2,0,0,0,22350.0,2,34.44028521,-119.75589856,4
2015,2015-06-28,2015,6,2,20,7,N,B,N,A,H,B,D,22,S,03,A,,,,,C,Y,N,D,1,0,0,0,22350.0,2,34.49486089,-119.69544156,4
2015,2015-06-23,1905,6,2,19,2,N,A,Y,A,H,A,D,22,S,17,E,,,,,J,N,N,D,1,0,0,0,23114.0,2,34.43542497,-119.86443301,3
2015,2015-04-18,910,4,1,9,6,N,F,Y,A,H,A,D,22,S,07,B,,,Y,,C,N,F,D,1,0,0,1,21658.0,2,34.41540117,-119.70616278,3
2015,2015-07-07,725,7,2,7,2,N,B,Y,A,H,A,D,22,N,07,D,,,Y,,C,Y,N,D,1,0,0,1,21658.0,2,34.40456223,-119.53279892,4
2015,2015-07-06,1602,7,2,16,1,N,A,Y,A,H,A,D,22,S,03,E,,,,,I,N,N,D,1,0,0,0,22350.0,1,34.4154976,-119.69257851,4
2015,2015-06-20,620,6,2,6,6,N,A,Y,A,H,A,A,01,N,08,E,,,,,I,Y,N,D,1,0,0,0,22107.0,1,34.41181793,-119.55426191,4
2015,2015-06-26,1930,6,2,19,5,N,A,Y,A,H,A,A,01,S,08,E,,,,,I,Y,N,D,1,0,0,0,22107.0,1,34.4382319,-119.84625754,4
2015,2015-06-23,1420,6,2,14,2,N,A,N,A,H,A,-,- ,E,00,C,,,,,C,N,N,D,1,0,0,0,,2,34.41179,-119.8540647,4
2015,2015-06-26,1600,6,2,16,5,N,A,Y,A,H,A,A,07,S,03,C,,,,,C,N,N,D,1,0,0,0,22350.0,2,34.42321158,-119.71703021,4
2015,2015-06-22,625,6,2,6,1,N,A,N,A,H,A,A,01,N,08,E,,,,,I,Y,N,D,2,0,0,0,22107.0,1,34.45144378,-119.87711277,3
2015,2015-06-29,1020,6,2,10,1,N,A,N,A,H,-,A,01,E,09,H,,Y,,,G,N,N,A,1,0,1,0,21801.0,2,34.41312,-119.85796107,4
2015,2015-06-09,1944,6,2,19,2,N,A,N,A,H,B,A,01,E,21,D,,,,,C,N,N,D,2,0,0,0,22106.0,2,34.43901905,-119.82547389,3
2015,2015-06-30,1720,6,2,17,2,N,A,Y,A,H,A,A,01,S,03,C,,,,,C,N,N,D,1,0,0,0,22350.0,2,34.43965769,-119.83026384,4
2015,2015-06-24,1202,6,2,12,3,N,A,N,A,H,A,A,07,W,03,C,,,,,C,Y,N,A,1,0,0,0,22350.0,2,34.43009902,-119.8776998,4
2015,2015-06-28,2020,6,2,20,7,Y,A,Y,A,H,B,A,01,,12,D,,,,,C,Y,N,A,1,0,0,0,21453.0,2,34.43497143,-119.86788755,4
2015,2015-07-14,519,7,2,5,2,Y,A,N,A,H,B,L,04,,09,H,,Y,,,G,N,F,A,1,0,1,0,21802.0,2,34.95668001,-120.42495992,3
2015,2015-07-15,1009,7,2,10,3,Y,A,N,A,H,A,A,01,,12,B,,,,,C,Y,N,A,2,0,0,0,21453.0,2,34.91343004,-120.45416986,4
2015,2015-07-03,1145,7,2,11,5,N,A,Y,A,H,A,C,02,E,03,B,,,Y,,C,Y,N,D,1,0,0,1,22350.0,2,34.38583088,-119.47086155,3
2015,2015-07-17,1356,7,2,13,5,Y,A,N,A,H,A,A,01,,09,D,,,,,C,Y,N,D,1,0,0,0,21802.0,2,34.9564801,-120.43730987,4
2015,2015-07-05,150,7,2,1,7,N,A,Y,A,H,C,A,01,S,08,F,,,,,A,Y,N,D,2,0,0,0,22107.0,1,34.45797822,-119.98415076,4
2015,2015-07-07,1255,7,2,12,2,N,A,Y,A,H,A,A,01,S,08,E,,,,,I,Y,N,D,1,0,0,0,22107.0,1,34.42723513,-119.72935987,4
2015,2015-07-09,755,7,2,7,4,N,B,Y,A,H,A,A,01,S,03,C,,,,,C,Y,N,D,1,0,0,0,22350.0,2,34.41578671,-119.57415624,4
2015,2015-07-10,730,7,2,7,5,N,A,Y,A,H,A,A,01,N,03,C,,,,,C,Y,N,D,1,0,0,0,22350.0,2,34.40503463,-119.53530217,3
2015,2015-07-09,1853,7,2,18,4,Y,A,Y,A,H,A,D,22,,01,D,,,,,C,Y,F,A,3,0,0,0,23152.0,2,34.66804852,-120.12295334,3
2015,2015-07-05,1447,7,2,14,7,Y,A,Y,A,H,A,A,01,,09,D,,,,,C,Y,N,D,5,0,0,0,21802.0,2,34.71314589,-120.48917367,4
2015,2015-05-30,1111,5,1,11,6,N,A,N,A,H,A,A,01,E,09,-,,,,,C,N,N,D,2,0,0,0,21804.0,2,34.93149108,-120.43750325,4
2015,2015-07-12,2220,7,2,22,7,N,A,Y,A,D,D,D,22,N,03,C,,,,,C,N,N,D,2,0,0,0,22350.0,2,34.94641768,-120.41756271,4
2015,2015-07-13,1355,7,2,13,1,N,A,N,A,H,A,D,22,W,08,F,,,,,A,Y,N,D,1,0,0,0,22107.0,1,34.906905,-120.32332576,3
2015,2015-06-25,1604,6,2,16,4,N,A,Y,A,H,A,A,07,S,08,F,,,,,A,Y,N,D,1,0,0,0,22107.0,1,34.85190678,-120.38432057,3
2015,2015-07-16,1725,7,2,17,4,N,A,N,A,H,A,A,07,W,05,B,,,,,C,Y,N,D,1,0,0,0,21650.0,2,34.6121566,-120.1531766,4
2015,2015-07-18,1155,7,2,11,6,N,B,N,A,H,A,A,01,S,09,D,,,,,C,Y,N,D,2,0,0,0,21801.0,2,34.63068,-120.12351,3
2015,2015-07-12,246,7,2,2,7,N,A,Y,A,H,D,A,01,S,07,E,,,,,I,Y,N,D,1,0,0,0,21658.0,1,34.52939662,-120.19649535,2
2015,2015-07-10,1515,7,2,15,5,N,A,Y,A,H,A,A,01,S,08,E,,,,,I,Y,N,D,1,0,0,0,22107.0,1,34.69652158,-120.46446207,4
2015,2015-07-05,2110,7,2,21,7,N,A,N,A,H,C,A,07,W,01,G,,,,,E,Y,M,D,2,0,0,0,23153.0,4,34.97175679,-120.44921113,3
2015,2015-06-11,1804,6,2,18,4,N,A,Y,A,H,A,A,01,W,03,C,,,,,C,Y,N,A,1,0,0,0,22350.0,2,34.95309396,-120.43804459,4
2015,2015-06-13,247,6,2,2,6,N,A,N,A,H,C,-,- ,W,01,A,,,,,I,Y,N,D,1,0,0,0,23152.0,1,34.95426973,-120.43148668,3
2015,2015-06-13,900,6,2,9,6,N,A,N,A,H,A,L,04,E,17,H,,Y,,,G,N,N,D,1,0,1,0,21208.0,2,34.95294269,-120.41573435,4
2015,2015-06-05,1409,6,2,14,5,Y,A,N,A,H,A,A,01,,09,D,,,,,C,Y,N,A,1,0,0,0,21801.0,2,34.96766,-120.42675,4
2015,2015-06-15,611,6,2,6,1,Y,A,N,A,H,C,A,01,,17,G,Y,,,,B,N,M,A,1,1,0,0,24250.0,2,34.9565101,-120.44139991,3
2015,2015-06-15,1552,6,2,15,1,N,A,N,A,H,A,A,07,W,03,C,,,,,C,N,N,D,1,0,0,0,22350.0,3,34.9134744,-120.45523567,4
2015,2015-06-16,1619,6,2,16,2,N,A,N,A,H,A,A,01,W,09,D,,,,,C,Y,N,D,2,0,0,0,21804.0,2,34.938512,-120.436901,4
2015,2015-07-03,1758,7,2,17,5,N,A,Y,A,H,A,D,22,S,01,C,,,,,C,N,N,D,1,0,0,0,23152.0,3,34.39434146,-119.50979028,4
2015,2015-06-22,1730,6,2,17,1,N,D,N,A,H,A,-,- ,S,00,H,,Y,,,G,N,N,D,1,0,1,0,,2,34.48310435,-119.68218491,2
2015,2015-07-09,1355,7,2,13,4,N,A,Y,A,H,A,A,07,N,03,C,,,,,C,N,N,A,2,0,0,0,22350.0,2,34.94365757,-120.43608524,4
2015,2015-07-04,1722,7,2,17,6,N,A,Y,A,H,A,A,01,N,03,C,,,,,C,N,N,A,3,0,0,0,22350.0,2,34.9169612,-120.43610313,4
2015,2015-07-04,1225,7,2,12,6,N,A,N,A,H,A,-,,W,10,G,Y,,,,B,N,N,D,1,1,0,0,21952.0,2,,,3
2015,2015-07-29,218,7,2,2,3,N,A,N,A,H,D,A,01,N,01,E,,,,,I,Y,N,D,1,0,0,0,23152.0,1,34.61179126,-120.1767614,1
2015,2015-06-20,2352,6,2,23,6,N,A,N,A,H,C,A,01,W,01,E,,,,,I,Y,N,D,0,0,0,0,23152.0,1,34.42971312,-119.90088718,1
2015,2015-06-09,1920,6,2,19,2,N,B,Y,B,H,A,D,22,E,03,E,,,,,I,Y,N,D,2,0,0,0,22350.0,1,34.4886764,-119.78488555,1
2015,2015-11-23,1835,11,3,18,1,N,A,N,A,H,C,N,60,S,11,G,Y,,,,B,N,N,D,0,0,0,0,21954.0,2,34.42624726,-119.70573216,1
2015,2015-07-03,121,7,2,1,5,N,E,Y,A,H,D,A,01,S,01,E,,,,,I,Y,N,D,4,0,0,0,23152.0,2,34.58773946,-120.40817212,1
2015,2015-07-18,2133,7,2,21,6,Y,A,N,A,H,C,-,,,03,C,,,,,C,Y,N,B,3,0,0,0,22350.0,2,34.4091601,-119.69269989,3
2015,2015-06-30,1627,6,2,16,2,N,A,N,A,H,A,-,,W,03,C,,,,,C,N,N,A,1,0,0,0,22350.0,3,34.42355259,-119.69973077,4
2015,2015-07-25,1238,7,2,12,6,N,A,N,A,H,A,A,01,E,03,C,,,,,-,N,N,D,1,0,0,0,22350.0,2,34.41842081,-119.70513755,4
2015,2015-07-26,352,7,2,3,7,N,A,N,A,H,C,-,,W,01,B,,,,,E,Y,N,D,1,0,0,0,23152.0,2,34.44294708,-119.72359729,3
2015,2015-07-26,645,7,2,6,7,Y,A,N,A,H,A,-,- ,,12,D,,,,,C,Y,N,A,2,0,0,0,21453.0,2,34.4265701,-119.71907986,4
2015,2015-07-23,2035,7,2,20,4,N,A,N,A,H,C,-,,E,08,-,,,,,E,N,N,A,1,0,0,0,22107.0,2,34.41739921,-119.66637935,4
2015,2015-07-13,2157,7,2,21,1,Y,A,N,A,H,C,-,,,09,D,,,,,C,Y,N,D,2,0,0,0,21801.0,2,34.44118,-119.75670998,4
2015,2015-07-23,1430,7,2,14,4,Y,B,N,A,H,A,-,,,09,D,,,,,C,Y,N,A,1,0,0,0,21802.0,2,34.4184,-119.70284988,4
2015,2015-07-25,1516,7,2,15,6,N,A,N,A,H,A,-,,E,03,C,,,,,C,N,N,A,1,0,0,0,22350.0,2,34.44050005,-119.75104997,4
2015,2015-07-28,953,7,2,9,2,N,A,N,A,H,A,L,04,W,- ,D,Y,Y,,,A,N,N,D,1,1,0,0,,2,34.42222167,-119.70112901,3
2015,2015-07-27,1702,7,2,17,1,N,A,N,D,G,A,-,- ,E,22,F,,,,,J,N,N,D,1,0,0,0,,1,,,3
2015,2015-07-26,1850,7,2,18,7,Y,A,N,A,H,A,-,- ,,00,G,Y,,,,B,N,N,A,1,1,0,0,,2,34.43002009,-119.69039992,4
2015,2015-07-29,1238,7,2,12,3,N,A,N,A,H,A,A,01,N,03,C,,,Y,,C,N,N,A,1,0,0,1,22350.0,2,34.41797268,-119.69436058,3
2015,2015-07-27,1905,7,2,19,1,N,A,N,A,H,A,L,04,W,03,B,,Y,,,G,N,N,D,1,0,1,0,22350.0,2,34.41824656,-119.70301572,4
2015,2015-07-30,1149,7,2,11,4,N,B,N,A,H,A,-,,,09,D,,,,,C,Y,N,D,1,0,0,0,21804.0,2,34.44050005,-119.75104997,4
2015,2015-07-31,2133,7,2,21,5,N,A,N,A,H,C,-,- ,W,00,G,Y,,,,B,N,N,A,1,1,0,0,,2,34.42259386,-119.70072663,3
2015,2015-07-31,947,7,2,9,5,N,A,N,A,H,A,-,,N,03,C,,,,,C,N,N,A,3,0,0,0,22350.0,3,34.43092572,-119.71487006,4
2015,2015-07-31,1545,7,2,15,5,Y,A,N,A,H,A,A,01,,08,-,,,,,C,N,N,A,2,0,0,0,22107.0,2,34.41361003,-119.69891998,4
2015,2015-07-20,843,7,2,8,1,N,B,N,A,H,A,D,22,E,05,B,,Y,,,G,N,N,D,1,0,1,0,21460.0,2,34.45476698,-119.66358051,3
2015,2015-07-26,1255,7,2,12,7,N,A,Y,A,H,A,-,99,W,16,E,,,,,J,Y,N,D,1,0,0,0,29003.0,2,34.54587281,-119.8806205,4
2015,2015-09-05,1848,9,3,18,6,N,A,N,A,H,A,L,04,N,05,G,,Y,,,G,N,N,D,1,0,1,0,21650.0,2,,,4
2015,2015-08-28,717,8,2,7,5,N,A,N,-,H,A,A,01,W,08,C,,,,,C,Y,N,A,2,0,0,0,22107.0,2,,,4
2015,2015-08-12,1553,8,2,15,3,N,A,N,A,H,A,A,01,W,03,C,Y,,,,B,Y,N,D,1,1,0,0,22350.0,3,34.64707,-120.46299639,4
2015,2015-07-17,1732,7,2,17,5,Y,A,N,A,H,A,-,,,03,C,,,,,C,Y,N,A,3,0,0,0,22350.0,3,34.42607513,-119.73507217,4
2015,2015-07-20,1838,7,2,18,1,N,A,N,A,-,A,-,,S,08,D,,,,,C,Y,N,A,1,0,0,0,22100.0,2,34.43163107,-119.720656,3
2015,2015-07-20,1538,7,2,15,1,Y,B,N,A,H,A,-,- ,,00,G,Y,,,,B,N,F,A,1,1,0,0,,2,34.42045011,-119.70296994,3
2015,2015-07-26,1838,7,2,18,7,Y,A,N,A,H,A,-,,,01,E,,,,,I,Y,N,A,1,0,0,0,23152.0,1,34.41619006,-119.67526991,3
2015,2015-07-15,1033,7,2,10,3,Y,A,N,A,H,A,A,01,,10,G,Y,,,,B,N,N,A,1,1,0,0,21950.0,2,34.42543009,-119.70453996,4
2015,2015-07-14,930,7,2,9,2,Y,A,N,A,H,A,-,,,03,C,,,,,C,N,N,A,1,0,0,0,22350.0,2,34.41887011,-119.70464994,4
2015,2015-07-07,1626,7,2,16,2,Y,A,N,A,H,A,A,01,,09,-,,,,,C,N,N,A,1,0,0,0,21802.0,2,34.4221801,-119.7080099,4
2015,2015-07-21,2050,7,2,20,2,N,A,N,A,H,D,N,60,W,00,G,Y,,,,B,Y,N,D,1,1,0,0,21954.0,2,34.42162848,-119.6743115,3
2015,2015-07-02,2137,7,2,21,4,N,A,N,A,H,C,L,04,E,03,C,,Y,,,G,N,M,D,1,0,1,0,22350.0,2,34.41796073,-119.69655483,3
2015,2015-07-13,1455,7,2,14,1,N,A,N,A,-,-,-,,W,01,C,,,,,C,N,F,A,2,0,0,0,23153.0,3,34.43046929,-119.71508806,3
2015,2015-07-15,1452,7,2,14,3,N,A,N,A,H,A,A,01,S,03,C,,,,,C,N,N,A,2,0,0,0,22350.0,2,34.41833405,-119.69762057,4
2015,2015-07-15,358,7,2,3,3,N,A,N,A,H,C,-,,S,01,-,,,,,E,Y,N,A,2,0,0,0,23153.0,2,34.43153273,-119.71570375,3
2015,2015-07-16,1359,7,2,13,4,N,A,N,A,H,A,-,,N,00,B,,Y,,,G,N,N,D,1,0,1,0,22517.0,2,34.42488007,-119.68336554,2
2015,2015-04-11,1625,4,1,16,6,Y,A,N,A,H,A,A,42,,03,C,,,,,D,N,N,D,3,0,0,0,22350.0,2,34.97334,-120.41704992,3
2015,2015-07-27,756,7,2,7,1,Y,A,N,A,H,A,A,07,,12,D,,,,,C,Y,N,A,3,0,0,0,21453.0,2,34.96051,-120.44459,4
2015,2015-07-22,2107,7,2,21,3,N,A,N,A,H,C,N,60,N,11,G,Y,,,,B,N,N,D,1,1,0,0,21954.0,2,34.94482451,-120.44377856,3
2015,2015-07-22,925,7,2,9,3,Y,B,N,A,H,A,A,01,,03,C,,,,,C,Y,N,A,1,0,0,0,22350.0,2,34.92077004,-120.46400991,4
2015,2015-07-03,1258,7,2,12,5,Y,A,Y,A,H,A,-,- ,,00,G,Y,,,,B,N,N,A,1,1,0,0,,2,34.95306882,-120.43597162,4
2015,2015-07-31,1858,7,2,18,5,Y,A,N,A,H,A,-,- ,,00,D,,Y,,,G,N,N,D,1,0,1,0,,2,34.43297001,-119.71243988,3
2015,2015-07-29,1452,7,2,14,3,Y,A,N,A,H,A,A,01,,09,D,,,,,C,Y,N,A,1,0,0,0,21802.0,2,34.42214003,-119.68982995,4
2015,2015-07-21,1240,7,2,12,2,N,A,Y,A,H,A,A,01,E,08,E,,,,,I,Y,N,D,3,0,0,0,22107.0,1,34.93470061,-119.61084923,3
2015,2015-07-30,1117,7,2,11,4,Y,A,N,A,H,A,-,,,09,A,,,,,C,Y,N,A,1,0,0,0,21801.0,2,34.41471006,-119.71062991,3
2015,2015-07-28,1257,7,2,12,2,Y,A,N,A,H,A,A,07,,10,G,Y,,,,B,N,N,A,1,1,0,0,21950.0,3,34.42725007,-119.68660989,4
2015,2015-07-25,1320,7,2,13,6,N,A,Y,A,H,A,A,07,S,08,E,,,,,I,Y,N,D,1,0,0,0,22107.0,1,34.86066425,-120.39187368,4
2015,2015-07-23,2123,7,2,21,4,N,A,N,A,H,C,A,01,W,01,C,,,,,C,Y,N,A,3,0,0,0,23152.0,2,34.89451,-120.42319334,4
2015,2015-04-06,1804,4,1,18,1,Y,A,N,A,H,A,D,22,,01,C,,,,,C,Y,N,D,1,0,0,0,23152.0,3,34.44841005,-119.85014,4
2015,2015-07-24,630,7,2,6,5,Y,A,N,A,H,A,A,01,,09,D,,,,,C,Y,N,A,1,0,0,0,21801.0,3,34.92066006,-120.47485998,3
2015,2015-06-18,2037,6,2,20,4,Y,A,N,A,H,C,N,60,,11,G,Y,,,,B,Y,N,A,2,2,0,0,21950.0,3,34.94987008,-120.44039991,2
2015,2015-05-30,46,5,1,0,6,N,B,Y,A,H,C,A,01,N,08,E,,,,,I,Y,N,D,1,0,0,0,22107.0,1,34.95028194,-120.43583621,4
2015,2015-07-11,30,7,2,0,6,N,A,Y,A,H,C,A,07,S,03,E,,,,,I,Y,N,D,1,0,0,0,22350.0,1,34.43287502,-119.74689647,3
2015,2015-07-05,247,7,2,2,7,N,A,Y,A,H,C,A,01,S,01,F,,,,,A,Y,N,D,1,0,0,0,23152.0,1,34.44228555,-119.78653881,4
2015,2015-06-24,1454,6,2,14,3,Y,A,N,A,D,A,A,01,,09,D,,,,,C,Y,N,A,3,0,0,0,21453.0,2,34.430176,-119.873562,3
2015,2015-05-18,1641,5,1,16,1,N,A,N,A,H,A,A,01,E,03,E,,,,,I,Y,N,D,1,0,0,0,22350.0,1,34.45325875,-119.83407833,3
2015,2015-05-15,1727,5,1,17,5,N,A,N,A,H,A,A,07,S,03,C,,,,,C,Y,F,D,2,0,0,0,22350.0,3,,,4
2015,2015-08-02,1200,8,2,12,7,N,A,N,A,H,A,L,04,S,03,F,,Y,,,A,N,N,D,1,0,1,0,22350.0,1,34.69142673,-120.4677001,3
2015,2015-07-22,2330,7,2,23,3,N,A,N,A,H,C,-,99,N,03,D,,,,,C,N,M,A,1,0,0,0,22350.0,2,34.4513335,-119.790097,4
2015,2015-07-22,1340,7,2,13,3,N,A,N,A,H,A,A,01,W,09,D,,Y,,,G,N,N,D,1,0,1,0,21804.0,2,34.41913043,-119.59154524,3
2015,2015-07-26,600,7,2,6,7,N,A,Y,A,H,A,A,08,S,21,C,,,,,C,Y,N,D,2,0,0,0,22106.0,2,34.42151014,-119.62834193,3
2015,2015-07-30,950,7,2,9,4,N,A,Y,A,D,A,D,22,W,03,C,,,,,C,Y,N,D,1,0,0,0,22350.0,2,35.09505857,-120.04667016,4
2015,2015-08-03,840,8,2,8,1,N,A,Y,A,H,A,D,22,W,08,E,,,,,I,Y,N,D,1,0,0,0,22107.0,1,34.95444189,-120.47747305,4
2015,2015-08-01,1710,8,2,17,6,Y,A,Y,A,H,A,A,01,,09,D,,,,Y,C,Y,N,A,1,0,0,0,21802.0,3,34.86396232,-120.45695516,4
2015,2015-08-01,1610,8,2,16,6,N,A,Y,A,H,A,A,01,N,03,C,,,,,C,N,N,A,1,0,0,0,22350.0,2,34.93865546,-120.43609559,4
2015,2015-08-06,507,8,2,5,4,N,A,N,A,H,C,D,22,N,08,-,,,,,-,Y,N,D,1,0,0,0,22107.0,1,34.90557042,-120.45266205,4
2015,2015-08-12,600,8,2,6,3,N,A,Y,A,H,A,F,26,E,03,C,,,,Y,C,Y,N,D,2,0,0,0,22350.0,2,34.95663347,-120.50577739,3
2015,2015-07-31,1035,7,2,10,5,N,A,N,A,H,A,-,,W,05,G,Y,,,,B,N,N,A,1,1,0,0,21650.0,2,34.92181454,-120.43286804,4
2015,2015-07-22,750,7,2,7,3,Y,B,N,A,H,A,L,04,,12,D,,Y,,,G,N,N,A,1,0,1,0,21453.0,2,34.41741005,-119.85704992,3
2015,2015-07-29,1400,7,2,14,3,Y,A,N,A,H,A,-,- ,,18,D,,,,,C,Y,N,A,1,0,0,0,,2,34.40352007,-119.72985988,4
2015,2015-07-19,1402,7,2,14,7,Y,B,N,A,H,A,A,01,,12,D,,,,,C,N,N,A,1,0,0,0,21453.0,2,34.43010009,-119.86974995,4
2015,2015-07-29,1615,7,2,16,3,N,A,Y,A,H,A,D,22,S,03,C,,,,Y,C,N,N,A,1,0,0,0,22350.0,2,34.75614284,-120.5143265,4
2015,2015-07-11,1620,7,2,16,6,N,A,Y,A,H,A,A,01,S,03,C,,,,,C,Y,N,D,1,0,0,0,22350.0,2,34.4153686,-119.70585512,4
2015,2015-07-11,1850,7,2,18,6,Y,A,N,A,H,A,-,- ,,00,D,,,,,C,Y,N,A,2,0,0,0,,2,34.43496006,-119.8035799,3
2015,2015-07-18,1030,7,2,10,6,N,A,Y,A,H,A,L,04,S,03,E,,Y,,,I,N,N,D,1,0,1,0,22350.0,1,34.4627146,-120.06046672,3
2015,2015-07-17,255,7,2,2,5,N,B,Y,A,H,C,A,01,N,08,E,,,,,I,Y,N,D,1,0,0,0,22107.0,1,34.44198281,-119.77509747,3
2015,2015-07-21,1410,7,2,14,2,N,A,Y,A,H,A,A,01,S,03,C,,,,,C,Y,N,D,1,0,0,0,22350.0,2,34.4410384,-119.76703902,3
2015,2015-07-17,1505,7,2,15,5,N,A,N,A,H,A,A,01,S,09,D,,,,,C,Y,N,D,3,0,0,0,21804.0,3,34.41703256,-119.58126828,3
2015,2015-07-23,1950,7,2,19,4,N,A,Y,A,H,B,A,01,S,01,E,,,,,I,Y,N,D,1,0,0,0,23152.0,1,34.40266087,-119.52276691,3
2015,2015-08-04,1630,8,2,16,2,N,A,Y,A,H,A,A,01,N,03,C,,,,,C,Y,N,D,1,0,0,0,22350.0,2,34.52422249,-120.30035531,4
2015,2015-08-01,1154,8,2,11,6,N,A,N,A,H,A,-,- ,N,00,B,,,,,C,N,N,A,2,0,0,0,,2,34.41432992,-119.6920974,3
2015,2015-08-01,2008,8,2,20,6,Y,A,N,A,H,C,-,,,01,D,,,,,C,N,N,A,1,0,0,0,23152.0,2,34.4326701,-119.71724987,4
2015,2015-07-26,1935,7,2,19,7,N,A,Y,A,H,A,A,07,N,08,F,,,,,A,Y,N,D,1,0,0,0,22107.0,1,34.55233463,-120.19130667,4
2015,2015-07-29,1350,7,2,13,3,Y,A,N,A,H,A,A,01,,12,A,,,,,C,Y,N,A,2,0,0,0,21453.0,2,34.86506006,-120.4353199,4
2015,2015-07-30,1141,7,2,11,4,N,A,N,A,H,A,A,01,N,08,B,,,Y,,C,N,N,D,1,0,0,1,22107.0,2,34.4245156,-119.70854733,3