ACCIDENT_YEAR,COLLISION_DATE,COLLISION_TIME,MONTH,SEASON,24HOURS,DAY_OF_WEEK,INTERSECTION,WEATHER_1,STATE_HWY_IND,ROAD_SURFACE,ROAD_COND_1,LIGHTING,STWD_VEHTYPE_AT_FAULT,CHP_VEHTYPE_AT_FAULT,DIRECTION,PCF_VIOL_CATEGORY,TYPE_OF_COLLISION,PEDESTRIAN_ACCIDENT,BICYCLE_ACCIDENT,MOTORCYCLE_ACCIDENT,TRUCK_ACCIDENT,MVIW,TOW_AWAY,HIT_AND_RUN,CONTROL_DEVICE,NUMBER_INJURED,COUNT_PED_INJURED,COUNT_BICYCLIST_INJURED,COUNT_MC_INJURED,PCF_VIOLATION,PARTY_COUNT,POINT_Y,POINT_X,COLLISION_SEVERITY
2018,2018-04-09,700,4,1,7,1,N,A,N,A,H,A,D,22,N,03,C,,,,,C,N,N,D,1,0,0,0,22350.0,2,34.95330810546875,-120.45371246337892,4
2018,2018-04-07,1543,4,1,15,6,Y,A,Y,A,H,A,A,07,,03,C,,,,,C,Y,N,A,1,0,0,0,22350.0,2,34.95320510864258,-120.42840576171876,4
2018,2018-04-07,1140,4,1,11,6,Y,C,N,B,H,A,A,01,,12,D,,,,,C,Y,N,A,2,0,0,0,21453.0,2,34.93519973754883,-120.45394134521484,3
2018,2018-04-08,1625,4,1,16,7,Y,A,N,A,H,A,A,01,,08,D,,,,,C,Y,N,A,1,0,0,0,22107.0,2,34.96622085571289,-120.42549896240234,4
2018,2018-04-09,853,4,1,8,1,Y,A,N,A,H,A,A,01,,21,C,,,,,C,N,N,A,1,0,0,0,22106.0,2,34.93143844604492,-120.43177795410156,4
2018,2018-04-19,1926,4,1,19,4,Y,A,N,A,H,B,A,01,,09,D,,,,,C,Y,F,D,1,0,0,0,21804.0,6,34.92988967895508,-120.43768310546876,3
2018,2018-04-21,943,4,1,9,6,Y,A,N,A,H,A,A,01,,04,C,,,,,C,Y,F,A,1,0,0,0,21703.0,2,34.97882843017578,-120.43467712402344,4
2018,2018-04-23,1316,4,1,13,1,N,A,N,A,H,A,M,59,E,21,B,,,,,C,N,N,D,1,0,0,0,22106.0,2,34.961402893066406,-120.43704223632812,4
2018,2018-04-13,1236,4,1,12,5,N,A,N,A,H,A,A,01,S,08,E,,,,,I,Y,N,D,1,0,0,0,22107.0,1,34.60502243041992,-120.13333129882812,4
2018,2018-04-11,735,4,1,7,3,Y,B,N,A,H,A,A,01,,03,C,,,,,C,N,N,A,1,0,0,0,22350.0,2,34.59601974487305,-120.1452178955078,4
2018,2018-04-19,1409,4,1,14,4,N,A,N,A,H,A,A,01,N,09,A,,,,,C,N,N,D,2,0,0,0,21804.0,3,34.951541900634766,-120.41471862792967,4
2018,2018-04-21,2310,4,1,23,6,N,A,N,A,H,C,A,01,E,08,E,,,,,I,Y,N,A,1,0,0,0,22107.0,1,34.953208923339844,-120.43585968017578,4
2018,2018-03-15,520,3,1,5,4,N,B,Y,B,H,D,D,23,N,03,E,,,,,I,Y,N,D,1,0,0,0,22350.0,1,34.64122009277344,-120.45782470703124,3
2018,2018-04-16,1058,4,1,10,1,N,A,Y,B,H,A,A,01,N,03,C,,,,,C,N,N,A,1,0,0,0,22350.0,2,34.938655853271484,-120.43609619140624,4
2018,2018-04-06,645,4,1,6,5,N,A,Y,A,H,A,A,01,N,03,C,,,,,D,Y,N,D,1,0,0,0,22350.0,2,34.924198150634766,-120.41803741455078,4
2018,2018-04-07,817,4,1,8,6,Y,B,Y,B,H,A,D,22,,09,D,,,,,C,Y,N,A,1,0,0,0,21800.0,2,34.95323944091797,-120.44020080566406,4
2018,2018-04-12,906,4,1,9,4,Y,A,Y,A,H,A,A,01,,12,D,,,,,C,N,N,A,1,0,0,0,21453.0,2,34.419246673583984,-119.68814086914062,4
2018,2018-05-06,1512,5,1,15,7,Y,A,N,A,H,A,A,01,,01,A,,,,,C,Y,F,D,1,0,0,0,23152.0,2,34.94961166381836,-120.44493103027344,4
2018,2018-04-28,1319,4,1,13,6,N,A,N,A,H,A,-,,N,03,C,,,,,C,Y,N,A,1,0,0,0,22350.0,3,34.43478775024414,-119.72437286376952,4
2018,2018-04-29,1849,4,1,18,7,Y,A,N,A,H,B,A,01,,08,A,,,,,C,,N,A,5,0,0,0,22107.0,2,34.40966033935547,-119.69854736328124,4
2018,2018-04-29,1312,4,1,13,7,N,A,N,A,H,A,-,,E,03,C,,,,,C,N,N,A,1,0,0,0,22350.0,3,34.4271354675293,-119.68644714355467,4
2018,2018-04-30,1730,4,1,17,1,N,B,N,A,H,A,N,60,S,11,G,Y,,,,B,N,N,A,1,1,0,0,21950.0,2,34.42477798461914,-119.6934051513672,3
2018,2018-05-01,1915,5,1,19,2,Y,B,N,A,H,B,-,,,12,B,,,,,C,Y,N,A,1,0,0,0,21453.0,2,34.417930603027344,-119.69429779052734,4
2018,2018-05-02,1132,5,1,11,3,Y,B,N,A,H,A,-,,,09,D,,,,,C,Y,N,A,1,0,0,0,21802.0,2,34.4220085144043,-119.69225311279295,3
2018,2018-05-04,1153,5,1,11,5,N,A,N,A,H,A,-,,N,09,H,,,,,I,N,N,D,1,0,0,0,21804.0,2,34.438045501708984,-119.74445343017578,2
2018,2018-05-02,1315,5,1,13,3,Y,A,N,A,H,A,-,,,09,-,,,,,C,Y,N,A,1,0,0,0,21801.0,2,34.4388313293457,-119.75083923339844,4
2018,2018-05-03,1144,5,1,11,4,Y,A,N,A,H,A,A,01,,09,B,,,,,C,Y,N,A,2,0,0,0,21802.0,2,34.4304313659668,-119.70371246337892,4
2018,2018-05-03,1627,5,1,16,4,Y,A,N,A,A,A,-,- ,,00,B,,Y,,,G,N,F,A,1,0,1,0,,2,34.44047927856445,-119.74445343017578,3
2018,2018-05-04,1827,5,1,18,5,N,A,N,A,H,A,A,07,W,08,F,,,,,I,Y,N,D,4,0,0,0,22107.0,1,34.40796661376953,-119.6986846923828,3
2018,2018-05-12,1342,5,1,13,6,N,A,N,A,H,A,A,01,N,05,A,,,,,C,Y,N,D,1,0,0,0,21460.0,2,34.44679260253906,-119.68224334716795,3
2018,2018-05-12,1455,5,1,14,6,N,A,N,A,H,A,-,,E,- ,B,Y,,,,B,N,F,A,1,1,0,0,,2,34.42151641845703,-119.65628051757812,4
2018,2018-05-13,2051,5,1,20,7,Y,A,N,A,H,C,D,22,,09,D,,Y,,,G,Y,N,A,1,0,1,0,21801.0,2,34.41878128051758,-119.71617889404295,2
2018,2018-05-13,1845,5,1,18,7,N,A,N,A,H,A,A,01,E,03,E,,,,,I,Y,N,D,2,0,0,0,22350.0,1,34.43117141723633,-119.7319564819336,2
2018,2018-05-10,1037,5,1,10,4,Y,A,N,A,H,A,-,,,08,D,,,,,C,N,N,A,1,0,0,0,22100.0,2,34.421241760253906,-119.7067413330078,4
2018,2018-05-03,1332,5,1,13,4,Y,A,Y,A,H,A,D,22,,09,D,,,,,C,N,N,D,3,0,0,0,21801.0,2,35.00944900512695,-120.35929870605467,4
2018,2018-05-04,1207,5,1,12,5,Y,A,Y,A,H,A,A,01,,09,D,,,,,C,Y,N,D,2,0,0,0,21802.0,2,34.95320510864258,-120.42840576171876,4
2018,2018-05-07,741,5,1,7,1,Y,A,N,A,H,A,L,04,,05,H,,Y,,,G,N,N,A,1,0,1,0,21650.0,2,34.441509246826165,-119.75840759277344,4
2018,2018-04-20,1249,4,1,12,5,N,A,N,A,H,A,A,01,E,03,C,,,,,C,N,N,D,1,0,0,0,22350.0,3,34.967681884765625,-120.42518615722656,4
2018,2018-05-03,1632,5,1,16,4,N,A,N,A,H,A,A,01,S,03,C,,,,,C,Y,N,D,1,0,0,0,22350.0,2,34.435447692871094,-119.83064270019533,4
2018,2018-05-04,739,5,1,7,5,Y,A,N,A,H,A,L,04,,05,D,,Y,,,G,N,N,A,1,0,1,0,21650.0,2,34.43571853637695,-119.87140655517578,3
2018,2018-04-30,1928,4,1,19,1,N,G,N,A,H,A,N,60,W,11,G,Y,,,,B,N,N,D,1,1,0,0,21954.0,2,34.966976165771484,-120.44635009765624,3
2018,2018-05-03,733,5,1,7,4,N,A,N,A,H,A,D,23,S,03,E,,,,,I,Y,N,D,1,0,0,0,22350.0,1,34.60523223876953,-120.12649536132812,3
2018,2018-05-16,1042,5,1,10,3,Y,A,N,A,H,A,-,- ,,12,D,,,,,C,Y,N,A,2,0,0,0,22450.0,2,34.94990921020508,-120.44370269775392,4
2018,2018-05-16,1314,5,1,13,3,N,A,N,A,H,A,A,01,W,08,E,,,,,I,Y,N,D,0,0,0,0,22107.0,1,34.94955062866211,-120.44554138183594,1
2018,2018-05-01,1307,5,1,13,2,Y,A,N,A,H,A,A,07,,03,C,,,,,C,Y,N,A,1,0,0,0,22350.0,2,34.934059143066406,-120.43163299560548,4
2018,2018-05-07,1652,5,1,16,1,Y,A,N,A,H,A,A,01,,08,A,,,,,C,N,N,D,1,0,0,0,22107.0,2,34.95648193359375,-120.43730926513672,4
2018,2018-03-21,1741,3,1,17,3,N,B,N,B,H,A,A,01,W,07,E,,,,,I,,N,D,1,0,0,0,21658.0,1,34.39706802368164,-119.51618194580078,3
2018,2018-04-29,1611,4,1,16,7,Y,A,N,A,H,A,A,01,,09,H,,Y,,,A,N,N,A,1,0,1,0,21801.0,2,34.415386199951165,-119.70587921142578,3
2018,2018-04-13,2139,4,1,21,5,Y,A,Y,A,H,C,A,01,,12,D,,,,,C,Y,N,A,2,0,0,0,21453.0,2,34.437774658203125,-119.84955596923828,3
2018,2018-05-09,828,5,1,8,3,Y,A,Y,A,H,A,A,01,,09,D,,,,,C,N,N,D,1,0,0,0,21802.0,2,34.95314025878906,-120.42263793945312,4
2018,2018-05-13,1339,5,1,13,7,Y,A,N,A,H,A,A,01,,09,D,,,,,C,Y,N,A,1,0,0,0,21802.0,2,34.95204162597656,-120.44255065917967,4
2018,2018-04-25,838,4,1,8,3,N,B,N,A,H,A,N,60,W,11,A,Y,,,,B,N,N,D,1,1,0,0,21950.0,2,34.42569732666016,-119.67683410644533,3
2018,2018-05-11,1853,5,1,18,5,Y,A,N,A,H,A,A,01,,08,D,,,,,C,Y,N,D,1,0,0,0,22107.0,2,34.96773910522461,-120.44081878662108,4
2018,2018-04-08,1430,4,1,14,7,Y,A,N,A,H,A,A,01,,09,D,,Y,,,G,N,F,A,1,0,1,0,21802.0,2,34.64215087890625,-120.44898223876952,3
2018,2018-05-09,430,5,1,4,3,N,A,N,A,H,D,D,22,N,08,E,,,,,I,Y,N,D,1,0,0,0,22107.0,1,,,3
2018,2018-05-18,1814,5,1,18,5,Y,A,N,A,H,A,A,01,,01,D,,,,,C,Y,N,A,1,0,0,0,23152.0,2,34.424468994140625,-119.70327758789062,3
2018,2018-05-15,1340,5,1,13,2,N,A,N,A,H,A,A,01,E,03,C,,,,,C,Y,N,D,2,0,0,0,22350.0,2,34.93146514892578,-120.4345703125,4
2018,2018-05-15,1704,5,1,17,2,Y,A,N,A,H,A,D,22,,10,D,,Y,,,G,N,F,D,1,0,1,0,21950.0,2,34.95289993286133,-120.41390228271484,4
2018,2018-03-23,939,3,1,9,5,Y,A,N,A,H,A,A,01,,09,D,,,,,C,Y,N,D,1,0,0,0,21802.0,2,34.960418701171875,-120.43132781982422,4
2018,2018-05-28,1114,5,1,11,1,Y,B,Y,A,H,A,L,04,,05,H,,Y,,,G,N,N,A,1,0,1,0,21650.0,2,34.41925430297852,-119.68811798095705,3
2018,2018-05-22,736,5,1,7,2,N,A,N,A,H,A,C,03,E,03,F,,,Y,,A,N,N,D,1,0,0,1,22350.0,1,34.44041442871094,-119.73989105224608,3
2018,2018-05-22,1143,5,1,11,2,Y,B,N,A,H,A,A,01,,03,C,,,,,C,Y,N,D,2,0,0,0,22350.0,2,34.42873001098633,-119.71695709228516,4
2018,2018-05-24,1409,5,1,14,4,Y,A,N,A,H,A,L,04,,08,B,,Y,,,G,N,N,A,1,0,1,0,22107.0,2,34.42105865478516,-119.69100189208984,3
2018,2018-05-24,1808,5,1,18,4,Y,A,N,A,H,A,A,01,,09,D,,,Y,,C,Y,N,A,1,0,0,1,21802.0,2,34.425899505615234,-119.67205810546876,4
2018,2018-05-25,1534,5,1,15,5,N,A,N,A,H,A,-,- ,E,00,H,,,Y,,C,N,F,D,1,0,0,0,,3,34.41727828979492,-119.69730377197266,3
2018,2018-05-28,1315,5,1,13,1,N,A,N,A,H,A,A,01,E,21,G,Y,,,,B,N,N,D,1,1,0,0,22106.0,2,34.41679000854492,-119.69554138183594,3
2018,2018-05-28,1932,5,1,19,1,Y,A,N,A,H,A,A,01,,09,D,,Y,,,G,N,N,A,1,0,1,0,21801.0,2,34.4216194152832,-119.67890167236328,2
2018,2018-05-11,2230,5,1,22,5,N,A,N,A,H,C,A,01,N,01,A,,,,,C,N,N,A,2,0,0,0,23152.0,2,34.87984085083008,-120.4456787109375,4
2018,2018-05-28,1420,5,1,14,1,Y,A,N,A,H,A,A,07,,09,A,,,,,C,N,N,A,2,0,0,0,21802.0,2,34.93172073364258,-120.46372222900392,4
2018,2018-05-28,1144,5,1,11,1,Y,A,N,A,H,A,A,01,,09,D,,,,,C,Y,N,A,3,0,0,0,21802.0,2,34.93873977661133,-120.46106719970705,4
2018,2018-05-24,756,5,1,7,4,Y,A,Y,A,H,A,A,07,,03,C,,,,,C,N,N,A,1,0,0,0,22350.0,2,34.96492004394531,-120.42119598388672,4
2018,2018-04-18,2310,4,1,23,3,N,A,Y,A,H,C,L,04,E,17,D,,Y,,,G,Y,N,A,1,0,1,0,21461.0,2,34.650081634521484,-120.45783233642578,2
2018,2018-05-22,734,5,1,7,2,Y,B,Y,A,H,A,A,01,,17,A,,,,,C,Y,N,A,2,0,0,0,21451.0,2,34.94309616088867,-120.43595886230467,3
2018,2018-06-03,49,6,2,0,7,N,A,N,A,H,D,A,01,E,01,F,,,,,A,Y,N,D,1,0,0,0,23152.0,1,34.44636154174805,-119.70590972900392,3
2018,2018-04-06,1657,4,1,16,5,N,A,N,A,H,A,A,07,W,09,D,,,,,C,Y,N,D,1,0,0,0,21804.0,2,34.44113540649414,-119.83171081542967,2
2018,2018-05-17,1859,5,1,18,4,N,A,N,A,H,A,C,02,E,21,F,,,Y,,A,N,N,D,1,0,0,1,22106.0,1,34.38997268676758,-119.48966979980467,2
2018,2018-05-21,1429,5,1,14,1,N,B,N,A,H,A,D,22,S,03,A,,,,,C,Y,N,D,2,0,0,0,22350.0,2,34.44877624511719,-119.8306884765625,3
2018,2018-05-25,1426,5,1,14,5,Y,A,N,A,H,A,D,22,,09,D,,,,,C,Y,N,A,1,0,0,0,21802.0,2,34.95648956298828,-120.4314193725586,4
2018,2018-03-16,1545,3,1,15,5,Y,B,N,B,H,A,A,01,,02,C,,,,,C,Y,N,A,1,0,0,0,22400.0,2,34.43415832519531,-119.85362243652344,4
2018,2018-05-29,1530,5,1,15,2,Y,A,N,A,H,A,A,01,,09,D,,,Y,,C,Y,N,D,2,0,0,2,21801.0,2,34.60084915161133,-120.12857818603516,3
2018,2018-05-29,1509,5,1,15,2,N,A,N,A,H,A,A,07,N,03,C,,,,,C,N,F,A,1,0,0,0,22350.0,2,34.94973373413086,-120.44938659667967,4
2018,2018-05-02,1920,5,1,19,3,N,A,N,A,H,B,D,22,W,01,D,,,,,C,Y,F,D,1,0,0,0,23152.0,2,,,4
2018,2018-05-28,2120,5,1,21,1,Y,A,N,A,H,C,A,01,,09,H,,,,,-,Y,N,A,3,0,0,0,21801.0,2,34.43722915649414,-119.75102996826172,4
2018,2018-05-24,1155,5,1,11,4,Y,B,N,A,H,A,A,01,,12,D,,,,,C,Y,N,A,2,0,0,0,21453.0,2,34.420448303222656,-119.70297241210938,3
2018,2018-05-21,1755,5,1,17,1,N,A,N,A,H,A,D,22,N,05,G,,Y,,,G,N,N,D,1,0,1,0,21650.0,2,34.95314025878906,-120.43580627441406,4
2018,2018-05-24,1232,5,1,12,4,N,A,N,A,H,A,L,04,E,05,H,,Y,,,G,N,N,D,1,0,1,0,21650.0,2,34.941680908203125,-120.43146514892578,3
2018,2018-05-05,1819,5,1,18,6,Y,A,N,A,H,A,-,,,09,D,,,,,C,Y,F,D,2,0,0,0,21802.0,2,34.96780014038086,-120.44983673095705,4
2018,2018-05-29,1923,5,1,19,2,Y,A,N,A,H,A,A,01,,09,D,,,,,C,Y,N,A,3,0,0,0,21802.0,2,34.948421478271484,-120.4389419555664,4
2018,2018-06-01,1410,6,2,14,5,Y,A,N,A,H,A,A,01,,09,D,,,,,C,N,N,D,1,0,0,0,21802.0,2,34.91136169433594,-120.42410278320312,4
2018,2018-06-01,534,6,2,5,5,Y,A,N,A,H,C,A,01,,03,A,,,,,C,Y,N,D,1,0,0,0,22350.0,2,34.94841003417969,-120.4515380859375,3
2018,2018-06-11,1038,6,2,10,1,Y,A,N,A,H,A,D,22,,03,C,,,,,C,Y,N,A,3,0,0,0,22350.0,2,34.967430114746094,-120.40882873535156,4
2018,2018-06-06,1312,6,2,13,3,N,A,Y,A,H,A,A,01,E,03,C,,,,,C,N,N,A,2,0,0,0,22350.0,3,34.97061920166016,-120.42494201660156,3
2018,2018-06-08,1807,6,2,18,5,Y,A,N,A,H,A,A,01,,01,A,,,,,C,Y,N,A,1,0,0,0,23153.0,3,34.96768951416016,-120.43122863769533,4
2018,2018-06-09,1448,6,2,14,6,Y,A,N,A,H,A,A,01,,12,D,,,,,C,Y,N,A,3,0,0,0,21453.0,3,34.938480377197266,-120.43160247802734,4
2018,2018-06-09,2341,6,2,23,6,N,A,N,A,A,C,A,01,N,01,C,,,,,E,Y,N,D,1,0,0,0,23152.0,2,34.94032669067383,-120.44863891601562,3
2018,2018-06-09,2233,6,2,22,6,Y,A,N,A,H,C,A,01,,12,D,,,,,C,N,N,A,1,0,0,0,21453.0,2,34.92374038696289,-120.4220733642578,4
2018,2018-06-05,1644,6,2,16,2,N,A,N,A,H,A,A,01,N,21,C,,,,,C,N,N,A,1,0,0,0,22106.0,2,34.44059371948242,-119.74671936035156,4
2018,2018-06-05,1844,6,2,18,2,Y,A,N,A,H,A,-,,,09,H,,,,,C,N,N,A,2,0,0,0,21801.0,2,34.41934967041016,-119.70413970947266,4
2018,2018-06-01,1440,6,2,14,5,Y,A,N,A,H,A,-,,,12,D,,,,,C,Y,N,A,2,0,0,0,21453.0,2,34.424049377441406,-119.71056365966795,4
2018,2018-05-29,1312,5,1,13,2,N,A,N,A,H,A,A,01,,03,C,,,,,C,Y,N,D,3,0,0,0,22350.0,2,,,4
2018,2018-06-14,1624,6,2,16,4,N,A,N,A,H,A,A,07,S,03,C,,,,,C,N,N,D,1,0,0,0,22350.0,3,34.93971252441406,-120.43157196044922,4
2018,2018-06-10,2145,6,2,21,7,N,A,N,A,H,C,-,,S,01,F,,,,,I,Y,N,A,1,0,0,0,23152.0,1,34.415122985839844,-119.69297027587892,2
2018,2018-06-08,207,6,2,2,5,N,A,N,A,H,C,A,01,S,01,A,,,,,I,Y,M,A,1,0,0,0,23152.0,1,34.403564453125,-119.73027801513672,3
2017,2017-06-03,1545,6,2,15,6,N,A,N,A,H,A,L,04,N,08,B,,Y,,,E,N,N,D,1,0,1,0,22107.0,2,,,4
2018,2018-06-03,1904,6,2,19,7,Y,A,N,A,H,B,-,,,03,H,,,,,A,N,N,A,1,0,0,0,22350.0,1,34.421878814697266,-119.69725799560548,3
2018,2018-06-06,1643,6,2,16,3,N,A,N,A,H,A,A,01,E,03,C,,,,,C,Y,N,D,2,0,0,0,22350.0,3,34.4229850769043,-119.6647720336914,4
2018,2018-06-11,1524,6,2,15,1,N,B,N,A,H,A,-,,W,09,D,,,,,C,Y,N,D,1,0,0,0,21804.0,2,34.402793884277344,-119.72730255126952,3
2018,2018-05-26,1517,5,1,15,6,Y,A,N,A,H,A,-,,,08,D,,,,,C,Y,N,A,2,0,0,0,22107.0,4,34.43854141235352,-119.72476959228516,4
2018,2018-06-08,258,6,2,2,5,N,A,Y,A,H,C,A,01,S,01,E,,,,,J,Y,N,D,1,0,0,0,23152.0,1,34.978912353515625,-120.43478393554688,4
2018,2018-02-23,2034,2,4,20,5,N,A,Y,A,H,C,A,01,S,09,D,,,,,C,N,F,A,2,0,0,0,21804.0,2,34.64935302734375,-120.45783996582033,4
2018,2018-06-07,1257,6,2,12,4,Y,A,N,A,H,A,A,01,,09,D,,,,,C,Y,N,D,1,0,0,0,21804.0,2,34.94689178466797,-120.42852783203124,4
2018,2018-06-11,1553,6,2,15,1,Y,A,N,A,H,A,A,07,,09,D,,,,,C,N,N,A,1,0,0,0,21802.0,2,34.934669494628906,-120.44476318359376,4
2018,2018-06-06,5,6,2,0,3,Y,A,N,A,H,C,A,07,,12,D,,,,,C,Y,N,A,6,0,0,0,22450.0,2,34.93126,-120.42119,2
2018,2018-06-01,2110,6,2,21,5,Y,A,N,A,H,C,A,01,,09,D,,,,,C,Y,F,A,1,0,0,0,21802.0,3,34.94987869262695,-120.44146728515624,4
2018,2018-06-15,1644,6,2,16,5,Y,A,N,A,H,A,A,01,,08,D,,,,,C,Y,N,A,1,0,0,0,22107.0,2,34.934669494628906,-120.44476318359376,4
2018,2018-06-18,1851,6,2,18,1,Y,A,N,A,D,A,A,01,,21,D,,,,,C,N,N,A,1,0,0,0,22106.0,2,34.94961929321289,-120.45377349853516,4
2018,2018-06-05,1617,6,2,16,2,N,A,N,A,H,A,A,01,S,21,C,,,,,C,N,N,A,2,0,0,0,22106.0,2,,,4
2018,2018-06-14,2159,6,2,21,4,Y,A,N,A,H,C,A,01,,12,D,,,,,C,Y,N,A,1,0,0,0,21453.0,2,34.92259979248047,-120.43128967285156,4
2018,2018-06-12,1358,6,2,13,2,N,A,N,A,H,A,A,01,E,21,D,,,,,C,Y,N,A,1,0,0,0,22106.0,2,34.95645,-120.435297,3
2018,2018-06-10,1946,6,2,19,7,Y,A,N,A,H,A,A,01,,03,C,,,,,C,Y,F,A,1,0,0,0,22350.0,2,34.9532585144043,-120.45366668701172,3
2018,2018-05-26,1830,5,1,18,6,N,A,N,A,H,A,A,01,W,21,C,,,,,C,N,N,D,1,0,0,0,22106.0,2,34.953208923339844,-120.43585968017578,4
2018,2018-02-09,1712,2,4,17,5,N,A,N,A,H,A,L,04,E,12,D,,Y,,,G,N,F,A,1,0,1,0,22450.0,2,34.64712142944336,-120.4704132080078,4
2018,2018-02-18,1228,2,4,12,7,N,A,N,A,H,A,A,01,E,03,C,,,,,E,Y,N,D,1,0,0,0,22350.0,2,34.647090911865234,-120.46517181396484,4
2018,2018-06-01,1513,6,2,15,5,Y,A,N,A,H,A,N,60,,11,G,Y,,,,B,N,N,D,1,1,0,0,21950.0,2,34.399810791015625,-119.51941680908205,2
2018,2018-06-06,1401,6,2,14,3,N,A,N,A,H,A,A,08,E,03,B,,,,,C,Y,N,D,2,0,0,0,22350.0,3,34.43012619018555,-119.8755111694336,3
2018,2018-06-15,1154,6,2,11,5,N,A,N,A,H,A,D,22,W,08,A,,,,,C,Y,N,-,1,0,0,0,22103.0,2,34.44685363769531,-119.69026947021484,4
2018,2018-06-11,820,6,2,8,1,Y,A,N,A,H,A,-,,,10,G,Y,,,,B,N,N,A,1,1,0,0,21950.0,2,34.41878128051758,-119.71617889404295,3
2018,2018-06-16,1034,6,2,10,6,N,A,N,A,H,A,-,,E,07,B,,,,,C,Y,N,D,1,0,0,0,21658.0,2,34.417110443115234,-119.6951904296875,3
2018,2018-06-14,22,6,2,0,4,Y,A,N,A,H,C,N,60,,11,G,Y,,,,B,N,N,A,1,0,0,0,21453.0,2,34.408058166503906,-119.6938934326172,4
2018,2018-06-13,924,6,2,9,3,N,A,N,A,H,A,A,07,W,03,C,,,,,C,N,N,A,1,0,0,0,22350.0,2,34.424270629882805,-119.72156524658205,3
2018,2018-06-14,1100,6,2,11,4,N,A,N,A,H,A,A,01,N,17,-,,Y,,,G,N,N,A,1,0,1,0,22517.0,2,34.42433547973633,-119.7057876586914,3
2018,2018-05-25,2331,5,1,23,5,Y,A,N,A,H,C,A,01,,09,D,,,,,C,N,F,A,1,0,0,0,21802.0,2,34.64059066772461,-120.45279693603516,4
2018,2018-06-18,1240,6,2,12,1,N,A,N,A,H,A,A,01,N,09,D,,,,,C,Y,N,D,1,0,0,0,21801.0,2,34.43717193603516,-119.84236145019533,4
2018,2018-04-14,2354,4,1,23,6,N,A,N,A,H,C,D,22,W,01,E,,,,,I,Y,F,A,2,0,0,0,23152.0,1,34.43611145019531,-119.83095550537108,3
2018,2018-04-10,1423,4,1,14,2,Y,A,Y,A,H,A,A,07,,12,D,,,,,C,N,N,A,1,0,0,0,21453.0,2,34.438194274902344,-119.81573486328124,4
2018,2018-05-26,2046,5,1,20,6,N,A,N,A,H,D,A,01,W,01,E,,,,,I,Y,N,D,1,0,0,0,23152.0,1,34.43000793457031,-119.90237426757812,3
2018,2018-06-11,727,6,2,7,1,N,A,N,A,H,A,A,07,S,09,G,Y,,,,B,N,N,D,1,1,0,0,21801.0,2,34.426116943359375,-119.86969757080078,2
2018,2018-05-23,1703,5,1,17,3,N,A,N,A,H,A,A,01,E,04,C,,,,,C,N,N,A,1,0,0,0,21703.0,2,34.64697265625,-120.45348358154295,4
2018,2018-06-06,1624,6,2,16,3,Y,A,Y,A,H,A,A,01,,03,C,,,,,C,N,N,A,1,0,0,0,22350.0,2,34.938499450683594,-120.43595123291016,4
2018,2018-06-15,1113,6,2,11,5,Y,A,Y,A,H,A,A,01,,08,B,,,,,C,N,N,A,1,0,0,0,22107.0,2,34.434818267822266,-119.86783599853516,4
2018,2018-03-30,121,3,1,1,5,Y,A,N,A,H,C,A,01,,12,D,,,,,C,Y,N,A,4,0,0,0,21453.0,2,34.43009948730469,-119.8697509765625,1
2018,2018-12-26,1742,12,4,17,3,N,A,Y,A,H,B,N,60,N,11,G,Y,,,,B,Y,N,A,0,0,0,0,21954.0,2,34.93553161621094,-120.43612670898438,1
2018,2018-05-08,1728,5,1,17,2,N,A,Y,A,H,A,A,01,S,03,C,,,,,D,N,N,A,1,0,0,0,22350.0,2,34.67523193359375,-120.45684051513672,4
2018,2018-05-25,2347,5,1,23,5,Y,A,Y,A,H,C,A,07,,09,D,,,,,C,Y,N,D,1,0,0,0,21802.0,2,34.95536422729492,-120.43592834472656,4
2018,2018-05-08,749,5,1,7,2,N,F,Y,A,H,A,A,01,N,03,C,,,,,C,N,N,A,2,0,0,0,22350.0,3,34.63914108276367,-120.47559356689452,4