ACCIDENT_YEAR,COLLISION_DATE,COLLISION_TIME,MONTH,SEASON,24HOURS,DAY_OF_WEEK,INTERSECTION,WEATHER_1,STATE_HWY_IND,ROAD_SURFACE,ROAD_COND_1,LIGHTING,STWD_VEHTYPE_AT_FAULT,CHP_VEHTYPE_AT_FAULT,DIRECTION,PCF_VIOL_CATEGORY,TYPE_OF_COLLISION,PEDESTRIAN_ACCIDENT,BICYCLE_ACCIDENT,MOTORCYCLE_ACCIDENT,TRUCK_ACCIDENT,MVIW,TOW_AWAY,HIT_AND_RUN,CONTROL_DEVICE,NUMBER_INJURED,COUNT_PED_INJURED,COUNT_BICYCLIST_INJURED,COUNT_MC_INJURED,PCF_VIOLATION,PARTY_COUNT,POINT_Y,POINT_X,COLLISION_SEVERITY
2018,2018-04-07,1155,4,1,11,6,N,A,Y,B,H,A,-,,N,03,C,,,,,C,N,M,A,1,0,0,0,22350.0,2,34.96075439453125,-120.43582153320312,4
2018,2018-05-19,417,5,1,4,6,N,A,Y,A,H,C,-,,N,07,B,,,,,D,N,F,A,1,0,0,0,21658.0,2,34.9549674987793,-120.41732025146484,3
2018,2018-06-26,1403,6,2,14,2,Y,A,N,A,H,A,-,,,05,A,,,,,C,Y,N,A,1,0,0,0,21650.0,2,34.41305160522461,-119.69039916992188,3
2018,2018-07-15,810,7,2,8,7,Y,A,N,A,H,A,-,- ,,00,A,,,,,C,Y,N,D,1,0,0,0,,2,34.43553161621094,-119.72104644775392,4
2018,2018-07-04,524,7,2,5,3,N,A,N,A,H,B,-,,N,22,A,Y,,,,B,,N,A,1,1,0,0,23123.0,2,34.42048263549805,-119.70301818847656,3
2018,2018-07-05,1657,7,2,16,4,N,A,N,A,H,A,-,,E,08,B,,,,,C,N,N,A,1,0,0,0,22107.0,3,34.44047927856445,-119.74383544921876,4
2018,2018-06-14,543,6,2,5,4,Y,A,N,A,H,A,A,01,,09,D,,,,,C,N,N,A,1,0,0,0,21802.0,2,34.95648956298828,-120.43882751464844,4
2018,2018-07-15,1329,7,2,13,7,N,A,N,A,H,A,-,,W,08,H,,Y,,,G,N,N,D,1,0,1,0,22107.0,2,34.39689636230469,-119.71994018554688,2
2018,2018-07-28,914,7,2,9,6,N,A,Y,-,H,A,J,48,W,22,D,,,,,C,Y,N,A,2,0,0,0,,2,34.415367126464844,-119.7058563232422,3
2018,2018-08-03,845,8,2,8,5,N,A,N,A,H,A,-,- ,S,18,C,,,,,C,N,N,D,2,0,0,0,,2,34.40628433227539,-119.7009735107422,3
2018,2018-08-07,1136,8,2,11,2,N,A,N,A,H,A,-,,E,08,B,,,,,C,Y,N,A,3,0,0,0,22107.0,2,34.42143249511719,-119.69059753417967,3
2018,2018-08-01,937,8,2,9,3,N,A,N,A,H,A,A,01,N,08,E,,,,,I,Y,F,A,2,0,0,0,22107.0,1,34.94339370727539,-120.45379638671876,2
2018,2018-07-29,1151,7,2,11,7,N,A,N,A,H,A,-,,W,17,-,,Y,,,G,,N,A,1,0,1,0,22517.0,2,34.42029571533203,-119.70083618164062,2
2018,2018-09-12,1713,9,3,17,3,Y,A,Y,A,H,A,A,01,,01,C,,,,,C,Y,M,A,1,0,0,0,23152.0,2,34.960323333740234,-120.43569946289062,4
2018,2018-09-03,141,9,3,1,1,Y,A,N,A,H,E,A,01,,01,D,,,,,C,Y,F,A,2,0,0,0,23152.0,2,34.42387008666992,-119.71534729003906,4
2018,2018-06-06,1716,6,2,17,3,Y,A,Y,A,H,A,D,22,,09,A,,,,,C,N,N,D,2,0,0,0,21801.0,2,34.638973236083984,-120.45281982421876,4
2018,2018-06-12,931,6,2,9,2,N,A,Y,A,H,A,A,01,S,03,C,,,,,C,Y,N,A,1,0,0,0,22350.0,2,35.01573181152344,-120.35601806640624,4
2018,2018-06-02,818,6,2,8,6,Y,A,Y,A,H,A,A,07,,12,D,,,,,C,Y,M,A,1,0,0,0,21453.0,2,34.65705871582031,-120.45755004882812,4
2018,2018-06-14,1525,6,2,15,4,Y,A,Y,A,H,A,A,01,,12,D,,,,,C,Y,N,A,1,0,0,0,21453.0,2,34.43793487548828,-119.84955596923828,4
2018,2018-06-22,1651,6,2,16,5,N,A,Y,A,H,A,A,01,S,08,D,,,,,C,Y,N,D,3,0,0,0,22102.0,2,34.66629409790039,-120.45759582519533,4
2018,2018-06-10,1955,6,2,19,7,N,A,N,A,H,A,D,22,E,10,G,Y,,,,B,N,N,A,1,1,0,0,21950.0,2,,,2
2018,2018-06-30,1407,6,2,14,6,N,A,Y,A,H,A,A,01,S,04,C,,,,,C,Y,N,D,1,0,0,0,21703.0,2,34.656620025634766,-120.45767974853516,3
2018,2018-06-07,1454,6,2,14,4,N,A,Y,A,H,A,D,22,N,03,C,,,,,C,N,N,A,4,0,0,0,22350.0,3,34.678340911865234,-120.45602416992188,4
2018,2018-06-16,1812,6,2,18,6,N,B,Y,A,A,A,A,01,N,09,D,,,,,C,Y,N,D,1,0,0,0,21804.0,2,34.647319793701165,-120.45787048339844,4
2018,2018-06-15,1411,6,2,14,5,N,A,Y,A,H,A,A,08,S,04,C,,,,,C,Y,N,A,1,0,0,0,21703.0,2,34.65255355834961,-120.45769500732422,4
2018,2018-06-12,1311,6,2,13,2,N,A,Y,A,H,A,A,07,S,08,C,,,,,C,N,N,A,1,0,0,0,22107.0,2,34.650081634521484,-120.4577178955078,4
2018,2018-06-18,1605,6,2,16,1,N,A,N,A,H,A,-,,E,09,G,Y,,,,B,N,N,A,1,1,0,0,21802.0,2,34.43720245361328,-119.72676849365234,3
2018,2018-06-22,1358,6,2,13,5,N,A,N,A,H,A,L,04,S,03,H,Y,Y,,,B,N,N,D,1,1,0,0,22350.0,2,34.42226028442383,-119.7055206298828,2
2018,2018-06-23,1122,6,2,11,6,N,B,N,A,H,A,-,,W,08,D,,,Y,,C,N,N,A,2,0,0,2,22107.0,2,34.4085578918457,-119.74301147460938,3
2018,2018-06-26,1239,6,2,12,2,Y,A,N,A,H,A,-,,,03,C,,,,,C,Y,N,A,1,0,0,0,22350.0,3,34.41326141357422,-119.6880111694336,3
2018,2018-06-27,1534,6,2,15,3,Y,A,N,A,H,A,A,07,,09,D,,,,,C,N,N,A,2,0,0,0,21801.0,2,34.4440803527832,-119.83065795898438,4
2018,2018-06-22,1532,6,2,15,5,N,A,N,A,H,A,A,01,N,03,C,,,,,C,N,N,D,1,0,0,0,22350.0,2,34.43610000610352,-119.820556640625,4
2018,2018-06-01,1924,6,2,19,5,N,A,N,A,H,B,L,04,W,09,D,,Y,,,G,N,N,D,1,0,1,0,21804.0,2,34.65190124511719,-120.47125244140624,3
2018,2018-07-08,1440,7,2,14,7,Y,A,N,A,H,A,A,01,,09,D,,,,,C,Y,N,D,1,0,0,0,21801.0,2,34.938560485839844,-120.44027709960938,4
2018,2018-07-09,1800,7,2,18,1,Y,A,N,A,H,A,A,01,,09,D,,,,,C,Y,N,A,1,0,0,0,21802.0,2,34.430118560791016,-119.87590026855467,3
2018,2018-06-07,1753,6,2,17,4,N,A,N,A,H,A,C,02,N,08,F,,,Y,,A,Y,N,D,1,0,0,1,22107.0,2,34.43088912963867,-119.81119537353516,3
2018,2018-06-17,1550,6,2,15,7,Y,A,N,A,H,A,A,01,,09,D,,,,,C,Y,N,A,2,0,0,0,21801.0,2,34.430118560791016,-119.87590026855467,3
2018,2018-06-12,1839,6,2,18,2,N,A,N,A,H,A,A,08,S,03,C,,,,,C,Y,N,A,1,0,0,0,22350.0,3,34.94949722290039,-120.45377349853516,4
2018,2018-06-21,1437,6,2,14,4,N,A,N,A,C,A,D,22,S,09,A,,,,,C,N,N,D,1,0,0,0,21801.0,2,34.922889709472656,-120.42202758789062,4
2018,2018-06-25,1604,6,2,16,1,Y,A,N,A,H,A,F,26,,09,D,,,,Y,C,Y,N,A,1,0,0,0,21802.0,2,34.95537185668945,-120.43577575683594,4
2018,2018-06-27,1341,6,2,13,3,N,A,N,A,H,A,-,,W,03,C,,,,,C,Y,N,D,1,0,0,0,22350.0,2,34.444236755371094,-119.75251007080078,4
2018,2018-06-25,1530,6,2,15,1,Y,A,N,A,H,A,A,07,,21,C,,,,,C,N,F,A,2,0,0,0,22106.0,2,34.94961929321289,-120.45377349853516,4
2018,2018-06-25,1334,6,2,13,1,N,A,N,A,H,A,C,03,W,- ,F,,,Y,,A,N,N,D,2,0,0,2,,2,34.41912078857422,-119.69983673095705,2
2018,2018-06-21,1529,6,2,15,4,Y,A,N,A,H,A,L,04,,05,D,,Y,,,G,N,N,A,1,0,1,0,21202.0,2,34.942508697509766,-120.4495086669922,4
2018,2018-06-27,1958,6,2,19,3,Y,A,N,A,H,A,L,04,,09,D,,Y,,,G,N,N,A,1,0,1,0,21802.0,2,34.42898941040039,-119.69156646728516,3
2018,2018-06-26,1850,6,2,18,2,Y,A,N,A,H,A,A,01,,09,D,,,,,C,Y,N,D,1,0,0,0,21804.0,2,34.958648681640625,-120.4446029663086,2
2018,2018-06-27,1750,6,2,17,3,N,A,N,A,H,A,-,,W,03,B,,,,,C,N,N,A,1,0,0,0,22350.0,2,,,3
2018,2018-06-23,1943,6,2,19,6,Y,A,N,A,H,A,A,01,,01,D,,,,,C,Y,N,A,1,0,0,0,23152.0,2,34.93519973754883,-120.45394134521484,3
2018,2018-06-21,1132,6,2,11,4,N,A,N,A,H,A,A,07,S,03,C,,,,,C,N,N,A,1,0,0,0,22350.0,2,34.92042922973633,-120.45409393310548,4
2018,2018-06-17,2118,6,2,21,7,N,A,N,A,H,C,-,- ,S,00,B,,,,,E,N,F,D,1,0,0,0,,3,34.427001953125,-119.68627166748048,4
2018,2018-06-24,2046,6,2,20,7,N,-,N,A,H,D,A,01,W,03,F,,,,,J,Y,N,D,2,0,0,0,22350.0,1,34.40553283691406,-119.74700927734376,3
2018,2018-06-26,752,6,2,7,2,Y,A,N,A,H,A,A,01,,09,D,,,,,C,Y,N,A,2,0,0,0,21802.0,2,34.650100708007805,-120.44635772705078,3
2018,2018-06-22,2335,6,2,23,5,N,A,N,A,H,C,A,01,S,05,A,,,,,E,N,N,D,1,0,0,0,21650.0,3,34.64351272583008,-120.44024658203124,4
2018,2018-06-18,2112,6,2,21,1,N,A,N,A,H,C,D,22,E,01,C,,,,,C,N,M,A,1,0,0,0,23152.0,2,34.617469787597656,-120.19834136962892,3
2018,2018-07-02,1501,7,2,15,1,Y,A,N,A,H,A,A,01,,09,D,,,,,C,N,N,A,1,0,0,0,21802.0,2,34.938560485839844,-120.44027709960938,4
2018,2018-06-27,1810,6,2,18,3,Y,A,Y,A,H,A,A,01,,09,D,,Y,,,G,N,N,A,1,0,1,0,21801.0,2,34.450477600097656,-119.73785400390624,3
2018,2018-06-21,1456,6,2,14,4,Y,A,Y,A,H,A,L,04,,05,H,,Y,,,G,N,N,A,1,0,1,0,21650.0,2,34.953102111816406,-120.42839813232422,3
2018,2018-06-24,1800,6,2,18,7,Y,A,Y,A,H,A,A,01,,12,D,,,,,C,N,N,A,1,0,0,0,21453.0,2,34.934112548828125,-120.43592071533205,4
2018,2018-06-26,1413,6,2,14,2,Y,A,N,A,H,A,A,01,,09,D,,,,,C,N,N,D,1,0,0,0,21801.0,2,34.438438415527344,-119.8223114013672,4
2018,2018-07-04,1807,7,2,18,3,N,A,N,A,H,A,-,,N,01,D,,,,,C,Y,N,D,2,0,0,0,23153.0,2,34.43748474121094,-119.75083160400392,3
2018,2018-07-18,1919,7,2,19,3,N,A,N,A,H,A,A,01,E,03,C,,,,,C,Y,N,A,1,0,0,0,22350.0,2,34.429664,-119.896586,3
2018,2018-07-09,1829,7,2,18,1,N,A,N,A,H,A,L,04,N,08,H,,Y,Y,,G,N,N,A,3,0,1,2,22107.0,2,34.44091796875,-119.8745574951172,3
2018,2018-05-02,1525,5,1,15,3,N,A,Y,A,H,A,A,01,S,09,D,,,,,C,Y,N,D,1,0,0,0,21804.0,2,34.63886642456055,-120.45156860351562,4
2018,2018-07-01,1505,7,2,15,7,N,A,N,A,H,A,D,22,S,01,C,,,,,C,N,N,D,1,0,0,0,23152.0,3,,,4
2018,2018-06-29,1720,6,2,17,5,N,A,N,A,H,A,A,01,N,03,C,,,,,C,N,F,A,2,0,0,0,22350.0,3,34.94308853149414,-120.43595886230467,4
2018,2018-07-01,833,7,2,8,7,Y,A,N,A,H,A,A,01,,12,D,,,,,C,Y,N,A,1,0,0,0,21453.0,2,34.92259979248047,-120.43128967285156,4
2018,2018-07-01,2107,7,2,21,7,Y,A,N,A,H,C,D,22,,01,C,,,,,C,Y,N,A,2,0,0,0,23152.0,2,34.42866134643555,-119.86978149414062,3
2018,2018-06-27,909,6,2,9,3,Y,A,N,A,H,A,A,01,,09,D,,,,,C,Y,N,A,1,0,0,0,21802.0,2,34.87961959838867,-120.43875122070312,4
2018,2018-06-25,600,6,2,6,1,N,B,N,A,H,B,A,01,N,03,C,,,,,C,N,N,A,1,0,0,0,22350.0,3,34.96072769165039,-120.45352172851562,4
2018,2018-04-19,1946,4,1,19,4,N,A,N,A,H,B,A,01,W,08,C,,,,,E,Y,M,D,1,0,0,0,22107.0,4,34.645263671875,-120.44037628173828,4
2018,2018-04-22,1935,4,1,19,7,Y,A,N,A,H,B,A,01,,09,D,,,,,C,Y,N,A,1,0,0,0,21800.0,2,34.65346145629883,-120.46660614013672,4
2018,2018-04-28,1346,4,1,13,6,N,A,N,A,G,A,-,- ,,00,G,Y,,,,B,Y,N,D,1,1,0,0,,4,34.898827,-120.446999,2
2018,2018-07-08,1142,7,2,11,7,Y,A,N,A,H,A,F,55,,09,D,,Y,,Y,G,N,N,D,1,0,1,0,21802.0,2,34.41939926147461,-119.68356323242188,4
2018,2018-07-11,1338,7,2,13,3,N,A,N,A,H,A,A,07,N,08,B,,,,Y,E,Y,N,D,2,0,0,0,22107.0,5,34.424320220947266,-119.7109375,3
2018,2018-06-23,1423,6,2,14,6,Y,A,N,A,H,A,A,01,,09,D,,,,,C,Y,F,D,1,0,0,0,21804.0,2,34.96583938598633,-120.4311981201172,4
2018,2018-07-17,2250,7,2,22,2,N,A,N,A,H,C,-,,E,01,F,,,,,E,Y,M,D,1,0,0,0,23152.0,3,34.4309196472168,-119.68048095703124,2
2018,2018-07-13,1717,7,2,17,5,Y,A,N,A,H,A,-,,,03,C,,,,,C,Y,N,D,1,0,0,0,22350.0,2,34.41326141357422,-119.6880111694336,3
2018,2018-07-10,1507,7,2,15,2,N,A,N,A,H,A,A,01,S,03,C,,,,,C,Y,N,A,3,0,0,0,22350.0,3,34.94294738769531,-120.43146514892578,4
2018,2018-07-13,1558,7,2,15,5,Y,A,N,A,H,A,A,01,,21,D,,,,,C,Y,N,D,2,0,0,0,22106.0,2,34.970550537109375,-120.44080352783205,4
2018,2018-07-12,1706,7,2,17,4,Y,A,N,A,H,A,A,01,,03,C,,,,,C,Y,N,D,1,0,0,0,22350.0,3,34.94440078735352,-120.4314193725586,4
2018,2018-05-09,1146,5,1,11,3,N,A,Y,A,H,A,A,01,S,04,C,,,,,C,N,F,D,1,0,0,0,21703.0,2,34.64877700805664,-120.45773315429688,4
2018,2018-07-09,904,7,2,9,1,N,A,Y,A,H,A,G,25,E,03,C,,,,Y,C,N,N,A,2,0,0,0,22350.0,2,34.96492004394531,-120.42119598388672,4
2018,2018-07-19,2039,7,2,20,4,Y,A,Y,A,H,B,-,,,09,D,,,,,C,Y,N,A,2,0,0,0,21801.0,2,34.41925430297852,-119.68811798095705,3
2018,2018-07-06,1051,7,2,10,5,N,A,Y,A,H,A,J,41,N,03,C,Y,,,,B,Y,N,D,1,1,0,0,22350.0,3,34.44100570678711,-119.76790618896484,2
2018,2018-07-04,2326,7,2,23,3,Y,A,N,A,H,D,A,07,,09,D,,,,,C,Y,N,A,1,0,0,0,21802.0,2,34.43328094482422,-119.87606048583984,4
2018,2018-07-09,1447,7,2,14,1,N,A,N,A,H,A,A,07,E,09,A,,,,,C,Y,N,D,4,0,0,0,21801.0,2,,,2
2018,2018-07-07,1346,7,2,13,6,N,A,N,A,H,A,L,04,N,- ,D,,Y,,,G,N,N,D,1,0,1,0,,2,34.41865158081055,-119.70571899414062,3
2018,2018-07-19,1623,7,2,16,4,N,A,N,A,H,A,-,- ,S,00,F,,Y,,,A,N,N,D,1,0,1,0,,1,34.446983337402344,-119.69393157958984,2
2018,2018-07-19,1421,7,2,14,4,N,A,N,A,H,A,A,01,W,07,D,,,Y,,C,Y,N,D,1,0,0,1,21658.0,2,34.410850524902344,-119.69085693359376,3
2018,2018-07-12,857,7,2,8,4,Y,B,N,A,G,A,L,04,,06,H,,Y,,,G,N,N,A,1,0,1,0,21951.0,2,34.42218017578125,-119.7080078125,2
2018,2018-07-12,1105,7,2,11,4,N,A,N,A,H,A,L,04,E,03,H,,Y,,,G,N,N,D,1,0,1,0,22350.0,1,34.403961181640625,-119.74388885498048,2
2018,2018-07-11,1342,7,2,13,3,N,A,N,A,H,A,A,08,N,08,E,,,,,I,Y,N,D,1,0,0,0,22107.0,1,34.452117919921875,-119.83748626708984,4
2018,2018-07-02,1846,7,2,18,1,N,A,Y,A,H,A,D,22,W,03,C,,,,,C,N,N,A,1,0,0,0,22350.0,2,34.95306396484375,-120.42488861083984,4
2018,2018-07-19,2025,7,2,20,4,Y,A,N,A,H,C,D,22,,01,C,,,,,E,Y,N,A,1,0,0,0,23152.0,3,34.9569091796875,-120.44925689697266,3
2018,2018-07-09,1150,7,2,11,1,Y,A,N,A,H,A,A,01,,09,H,,Y,,,G,N,N,D,1,0,1,0,21800.0,2,34.95426177978516,-120.43734741210938,3
2018,2018-07-09,610,7,2,6,1,Y,A,N,A,H,A,A,01,,- ,H,,Y,,,G,N,F,D,1,0,1,0,,2,34.934059143066406,-120.43163299560548,3
2018,2018-07-12,1239,7,2,12,4,Y,A,N,A,H,A,A,01,,09,A,,,,,C,Y,N,A,1,0,0,0,21801.0,2,34.934059143066406,-120.43163299560548,4
2018,2018-07-19,1740,7,2,17,4,Y,A,N,A,H,A,A,01,,03,C,,,,,C,Y,N,A,1,0,0,0,22350.0,2,34.92374038696289,-120.4220733642578,4
2018,2018-07-21,527,7,2,5,6,Y,A,N,A,H,A,A,01,,09,D,,,,,C,Y,N,A,1,0,0,0,21453.0,2,34.93865966796875,-120.4447021484375,4
2018,2018-07-27,2014,7,2,20,5,Y,A,N,A,H,B,A,01,,12,D,,,,,C,Y,N,A,2,0,0,0,21453.0,2,34.94989013671875,-120.43147277832033,4
2018,2018-07-28,612,7,2,6,6,N,A,N,A,H,A,D,22,N,03,E,,,,,I,Y,N,D,1,0,0,0,22350.0,1,34.93292999267578,-120.46371459960938,4
2018,2018-07-26,1219,7,2,12,4,N,A,N,A,H,A,L,04,N,03,F,,Y,,,A,N,N,D,1,0,1,0,22350.0,1,34.43683242797852,-119.7120361328125,3
2018,2018-07-25,1202,7,2,12,3,Y,A,N,A,H,A,A,01,,09,D,,,,,C,Y,N,D,2,0,0,0,21804.0,2,34.42618942260742,-119.68773651123048,3
2018,2018-07-28,1659,7,2,16,6,N,A,N,A,H,A,D,22,N,00,D,,,,,C,N,F,A,1,0,0,0,23103.0,2,34.42481994628906,-119.6960678100586,4
2018,2018-07-21,1325,7,2,13,6,N,A,N,A,H,A,A,07,E,03,C,,,,,C,Y,N,D,2,0,0,0,22350.0,2,34.40101623535156,-119.70166015625,3
2018,2018-07-20,1530,7,2,15,5,N,A,N,A,H,A,D,22,E,03,C,,,,,C,N,N,A,1,0,0,0,22350.0,2,34.416786193847656,-119.67214965820312,2
2018,2018-07-21,1849,7,2,18,6,N,A,N,A,H,A,-,- ,E,18,B,,,Y,,J,N,N,D,1,0,0,1,,2,34.42430114746094,-119.70574188232422,3
2018,2018-07-22,1659,7,2,16,7,N,A,Y,A,H,A,A,01,W,03,C,,,,,C,N,F,A,1,0,0,0,22350.0,2,34.415367126464844,-119.7058563232422,3
2018,2018-07-18,1854,7,2,18,3,Y,A,N,A,H,A,A,01,,09,D,,,,,C,Y,N,A,2,0,0,0,21802.0,2,34.91355895996094,-120.4206314086914,3
2018,2018-07-24,1818,7,2,18,2,Y,A,N,A,H,A,-,- ,,00,D,,,,,C,Y,N,A,2,0,0,0,,2,34.421878814697266,-119.69725799560548,3
2018,2018-07-25,1701,7,2,17,3,N,A,N,A,H,A,A,08,N,01,C,,,,,C,Y,N,A,2,0,0,0,23152.0,3,34.41217803955078,-119.69910430908205,3
2018,2018-07-25,817,7,2,8,3,Y,A,N,A,H,A,A,07,,09,D,,,,,C,N,N,A,2,0,0,0,21801.0,2,34.426570892333984,-119.71907806396484,3
2018,2018-07-24,1440,7,2,14,2,N,A,N,A,H,A,D,22,E,03,C,,,,,C,N,N,A,2,0,0,0,22350.0,2,34.428569793701165,-119.7335968017578,3
2018,2018-07-23,1713,7,2,17,1,N,A,N,A,H,A,D,22,W,09,D,,Y,,,G,N,N,D,1,0,1,0,21801.0,2,34.42469024658203,-119.68310546875,3
2018,2018-07-16,2101,7,2,21,1,Y,A,N,A,H,C,A,01,,12,G,Y,,,,B,N,N,A,1,1,0,0,22450.0,2,34.94580841064453,-120.41815948486328,3
2018,2018-07-28,1439,7,2,14,6,Y,A,N,A,H,A,A,01,,09,D,,,,,C,Y,N,D,1,0,0,0,21801.0,2,34.42306137084961,-119.6652603149414,4
2018,2018-07-31,507,7,2,5,2,Y,A,N,A,H,A,D,22,,09,D,,,Y,,D,,N,A,1,0,0,1,21804.0,2,34.4204216003418,-119.68247222900392,3
2018,2018-06-21,1147,6,2,11,4,Y,A,N,A,H,A,L,04,,12,D,,Y,,,G,N,N,A,1,0,1,0,22450.0,2,34.95663833618164,-120.42273712158205,4
2018,2018-07-31,1301,7,2,13,2,N,A,N,A,H,A,-,- ,S,00,B,,,,,E,Y,N,D,1,0,0,0,,2,34.43121719360352,-119.7493896484375,3
2018,2018-07-07,2230,7,2,22,6,N,A,N,A,H,C,-,- ,W,00,D,,Y,,,G,N,M,A,1,0,1,0,,2,34.42843246459961,-119.71710205078124,3
2018,2018-07-06,821,7,2,8,5,N,A,N,A,H,A,-,,S,10,G,Y,,,,B,N,N,A,1,1,0,0,21950.0,2,34.418304443359375,-119.70523071289062,3
2018,2018-07-03,1035,7,2,10,2,Y,A,N,A,H,A,-,,,08,G,Y,,,,B,N,N,D,1,1,0,0,22107.0,2,34.41831970214844,-119.70525360107422,4
2018,2018-07-01,1734,7,2,17,7,N,A,N,A,H,A,-,,E,03,C,,,,,E,Y,N,D,1,0,0,0,22350.0,2,34.418270111083984,-119.6627197265625,3
2018,2018-07-07,1114,7,2,11,6,Y,A,N,A,H,A,-,,,09,D,,,,,C,Y,N,A,2,0,0,0,21802.0,2,34.43206024169922,-119.71115112304688,3
2018,2018-06-23,35,6,2,0,6,N,B,N,A,H,D,-,- ,S,00,G,Y,,,,B,N,F,D,1,1,0,0,,2,34.42987060546875,-119.733642578125,3
2018,2018-07-15,1301,7,2,13,7,Y,A,N,A,H,A,-,- ,,12,D,,,,,C,Y,N,A,2,0,0,0,21453.0,2,34.93178176879883,-120.4445571899414,4
2018,2018-07-13,1735,7,2,17,5,Y,A,N,A,H,A,A,01,,09,B,,,,,E,Y,N,D,2,0,0,0,21801.0,3,34.941734313964844,-120.43594360351562,4
2018,2018-07-16,1943,7,2,19,1,Y,A,Y,A,H,A,A,01,,03,C,,,,,C,N,N,A,1,0,0,0,22350.0,2,34.95306396484375,-120.42488861083984,4
2018,2018-07-19,1739,7,2,17,4,N,A,Y,A,H,A,A,01,W,03,C,,,,Y,C,Y,N,D,1,0,0,0,22350.0,3,34.953216552734375,-120.43205261230467,4
2018,2018-06-18,1245,6,2,12,1,N,A,Y,A,H,A,A,01,W,09,D,,Y,,,G,N,F,A,1,0,1,0,21453.0,2,34.65019989013672,-120.4577178955078,3
2018,2018-05-29,1730,5,1,17,2,N,A,N,A,H,A,L,04,E,03,C,,Y,,,G,N,N,A,1,0,1,0,22350.0,2,34.43609619140625,-119.83039093017578,3
2018,2018-08-03,1258,8,2,12,5,Y,A,N,A,H,A,L,04,,05,D,,Y,,,G,N,N,A,1,0,1,0,21650.0,2,34.4299201965332,-119.71343231201172,3
2018,2018-08-02,1538,8,2,15,4,N,A,N,A,H,A,N,60,W,11,G,Y,,,,B,N,N,A,1,1,0,0,21950.0,2,34.9601936340332,-120.41249847412108,2
2018,2018-07-18,1608,7,2,16,3,Y,A,Y,A,H,A,D,22,,12,D,,,,,C,Y,N,A,1,0,0,0,21453.0,2,34.439842224121094,-119.82941436767578,4
2018,2018-07-18,2018,7,2,20,3,Y,A,Y,A,H,C,A,01,,17,B,,,,,C,Y,N,A,1,0,0,0,21461.0,2,34.95321273803711,-120.4313507080078,4
2018,2018-08-01,1305,8,2,13,3,N,A,Y,A,H,A,A,08,E,09,D,,,,,C,Y,N,A,3,0,0,0,21804.0,2,34.95540237426758,-120.41719818115234,4
2018,2018-12-23,1527,12,4,15,7,Y,A,N,A,H,A,D,22,,09,D,,,,,C,Y,N,A,1,0,0,0,21802.0,2,34.93126,-120.42119,2
2018,2018-08-14,2113,8,2,21,2,N,A,N,A,H,C,A,07,S,03,C,,,,,C,N,F,A,2,0,0,0,22350.0,2,34.41804885864258,-119.74121856689452,4
2018,2018-08-07,2030,8,2,20,2,N,A,N,A,H,C,N,60,W,11,G,Y,,,,B,N,N,A,1,1,0,0,21954.0,2,34.42258071899414,-119.70073699951172,4
2018,2018-08-10,2229,8,2,22,5,N,A,N,A,H,C,A,01,W,01,F,,,,,E,Y,N,A,1,0,0,0,23152.0,2,34.42649841308594,-119.68062591552734,4
2018,2018-08-06,1600,8,2,16,1,N,A,N,A,H,A,-,,S,01,E,,,,,I,Y,N,D,1,0,0,0,23152.0,1,34.406742095947266,-119.7495574951172,3
2018,2018-08-06,1530,8,2,15,1,N,A,N,A,H,A,-,99,W,08,B,,,,,C,N,F,A,1,0,0,0,22107.0,2,34.92369079589844,-120.4188232421875,4
2018,2018-07-26,2136,7,2,21,4,Y,A,N,A,H,C,A,01,,03,C,,,,,C,N,N,A,1,0,0,0,22350.0,2,34.95328903198242,-120.44398498535156,4
2018,2018-07-27,808,7,2,8,5,N,B,N,A,H,A,A,07,S,21,C,,,,,E,N,N,D,1,0,0,0,22106.0,2,34.97107696533203,-120.4222412109375,4
2018,2018-07-27,1615,7,2,16,5,N,A,N,A,H,A,L,04,N,05,G,,Y,,,G,N,N,D,1,0,1,0,21650.0,2,,,3
2018,2018-06-24,1557,6,2,15,7,N,A,N,A,H,A,-,- ,E,00,G,Y,,,,B,N,F,A,1,1,0,0,,2,34.431148529052734,-119.72272491455078,3