ACCIDENT_YEAR,COLLISION_DATE,COLLISION_TIME,MONTH,SEASON,24HOURS,DAY_OF_WEEK,INTERSECTION,WEATHER_1,STATE_HWY_IND,ROAD_SURFACE,ROAD_COND_1,LIGHTING,STWD_VEHTYPE_AT_FAULT,CHP_VEHTYPE_AT_FAULT,DIRECTION,PCF_VIOL_CATEGORY,TYPE_OF_COLLISION,PEDESTRIAN_ACCIDENT,BICYCLE_ACCIDENT,MOTORCYCLE_ACCIDENT,TRUCK_ACCIDENT,MVIW,TOW_AWAY,HIT_AND_RUN,CONTROL_DEVICE,NUMBER_INJURED,COUNT_PED_INJURED,COUNT_BICYCLIST_INJURED,COUNT_MC_INJURED,PCF_VIOLATION,PARTY_COUNT,POINT_Y,POINT_X,COLLISION_SEVERITY
2019,2019-09-12,1642,9,3,16,4,N,A,N,A,H,A,A,01,W,17,H,,Y,,,G,N,N,A,1,0,1,0,22517.0,2,34.42148208618164,-119.64808654785156,4
2019,2019-09-21,1958,9,3,19,6,N,A,N,A,H,C,A,01,W,01,E,,,,,I,Y,N,D,1,0,0,0,23152.0,1,34.403099060058594,-119.69891357421876,4
2019,2019-09-20,1453,9,3,14,5,Y,A,N,A,H,A,A,01,,09,D,,,,,C,Y,N,D,2,0,0,0,21802.0,2,34.41781997680664,-119.71489715576172,4
2019,2019-08-25,1958,8,2,19,7,N,A,N,A,H,C,A,01,N,01,C,,,,,E,Y,N,D,1,0,0,0,23152.0,3,34.96854782104492,-120.41270446777344,4
2019,2019-08-18,1439,8,2,14,7,N,A,N,A,H,A,D,22,E,06,B,,,,,C,N,N,D,1,0,0,0,21750.0,2,34.96967315673828,-120.43313598632812,4
2019,2019-09-13,1639,9,3,16,5,Y,A,Y,A,H,A,A,01,,09,B,,,,,C,Y,N,A,1,0,0,0,21802.0,2,34.98402786254883,-120.43251037597656,4
2019,2019-10-03,730,10,3,7,4,-,A,Y,A,H,A,-,,,09,D,,,,,C,Y,N,A,3,0,0,0,21804.0,2,34.95748519897461,-120.57087707519533,3
2019,2019-10-03,910,10,3,9,4,Y,A,Y,A,H,A,A,01,,12,D,,,,,C,Y,N,A,1,0,0,0,21453.0,2,34.9248161315918,-120.43614959716795,4
2019,2019-10-02,719,10,3,7,3,N,A,Y,A,H,A,A,08,S,01,C,,,,,C,Y,N,A,1,0,0,0,23152.0,3,34.938499450683594,-120.43595123291016,4
2019,2019-07-19,1123,7,2,11,5,N,A,Y,A,H,A,A,01,W,00,C,,,,,C,N,F,A,1,0,0,0,20001.0,2,34.59599685668945,-120.14543151855467,4
2019,2019-10-05,1809,10,3,18,6,Y,A,Y,A,H,A,A,01,,09,B,,,Y,,C,N,N,A,2,0,0,2,21453.0,2,34.934112548828125,-120.43592071533205,4
2019,2019-10-07,2022,10,3,20,1,Y,A,Y,A,H,C,A,01,,12,D,,,,,C,Y,N,A,2,0,0,0,21453.0,2,34.41697692871094,-119.69129180908205,4
2019,2019-10-07,2050,10,3,20,1,Y,A,Y,A,H,C,-,- ,,00,A,,,,,C,Y,N,A,1,0,0,0,,2,34.426048278808594,-119.7221908569336,4
2019,2019-10-21,1630,10,3,16,1,N,A,Y,A,H,A,A,07,S,03,C,,,,,C,N,N,D,1,0,0,0,22350.0,2,34.43782424926758,-119.84832763671876,4
2019,2019-10-10,1712,10,3,17,4,Y,A,Y,A,H,A,-,- ,,- ,C,,,,,C,N,F,A,1,0,0,0,,2,34.949562072753906,-120.43584442138672,4
2019,2019-10-07,1919,10,3,19,1,N,A,N,A,H,A,I,11,N,03,C,,,,,C,N,N,D,1,0,0,0,22350.0,2,34.94805908203125,-120.4538116455078,4
2019,2019-10-09,1815,10,3,18,3,Y,A,N,A,H,A,D,22,,03,G,Y,,,,B,N,N,A,1,1,0,0,22350.0,2,34.97509002685547,-120.4481964111328,2
2019,2019-09-27,2000,9,3,20,5,Y,A,N,A,H,C,A,01,,09,A,,,,,C,Y,N,D,1,0,0,0,21801.0,2,34.95648193359375,-120.43730926513672,4
2019,2019-09-17,1733,9,3,17,2,N,A,N,A,H,A,L,04,N,- ,A,,Y,,,G,,N,D,1,0,1,0,,2,34.92572784423828,-120.4377212524414,4
2019,2019-09-11,1359,9,3,13,3,Y,A,N,A,H,A,-,- ,,- ,D,,,,,C,N,N,A,1,0,0,0,,2,34.94990921020508,-120.44370269775392,4
2019,2019-10-13,933,10,3,9,7,Y,A,N,A,H,A,-,- ,,12,D,,,,,C,Y,N,A,3,0,0,0,21453.0,2,34.41666030883789,-119.6979522705078,4
2019,2019-10-12,1941,10,3,19,6,N,A,N,A,H,D,A,01,E,17,H,,Y,,,G,N,N,A,1,0,1,0,22517.0,2,34.425003051757805,-119.67298889160156,3
2019,2019-10-17,840,10,3,8,4,N,A,N,A,H,A,A,01,E,03,F,,,,,J,Y,N,D,1,0,0,0,22350.0,1,34.40510559082031,-119.74606323242188,4
2019,2019-10-09,1817,10,3,18,3,N,A,N,A,H,B,A,01,E,01,E,,,,,I,Y,N,D,1,0,0,0,23152.0,1,34.44778060913086,-119.75952911376952,4
2019,2019-10-21,1338,10,3,13,1,Y,A,N,A,H,A,A,08,,21,D,,,Y,,C,Y,N,A,1,0,0,1,22106.0,2,34.42604064941406,-119.71067810058594,2
2019,2019-10-20,959,10,3,9,7,Y,A,N,A,H,A,A,07,,10,G,Y,,,,B,N,N,A,1,1,0,0,21950.0,2,34.42477035522461,-119.71662902832033,4
2019,2019-10-20,1505,10,3,15,7,Y,A,N,A,H,A,A,01,,10,G,Y,,,,B,N,N,A,2,2,0,0,21950.0,3,34.41399002075195,-119.69165802001952,2
2019,2019-10-18,852,10,3,8,5,Y,A,N,A,H,A,A,01,,09,H,,,Y,,A,N,N,A,1,0,0,1,21802.0,2,34.43067932128906,-119.71945190429688,3
2019,2019-10-22,1759,10,3,17,2,N,A,N,A,H,A,A,01,E,09,D,,,,,C,N,N,A,2,0,0,0,21801.0,2,34.417808532714844,-119.71488189697266,3
2019,2019-10-27,1737,10,3,17,7,N,A,N,A,H,A,-,,S,03,C,,,,,C,N,M,D,1,0,0,0,22350.0,3,34.429447174072266,-119.88613891601562,4
2019,2019-10-24,1844,10,3,18,4,Y,A,N,A,H,C,A,07,,03,C,,,,,C,Y,N,D,1,0,0,0,22350.0,2,34.43878173828125,-119.84281158447266,3
2019,2019-10-24,16,10,3,0,4,N,A,N,A,H,C,A,01,N,08,C,,,,,E,N,N,A,1,0,0,0,22107.0,2,34.947124481201165,-120.44942474365234,4
2019,2019-10-25,1527,10,3,15,5,Y,A,N,A,H,A,L,04,,08,H,,Y,,Y,G,,N,A,1,0,1,0,22107.0,2,34.416770935058594,-119.67223358154295,3
2019,2019-10-04,1310,10,3,13,5,Y,A,N,A,H,A,D,22,,08,A,,,,,C,Y,N,A,2,0,0,0,22107.0,2,34.66075897216797,-120.45323944091795,4
2019,2019-10-30,20,10,3,0,3,N,A,N,A,H,C,A,01,E,22,A,,,,,E,Y,F,D,1,0,0,0,,2,34.41570281982422,-119.719482421875,3
2019,2019-10-25,2328,10,3,23,5,Y,A,N,A,H,C,L,04,,05,A,,Y,,,G,,N,A,1,0,1,0,21650.0,2,34.418548583984375,-119.70044708251952,2
2019,2019-10-08,1913,10,3,19,2,N,A,N,A,H,D,A,01,S,17,H,,Y,,,G,,N,A,1,0,1,0,22517.0,2,34.42485427856445,-119.72565460205078,2
2019,2019-10-22,1048,10,3,10,2,N,A,N,A,H,A,-,- ,S,00,H,,Y,,,G,,N,D,1,0,1,0,,2,34.43632888793945,-119.7259521484375,2
2019,2019-10-23,1904,10,3,19,3,N,A,N,A,H,C,A,01,N,06,B,,,,,C,,N,D,1,0,0,0,21750.0,2,34.4326286315918,-119.72193908691406,4
2019,2019-10-16,1501,10,3,15,3,N,A,N,A,H,A,C,02,S,03,C,,,Y,,E,,N,D,1,0,0,1,22350.0,2,34.41438674926758,-119.7162857055664,3
2019,2019-10-05,1930,10,3,19,6,N,A,N,A,H,C,A,01,S,17,H,,Y,,,G,,N,A,1,0,1,0,22517.0,2,34.42391586303711,-119.70522308349608,4
2019,2019-10-17,800,10,3,8,4,N,A,N,A,H,A,A,01,N,03,C,,,,,C,,N,D,1,0,0,0,22350.0,2,34.42618179321289,-119.7344970703125,4
2019,2019-10-16,1447,10,3,14,3,N,A,N,A,H,A,A,01,W,09,D,,,,,C,N,N,D,2,0,0,0,21801.0,2,34.97499465942383,-120.43824005126952,4
2019,2019-10-09,1852,10,3,18,3,Y,A,N,A,H,B,A,01,,09,D,,,,,C,,N,D,1,0,0,0,21802.0,2,34.94989013671875,-120.428466796875,4
2019,2019-10-25,957,10,3,9,5,Y,A,N,A,H,A,I,11,,12,A,,,,,C,,N,A,1,0,0,0,22450.0,2,34.92082977294922,-120.49015808105467,4
2019,2019-09-24,827,9,3,8,2,N,A,Y,A,H,A,D,22,N,03,C,,,,,C,Y,N,A,1,0,0,0,22350.0,2,34.661991119384766,-120.4577865600586,4
2019,2019-10-26,1859,10,3,18,6,Y,A,N,A,H,A,A,01,,08,B,,,,,C,Y,F,D,1,0,0,0,22100.0,2,34.64469146728516,-120.46672058105467,4
2019,2019-09-26,1735,9,3,17,4,N,A,N,A,H,A,A,01,E,03,C,,,,,C,Y,N,D,2,0,0,0,22350.0,3,34.43271255493164,-119.88477325439452,4
2019,2019-11-01,1325,11,3,13,5,Y,A,Y,A,H,A,D,22,,09,D,,,,,C,N,N,A,1,0,0,0,21453.0,2,34.61538314819336,-120.19879913330078,3
2019,2019-08-25,1412,8,2,14,7,N,A,N,A,H,A,-,- ,N,22,B,,Y,,,G,N,N,D,1,0,1,0,,2,34.411170959472656,-119.69820404052734,2
2019,2019-08-01,1456,8,2,14,4,N,A,N,A,H,A,L,04,E,09,H,,Y,,,G,N,N,A,1,0,1,0,21802.0,2,34.41474151611328,-119.69772338867188,3
2019,2019-09-23,245,9,3,2,1,Y,A,Y,A,H,C,A,01,,01,C,,,,,C,Y,F,A,1,0,0,0,23152.0,2,34.923336029052734,-120.43614959716795,4
2019,2019-10-14,1735,10,3,17,1,N,A,N,A,H,A,A,01,S,06,G,Y,,,,B,N,N,D,1,1,0,0,21951.0,2,34.96780014038086,-120.44983673095705,3
2019,2019-10-07,1440,10,3,14,1,N,A,Y,A,H,A,A,01,N,03,C,,,,,C,,N,D,1,0,0,0,22350.0,2,34.95679473876953,-120.43589019775392,4
2019,2019-10-23,1541,10,3,15,3,Y,A,N,A,H,A,A,01,,03,C,,,,,C,,N,A,2,0,0,0,22350.0,2,34.91656875610352,-120.42121887207033,4
2019,2019-10-22,754,10,3,7,2,Y,A,N,A,H,A,A,01,,10,G,Y,,,,B,,N,A,1,1,0,0,21950.0,2,34.96709060668945,-120.42568206787108,3
2019,2019-10-16,1846,10,3,18,3,N,B,Y,A,H,C,L,04,E,17,D,,Y,,,G,N,N,A,1,0,1,0,21208.0,2,34.64701461791992,-120.45787048339844,3
2019,2019-10-20,2129,10,3,21,7,Y,A,Y,A,H,C,A,01,,09,A,,,,,C,,F,A,1,0,0,0,21453.0,2,34.93850326538086,-120.43610382080078,4
2019,2019-10-11,1716,10,3,17,5,Y,A,Y,A,H,A,A,01,,01,E,,,,,I,Y,N,A,1,0,0,0,23152.0,1,34.63914108276367,-120.47559356689452,3
2019,2019-10-03,653,10,3,6,4,N,A,Y,A,H,A,A,01,W,03,C,,,,,C,N,N,A,1,0,0,0,22350.0,2,34.642093658447266,-120.45781707763672,4
2019,2019-10-03,733,10,3,7,4,Y,A,Y,A,H,A,A,01,,12,D,,Y,,,G,N,N,A,1,0,1,0,21453.0,2,34.63909149169922,-120.46689605712892,3
2019,2019-09-27,1420,9,3,14,5,N,A,Y,A,H,A,A,01,N,09,D,,,,,C,Y,N,D,2,0,0,0,21802.0,2,34.64789962768555,-120.45786285400392,4
2019,2019-10-24,853,10,3,8,4,Y,A,Y,A,H,A,A,01,,03,C,,,,,C,Y,N,D,2,0,0,0,22350.0,2,34.448692321777344,-119.7305908203125,4
2019,2019-10-21,1443,10,3,14,1,Y,A,Y,A,H,A,A,01,,09,D,,,,,C,Y,N,A,2,0,0,0,21802.0,2,34.94587326049805,-120.43604278564452,4
2019,2019-10-25,2139,10,3,21,5,Y,A,Y,A,H,C,A,01,,12,D,,,,,C,Y,N,A,1,0,0,0,21453.0,3,34.93850326538086,-120.43610382080078,4
2019,2019-10-25,1605,10,3,16,5,Y,A,Y,A,H,A,-,99,,08,B,,,Y,,C,,F,A,1,0,0,1,22107.0,2,34.922149658203125,-120.43611907958984,2
2019,2019-10-30,1030,10,3,10,3,N,A,Y,A,H,A,D,22,W,03,C,,,,,C,Y,N,A,2,0,0,0,22350.0,2,34.91667175292969,-120.4359130859375,4
2019,2019-10-25,540,10,3,5,5,N,A,N,A,H,C,A,07,W,09,D,,,,,E,N,N,D,2,0,0,0,21801.0,3,34.425437927246094,-119.73262786865234,3
2019,2019-10-11,1412,10,3,14,5,N,A,N,A,H,A,A,07,S,03,C,,,,,C,N,N,A,1,0,0,0,22350.0,2,34.924102783203125,-120.45401763916016,4
2019,2019-10-14,1734,10,3,17,1,Y,A,N,A,H,A,L,04,,05,H,,Y,,,G,N,F,D,1,0,1,0,21202.0,2,34.965919494628906,-120.44448852539062,4
2019,2019-10-19,1735,10,3,17,6,Y,A,N,A,H,A,A,01,,03,C,,,,,C,N,N,D,1,0,0,0,22350.0,2,34.9828987121582,-120.43522644042967,4
2019,2019-10-18,1819,10,3,18,5,Y,A,N,A,H,A,A,01,,09,D,,,,,C,Y,N,D,1,0,0,0,21801.0,2,34.955360412597656,-120.43267059326172,4
2019,2019-10-24,1920,10,3,19,4,N,A,N,A,H,C,A,01,S,03,C,,,,,C,Y,N,D,1,0,0,0,22350.0,2,34.943294525146484,-120.45379638671876,4
2019,2019-10-13,2223,10,3,22,7,N,A,N,A,H,C,A,01,E,09,D,,,Y,,C,N,F,D,1,0,0,1,21801.0,2,34.418071746826165,-119.66316986083984,4
2019,2019-10-11,1747,10,3,17,5,N,A,N,A,H,A,A,01,W,08,B,,,,,E,Y,N,A,1,0,0,0,22107.0,3,34.42204284667969,-119.71039581298828,3
2019,2019-09-04,740,9,3,7,3,Y,A,N,A,H,A,A,01,,03,G,Y,,,,B,N,N,D,1,1,0,0,22350.0,2,34.642288208007805,-120.46421051025392,2
2019,2019-09-18,818,9,3,8,3,Y,A,N,A,H,A,A,01,,12,D,,,,,C,Y,N,A,1,0,0,0,22450.0,3,34.64691162109375,-120.44515228271484,4
2019,2019-10-21,1825,10,3,18,1,Y,A,N,A,H,C,A,01,,01,C,,,,,C,,N,A,1,0,0,0,23152.0,2,34.93865966796875,-120.4447021484375,4
2019,2019-10-17,1558,10,3,15,4,Y,A,N,A,H,A,A,08,,12,D,,,,,C,Y,N,A,4,0,0,0,22450.0,2,34.415618896484375,-119.69906616210938,3
2019,2019-11-09,1029,11,3,10,6,N,A,N,A,H,A,A,01,N,21,C,,,,,C,N,N,A,3,0,0,0,22106.0,3,34.418087005615234,-119.74121856689452,4
2019,2019-10-23,1804,10,3,18,3,Y,A,N,A,H,A,A,01,,03,H,Y,,,,A,N,N,D,1,0,0,0,22350.0,3,34.42422103881836,-119.70812225341795,3
2019,2019-08-19,1600,8,2,16,1,Y,A,N,A,H,A,A,01,,04,C,,,,,C,N,N,A,1,0,0,0,21703.0,2,34.429790496826165,-119.7157974243164,4
2019,2019-08-19,1830,8,2,18,1,N,A,N,A,H,A,A,01,N,08,H,,Y,,,G,N,N,D,1,0,1,0,22107.0,2,34.43807601928711,-119.72762298583984,3
2019,2019-10-14,1441,10,3,14,1,N,A,N,A,H,A,A,07,E,09,D,,,,,C,Y,N,D,2,0,0,0,21804.0,2,34.441402435302734,-119.82660675048828,4
2019,2019-11-01,1447,11,3,14,5,Y,A,N,A,H,A,A,07,,03,C,,,,,C,N,N,D,1,0,0,0,22350.0,2,34.43354034423828,-119.87513732910156,4
2019,2019-11-01,1420,11,3,14,5,N,A,N,A,H,A,A,01,N,03,C,,,,,C,N,N,A,1,0,0,0,22350.0,2,34.43071365356445,-119.85973358154295,4
2019,2019-10-23,907,10,3,9,3,Y,A,N,A,H,A,A,01,,09,D,,,,,C,Y,N,D,1,0,0,0,21801.0,2,34.430118560791016,-119.87590026855467,4
2019,2019-11-04,1738,11,3,17,1,N,A,N,A,H,C,A,01,W,03,C,,,,,C,Y,N,D,1,0,0,0,22350.0,3,34.96773147583008,-120.43821716308594,4
2019,2019-11-13,1827,11,3,18,3,Y,A,N,A,H,C,A,01,,01,C,,,,,E,,M,D,1,0,0,0,23152.0,2,34.420928955078125,-119.69336700439452,3
2019,2019-11-22,1722,11,3,17,5,Y,A,N,A,H,C,A,01,,09,B,,,,Y,C,N,N,D,3,0,0,0,21804.0,2,34.92779922485352,-120.44950103759766,4
2019,2019-11-19,1700,11,3,17,2,N,A,N,A,H,B,-,- ,W,00,B,,,,,C,,N,D,1,0,0,0,,2,34.92081451416016,-120.47036743164062,3
2019,2019-11-23,1630,11,3,16,6,Y,A,N,A,H,A,D,22,,12,C,,,,,C,N,N,A,1,0,0,0,21453.0,2,34.93178176879883,-120.4445571899414,3
2019,2019-11-13,1223,11,3,12,3,Y,A,N,A,H,A,A,01,,09,D,,,,,C,N,M,A,1,0,0,0,21801.0,2,34.435848236083984,-119.82666015625,4
2019,2019-10-24,1616,10,3,16,4,Y,A,N,A,H,A,A,01,,09,D,,,Y,,C,Y,N,A,1,0,0,1,21453.0,2,34.43611145019531,-119.83065032958984,3
2019,2019-11-07,748,11,3,7,4,N,A,N,A,H,A,A,07,E,09,D,,,,,C,Y,N,D,1,0,0,0,21804.0,2,34.43495559692383,-119.80778503417967,3
2019,2019-10-17,1020,10,3,10,4,N,A,N,A,H,A,-,,S,09,D,,Y,,,G,N,N,D,1,0,1,0,21802.0,2,,,3
2019,2019-10-25,1506,10,3,15,5,Y,A,N,A,H,A,D,22,,09,D,,,,,C,Y,N,A,2,0,0,0,21801.0,2,34.44084167480469,-119.87452697753906,3
2019,2019-11-02,1148,11,3,11,6,N,A,N,A,H,A,A,01,S,09,D,,,Y,,C,,N,D,1,0,0,1,21801.0,2,,,3
2019,2019-11-07,1745,11,3,17,4,Y,A,N,A,H,C,A,01,,10,G,Y,,,,B,N,N,A,2,2,0,0,21950.0,3,34.423179626464844,-119.68872833251952,3
2019,2019-11-03,1041,11,3,10,7,N,A,N,A,H,A,A,01,S,08,B,,,,,C,Y,N,D,1,0,0,0,22107.0,2,34.42766571044922,-119.71285247802734,4
2019,2019-11-29,1010,11,3,10,5,N,A,N,A,H,A,A,01,E,09,H,,Y,,,G,N,N,A,1,0,1,0,21800.0,2,34.42217254638672,-119.68979644775392,4
2019,2019-10-18,1736,10,3,17,5,N,A,Y,A,H,A,A,01,N,04,C,,,,,C,N,N,A,1,0,0,0,21703.0,2,34.64237594604492,-120.45792388916016,4
2019,2019-10-29,1948,10,3,19,2,N,A,Y,A,H,C,A,01,N,04,C,,,,,C,N,N,A,1,0,0,0,21703.0,2,34.654296875,-120.45777130126952,4
2019,2019-10-06,530,10,3,5,7,N,A,N,A,H,B,A,01,W,03,H,,Y,,,G,N,N,A,1,0,1,0,22350.0,2,34.4106330871582,-119.69754028320312,3
2019,2019-11-11,1256,11,3,12,1,Y,-,N,A,H,A,-,- ,,18,E,,,,,I,Y,N,A,1,0,0,0,,1,34.970481872558594,-120.43087768554688,4
2019,2019-10-01,1958,10,3,19,2,Y,A,Y,A,H,C,A,01,,08,A,,,,,C,,N,A,2,0,0,0,22107.0,2,34.96635437011719,-120.42206573486328,4
2019,2019-10-29,822,10,3,8,2,Y,A,Y,A,H,A,N,60,,11,G,Y,,,,B,,N,A,1,1,0,0,21453.0,2,34.929885864257805,-120.43595123291016,4
2019,2019-10-31,908,10,3,9,4,Y,A,N,A,H,A,A,01,,09,H,,Y,,,G,N,N,A,1,0,1,0,21801.0,2,34.42430114746094,-119.70574188232422,4
2019,2019-12-05,1447,12,4,14,4,Y,B,N,B,H,A,A,07,,09,D,,,,,C,N,N,A,1,0,0,0,21802.0,2,34.95645904541016,-120.43418121337892,4
2019,2019-11-21,1750,11,3,17,4,Y,A,N,A,H,C,-,,,10,G,Y,,,,B,N,N,D,1,1,0,0,21950.0,2,34.4299201965332,-119.71343231201172,2
2019,2019-11-22,1505,11,3,15,5,Y,A,N,A,H,A,A,01,,08,B,,Y,,,G,N,N,A,1,0,1,0,22107.0,2,34.42646026611328,-119.6829071044922,3
2019,2019-08-27,1130,8,2,11,2,Y,A,Y,A,H,A,A,01,,12,D,,,,,D,Y,N,A,2,0,0,0,21453.0,2,34.415367126464844,-119.7058563232422,4
2019,2019-09-12,2240,9,3,22,4,Y,A,Y,A,H,C,A,01,,09,D,,,,,C,Y,N,A,2,0,0,0,21453.0,2,34.938499450683594,-120.43595123291016,3
2019,2019-10-05,1815,10,3,18,6,N,A,N,A,H,A,A,01,W,08,E,,,,,I,N,N,D,1,0,0,0,22107.0,1,34.45068359375,-119.73863220214844,3
2019,2019-11-07,1607,11,3,16,4,Y,A,N,A,H,A,A,01,,03,C,,,,,C,Y,N,A,1,0,0,0,22350.0,2,34.931541442871094,-120.44049072265624,4
2019,2019-11-14,1845,11,3,18,4,Y,A,N,A,H,C,A,01,,03,C,,,,,C,N,N,A,1,0,0,0,22350.0,2,34.92259979248047,-120.43128967285156,4
2019,2019-10-20,6,10,3,0,7,Y,A,N,A,H,C,A,01,,01,C,,,,,C,Y,N,A,2,0,0,0,23152.0,2,34.91653823852539,-120.43151092529295,4
2019,2019-10-02,1709,10,3,17,3,Y,A,N,A,H,A,A,01,,09,D,,,,,C,N,N,D,1,0,0,0,21801.0,2,34.424991607666016,-119.72418212890624,4
2019,2019-11-08,1630,11,3,16,5,N,A,N,A,H,A,-,- ,E,00,G,Y,,,,B,,F,A,1,1,0,0,,2,34.41715240478516,-119.69514465332033,4
2019,2019-11-14,1729,11,3,17,4,Y,A,N,A,H,B,-,,,09,D,,Y,,,G,,F,A,1,0,1,0,21802.0,2,34.440391540527344,-119.73062133789062,2
2019,2019-10-29,1925,10,3,19,2,N,A,N,A,H,C,A,01,S,07,E,,,,,J,Y,N,D,1,0,0,0,21658.0,1,34.60322189331055,-120.13349151611328,3
2019,2019-11-18,755,11,3,7,1,Y,A,N,A,H,A,A,01,,10,G,Y,,,,B,N,N,D,1,1,0,0,21950.0,2,34.430908203125,-119.69159698486328,3
2019,2019-11-17,1016,11,3,10,7,Y,A,N,A,H,A,L,04,,08,H,,Y,,,G,N,N,A,1,0,1,0,22107.0,2,34.4213981628418,-119.6563720703125,3
2019,2019-11-19,1850,11,3,18,2,N,A,N,A,H,C,D,22,N,03,C,,,,,C,N,N,A,2,0,0,0,22350.0,2,34.42449951171875,-119.682861328125,4
2019,2019-11-18,2025,11,3,20,1,N,A,N,A,H,C,A,01,N,01,C,,,,,C,Y,N,A,1,0,0,0,23152.0,2,34.41370391845703,-119.74014282226562,2
2019,2019-11-05,1524,11,3,15,2,Y,A,N,A,H,A,A,01,,09,A,,,,,C,Y,N,A,1,0,0,0,21801.0,2,34.64691925048828,-120.44638824462892,4
2019,2019-10-23,908,10,3,9,3,Y,A,N,A,H,A,A,01,,08,D,,,,,C,N,N,D,1,0,0,0,22103.0,2,34.648521423339844,-120.4476318359375,4
2019,2019-11-08,950,11,3,9,5,N,A,N,A,H,A,C,02,E,03,C,,,Y,,C,N,N,D,1,0,0,1,22350.0,2,34.434993743896484,-119.81158447265624,3
2019,2019-11-07,1520,11,3,15,4,N,A,N,A,H,A,A,07,S,03,C,,,,,C,Y,N,D,1,0,0,0,22350.0,3,34.43595886230469,-119.83065032958984,4
2019,2019-11-05,1227,11,3,12,2,N,A,N,A,H,A,-,- ,S,09,D,,,,,C,Y,N,D,2,0,0,0,21804.0,2,34.442779541015625,-119.83067321777344,4
2019,2019-11-01,828,11,3,8,5,Y,A,N,A,H,A,A,07,,09,D,,Y,,,G,N,N,A,1,0,1,0,21801.0,2,34.4440803527832,-119.83065795898438,4
2019,2019-10-26,918,10,3,9,6,N,A,N,A,H,A,A,01,S,09,H,,Y,,,G,N,N,A,1,0,1,0,21453.0,2,34.42982864379883,-119.88613128662108,3
2019,2019-10-29,756,10,3,7,2,N,A,N,A,H,A,A,01,W,03,C,,,,,C,N,N,D,1,0,0,0,22350.0,2,34.44082260131836,-119.88127136230467,4
2019,2019-11-26,549,11,3,5,2,Y,A,N,A,H,C,F,26,,03,C,,,,Y,C,N,N,D,1,0,0,0,22350.0,2,34.953250885009766,-120.45326995849608,4
2019,2019-11-23,1755,11,3,17,6,Y,A,Y,A,A,C,-,- ,,00,A,,,,,C,,N,A,3,0,0,0,,2,34.41707229614258,-119.69119262695312,3
2019,2019-11-29,258,11,3,2,5,N,A,Y,A,H,D,A,01,W,01,E,,,,,I,,N,D,1,0,0,0,23152.0,1,34.45138931274414,-119.74037170410156,2
2019,2019-11-22,2020,11,3,20,5,Y,A,Y,A,H,C,D,22,,09,A,,,,,C,Y,N,A,1,0,0,0,21801.0,2,34.41707229614258,-119.69119262695312,4
2019,2019-11-21,835,11,3,8,4,Y,A,Y,A,H,A,D,22,,03,C,,,,,C,Y,N,D,1,0,0,0,22350.0,2,34.44865417480469,-119.7304229736328,4
2019,2019-10-28,749,10,3,7,1,N,A,N,A,H,A,D,22,E,08,B,,,,,C,Y,N,A,2,0,0,0,22107.0,3,34.41530227661133,-119.7087631225586,3
2019,2019-11-20,750,11,3,7,3,Y,A,N,A,H,A,A,08,,10,G,Y,,,,B,N,N,A,1,1,0,0,21950.0,2,34.417259216308594,-119.70635223388672,4
2019,2019-11-20,2209,11,3,22,3,Y,A,N,A,H,C,A,01,,08,B,,,,,C,N,N,A,1,0,0,0,22107.0,2,34.424591064453125,-119.70094299316406,4
2019,2019-11-22,1751,11,3,17,5,Y,A,N,A,H,C,A,01,,09,D,,,,,C,N,N,A,1,0,0,0,21801.0,2,34.43722915649414,-119.75102996826172,4
2019,2019-11-22,1135,11,3,11,5,N,A,N,A,H,A,A,01,W,08,B,,Y,,,G,N,N,D,1,0,1,0,22107.0,2,34.421485900878906,-119.64844512939452,4