ACCIDENT_YEAR,COLLISION_DATE,COLLISION_TIME,MONTH,SEASON,24HOURS,DAY_OF_WEEK,INTERSECTION,WEATHER_1,STATE_HWY_IND,ROAD_SURFACE,ROAD_COND_1,LIGHTING,STWD_VEHTYPE_AT_FAULT,CHP_VEHTYPE_AT_FAULT,DIRECTION,PCF_VIOL_CATEGORY,TYPE_OF_COLLISION,PEDESTRIAN_ACCIDENT,BICYCLE_ACCIDENT,MOTORCYCLE_ACCIDENT,TRUCK_ACCIDENT,MVIW,TOW_AWAY,HIT_AND_RUN,CONTROL_DEVICE,NUMBER_INJURED,COUNT_PED_INJURED,COUNT_BICYCLIST_INJURED,COUNT_MC_INJURED,PCF_VIOLATION,PARTY_COUNT,POINT_Y,POINT_X,COLLISION_SEVERITY
2018,2018-12-25,1845,12,4,18,2,N,A,Y,A,H,D,A,01,S,01,E,,,,,I,Y,N,D,1,0,0,0,23152.0,1,34.52185821533203,-120.3376235961914,3
2018,2018-12-17,1700,12,4,17,1,N,B,Y,A,H,C,A,01,S,08,E,,,,,I,Y,N,D,1,0,0,0,22107.0,2,34.41222381591797,-119.69828033447266,4
2018,2018-12-17,855,12,4,8,1,N,B,Y,B,H,A,A,01,S,03,C,,,,,C,N,N,D,1,0,0,0,22350.0,2,34.42093276977539,-119.6237335205078,4
2018,2018-12-17,1505,12,4,15,1,N,B,Y,A,H,A,A,01,S,08,B,,,,,C,N,N,D,1,0,0,0,22107.0,2,34.441768646240234,-119.80574798583984,4
2018,2018-12-17,230,12,4,2,1,N,B,Y,B,H,C,A,01,S,01,E,,,,,I,Y,M,A,1,0,0,0,23152.0,1,,,3
2018,2018-12-20,1725,12,4,17,4,N,B,Y,A,H,D,A,01,S,03,C,,,,,C,Y,N,D,1,0,0,0,22350.0,3,34.42589569091797,-119.72154235839844,4
2018,2018-09-21,1700,9,3,17,5,N,A,N,A,H,A,A,01,S,03,C,,,,,C,N,M,D,1,0,0,0,22350.0,2,34.879188537597656,-120.43653106689452,4
2018,2018-12-18,1545,12,4,15,2,N,A,Y,A,H,A,A,07,N,03,C,,,,,C,Y,N,D,2,0,0,0,22350.0,6,34.425689697265625,-119.72215270996094,4
2018,2018-12-21,1434,12,4,14,5,N,A,Y,A,H,A,A,01,N,05,D,,,,,C,Y,N,D,1,0,0,0,21460.0,2,34.87615966796875,-120.48362731933594,4
2018,2018-12-21,1405,12,4,14,5,N,A,N,A,H,A,A,01,W,03,C,,,,,C,Y,N,A,1,0,0,0,22350.0,2,34.436370849609375,-119.75402069091795,4
2018,2018-12-18,1750,12,4,17,2,Y,A,N,A,H,C,A,07,,09,H,,Y,,,G,N,N,A,1,0,1,0,21802.0,2,34.4381217956543,-119.76644897460938,4
2018,2018-12-22,1828,12,4,18,6,N,A,Y,A,H,D,A,01,S,08,F,,,,,A,Y,N,D,1,0,0,0,22107.0,1,34.43756103515625,-119.853271484375,4
2018,2018-12-26,1552,12,4,15,3,N,A,Y,A,H,A,A,01,N,03,C,,,,,C,Y,N,D,1,0,0,0,22350.0,2,34.41395950317383,-119.55725860595705,4
2018,2018-12-23,445,12,4,4,7,N,A,N,A,H,D,A,01,N,01,E,,,,,I,Y,N,D,1,0,0,0,23152.0,1,34.46110153198242,-119.68534088134766,3
2018,2018-12-27,920,12,4,9,4,N,A,Y,A,H,A,A,01,N,08,E,,,,,I,Y,N,D,1,0,0,0,22107.0,1,34.77619171142578,-120.48477935791016,4
2018,2018-12-25,1425,12,4,14,2,N,A,N,A,H,A,A,01,E,05,B,,Y,,,G,N,N,D,1,0,1,0,21650.0,2,34.51925277709961,-119.78842926025392,3
2018,2018-12-24,1710,12,4,17,1,N,A,Y,A,H,B,A,01,W,03,C,,,,,C,Y,N,D,2,0,0,0,22350.0,4,34.52556228637695,-119.83417510986328,4
2018,2018-12-24,1112,12,4,11,1,Y,A,N,A,H,A,A,07,,09,D,,,,,C,Y,N,D,2,0,0,0,21801.0,2,34.422298431396484,-119.6125030517578,4
2018,2018-12-29,1500,12,4,15,6,N,A,N,A,H,A,A,01,W,03,C,,,,,C,Y,N,D,1,0,0,0,22350.0,2,34.38443374633789,-119.480224609375,4
2018,2018-12-24,1950,12,4,19,1,N,C,Y,B,H,D,A,01,S,03,E,,,,,I,Y,N,D,1,0,0,0,22350.0,1,34.52190017700195,-120.33772277832033,4
2019,2019-01-03,2200,1,4,22,4,N,A,Y,A,H,C,D,22,N,08,E,,,,,I,N,N,A,1,0,0,0,22107.0,1,34.88037872314453,-120.4067611694336,4
2019,2019-01-04,1655,1,4,16,5,Y,A,N,A,H,A,A,08,,09,D,,,,,C,Y,N,A,1,0,0,0,21802.0,2,34.423858642578125,-119.64016723632812,4
2018,2018-12-30,1835,12,4,18,7,Y,A,N,A,H,D,A,07,,09,D,,,,,C,Y,N,A,1,0,0,0,21802.0,2,34.62015151977539,-120.0810317993164,4
2018,2018-12-22,1320,12,4,13,6,N,A,N,A,H,A,D,22,N,03,C,,,,,C,N,N,D,1,0,0,0,22350.0,2,34.61073303222656,-120.1177215576172,4
2018,2018-12-23,1510,12,4,15,7,N,A,N,A,B,A,C,03,S,03,F,,,Y,,A,N,N,D,1,0,0,1,22350.0,1,34.60231018066406,-120.0981674194336,3
2018,2018-12-04,613,12,4,6,2,Y,A,N,A,H,D,A,01,,09,A,,,,,C,Y,N,A,0,0,0,0,21801.0,2,34.93519973754883,-120.5464324951172,1
2019,2019-09-01,2220,9,3,22,7,N,A,N,A,H,C,N,60,W,11,D,Y,,,,B,N,N,A,1,1,0,0,21950.0,2,34.64698028564453,-120.45451354980467,4
2019,2019-10-29,1635,10,3,16,2,Y,A,N,A,-,A,A,01,,10,G,Y,,,,B,N,N,A,1,1,0,0,21950.0,2,34.647098541259766,-120.46669006347656,4
2019,2019-01-07,655,1,4,6,1,N,B,Y,B,H,D,A,01,N,03,E,,,,,A,Y,N,D,1,0,0,0,22350.0,1,34.51998519897461,-120.21404266357422,4
2019,2019-01-06,1510,1,4,15,7,Y,B,N,A,H,A,D,22,,09,D,,,,,C,Y,N,D,2,0,0,0,21801.0,2,34.857608795166016,-120.42922973632812,2
2019,2019-01-05,1825,1,4,18,6,N,C,Y,B,H,D,A,01,S,03,B,,,,,C,Y,N,D,2,0,0,0,22350.0,2,34.48860168457031,-120.2260284423828,4
2019,2019-01-02,1755,1,4,17,3,N,A,Y,A,H,C,A,01,N,03,C,,,,,C,Y,N,D,2,0,0,0,22350.0,3,34.41786575317383,-119.69004821777344,4
2019,2019-01-02,1440,1,4,14,3,N,A,Y,A,H,A,A,07,W,21,C,,,,,C,N,N,A,1,0,0,0,22106.0,2,,,4
2020,2020-02-20,238,2,4,2,4,N,A,N,A,H,C,A,01,S,- ,A,,,,,E,Y,N,D,1,0,0,0,,2,34.64203643798828,-120.45278167724608,4
2019,2019-01-09,1615,1,4,16,3,N,B,Y,B,H,A,C,02,N,03,E,,,Y,,I,Y,N,D,1,0,0,1,22350.0,1,34.482791900634766,-120.23039245605467,3
2020,2020-03-20,1815,3,1,18,5,Y,B,N,A,H,A,A,07,,09,D,,,,,C,N,N,A,1,0,0,0,21802.0,2,34.645381927490234,-120.45274353027344,4
2019,2019-01-02,1725,1,4,17,3,N,A,Y,A,H,C,A,01,S,08,E,,,,,I,Y,N,D,1,0,0,0,22107.0,1,34.419898986816406,-119.67223358154295,4
2019,2019-01-09,1130,1,4,11,3,N,B,Y,B,H,A,A,01,S,01,C,,,,,C,Y,N,D,4,0,0,0,23152.0,2,34.75137710571289,-120.28417205810548,3
2019,2019-01-09,1516,1,4,15,3,N,B,N,B,H,A,A,07,S,08,F,,,,,C,Y,N,D,3,0,0,0,22107.0,1,34.75433349609375,-120.43243408203124,3
2019,2019-01-04,1705,1,4,17,5,N,A,Y,A,H,A,A,01,N,03,C,,,,,C,Y,N,D,1,0,0,0,22350.0,3,34.419586181640625,-119.68482971191406,4
2019,2019-01-08,655,1,4,6,2,N,B,Y,A,H,B,-,99,S,03,C,,,,,C,N,F,D,1,0,0,0,22350.0,2,34.39667892456055,-119.51138305664062,4
2019,2019-01-09,1435,1,4,14,3,N,B,Y,B,H,A,D,22,E,03,D,,,,,C,Y,N,D,1,0,0,0,22350.0,3,34.48112869262695,-119.77207183837892,3
2019,2019-01-12,1043,1,4,10,6,N,B,Y,A,H,A,A,01,N,08,E,,,,,I,Y,N,D,1,0,0,0,22107.0,1,34.48679733276367,-120.22762298583984,4
2019,2019-01-13,20,1,4,0,7,N,B,N,A,H,C,A,01,W,01,E,,,,,I,Y,N,D,1,0,0,0,23152.0,1,34.894493103027344,-120.42554473876952,4
2020,2020-02-29,2307,2,4,23,6,N,A,Y,A,H,C,A,01,S,03,C,,,,,C,Y,N,A,1,0,0,0,22350.0,2,34.67819595336914,-120.45599365234376,4
2019,2019-01-11,2325,1,4,23,5,Y,B,N,B,H,D,D,22,,12,G,Y,,,,B,N,N,D,2,2,0,0,22450.0,3,34.41265869140625,-119.8625717163086,4
2019,2019-01-17,1857,1,4,18,4,N,B,N,B,H,D,N,60,E,11,G,Y,,,Y,B,N,N,D,1,1,0,0,21956.0,2,34.9232063293457,-120.35641479492188,2
2019,2019-01-15,820,1,4,8,2,N,A,N,A,H,A,A,08,N,21,C,,,,,C,N,N,A,1,0,0,0,22106.0,2,34.87038803100586,-120.41482543945312,4
2019,2019-01-14,1745,1,4,17,1,N,B,N,A,H,D,A,01,S,03,G,Y,,,,B,N,N,D,1,1,0,0,22350.0,2,34.439048767089844,-119.77102661132812,3
2019,2019-01-16,1530,1,4,15,3,N,B,N,B,H,A,A,01,E,08,H,,Y,,,G,N,N,D,1,0,1,0,22107.0,2,34.41170120239258,-119.86251068115234,4
2019,2019-01-19,1400,1,4,14,6,N,A,Y,A,H,A,A,07,N,03,C,,,,,C,Y,N,D,1,0,0,0,22350.0,3,34.420833587646484,-119.60629272460938,4
2019,2019-01-19,1215,1,4,12,6,Y,A,N,A,H,A,A,01,,12,D,,,,,C,N,M,A,1,0,0,0,22450.0,2,34.44150161743164,-119.76934814453124,4
2019,2019-01-19,1008,1,4,10,6,N,A,N,A,H,A,C,02,N,03,F,,Y,Y,,A,N,N,D,1,0,1,0,22350.0,2,34.4678955078125,-119.8020477294922,4
2019,2019-01-14,630,1,4,6,1,N,C,Y,A,H,E,A,01,N,03,E,,,,,I,Y,N,D,1,0,0,0,22350.0,1,34.518070220947266,-120.2173080444336,4
2019,2019-01-21,1755,1,4,17,1,N,A,N,A,H,C,N,60,S,11,G,Y,,,,B,N,N,D,1,1,0,0,21954.0,2,34.86458206176758,-120.38692474365234,3
2019,2019-01-18,1740,1,4,17,5,N,A,Y,A,H,B,A,01,N,03,C,,,,,C,Y,F,A,1,0,0,0,22350.0,2,34.41183853149414,-119.6994400024414,4
2019,2019-01-21,1405,1,4,14,1,N,A,Y,A,H,A,-,- ,S,00,F,,Y,,,A,N,N,D,1,0,1,0,,1,34.47264862060547,-120.12745666503906,2
2019,2019-01-24,1450,1,4,14,4,N,A,Y,A,H,A,D,22,N,03,C,,,,,C,N,N,D,1,0,0,0,22350.0,2,34.43930435180664,-119.83407592773438,4
2019,2019-01-26,1447,1,4,14,6,N,A,N,A,H,A,A,01,,01,E,,,,,I,Y,M,D,1,0,0,0,23152.0,1,,,3
2019,2019-01-24,1802,1,4,18,4,N,A,Y,A,H,C,A,01,N,03,C,,,,,C,Y,N,D,2,0,0,0,22350.0,2,34.420291900634766,-119.67707824707033,3
2019,2019-01-22,1015,1,4,10,2,N,A,N,A,D,A,A,01,N,05,A,,,,,C,Y,N,D,1,0,0,0,21460.0,3,34.45806884765625,-119.8123016357422,4
2019,2019-01-24,1415,1,4,14,4,N,A,Y,A,H,A,A,01,E,01,E,,,,,I,N,M,D,1,0,0,0,23152.0,1,34.606109619140625,-120.11101531982422,3
2019,2019-01-09,1648,1,4,16,3,N,B,Y,B,H,A,A,01,N,16,E,,,,,I,Y,N,D,1,0,0,0,24002.0,1,34.418155670166016,-119.68973541259766,3
2019,2019-01-30,945,1,4,9,3,N,A,N,A,H,A,A,01,S,03,C,,,,,C,Y,N,D,1,0,0,0,22350.0,2,34.43160629272461,-119.7624282836914,4
2019,2019-02-03,810,2,4,8,7,N,C,Y,B,F,A,A,01,N,03,E,,,,,I,Y,N,D,1,0,0,0,22350.0,1,34.44053649902344,-119.82039642333984,4
2019,2019-02-02,120,2,4,1,6,N,C,Y,B,F,D,A,01,S,03,E,,,,,I,Y,N,D,1,0,0,0,22350.0,1,34.4421501159668,-119.78099822998048,4
2019,2019-02-03,1836,2,4,18,7,N,B,Y,B,H,C,A,01,S,03,E,,,,,I,Y,N,D,1,0,0,0,22350.0,1,34.4271125793457,-119.72854614257812,4
2019,2019-01-01,230,1,4,2,2,N,A,Y,A,H,D,A,01,S,01,E,,,,,I,Y,N,D,1,0,0,0,23152.0,2,34.98025894165039,-120.43092346191406,1
2019,2019-02-04,940,2,4,9,1,Y,A,N,B,H,A,A,01,,09,D,,Y,,,G,N,N,A,1,0,1,0,21801.0,2,34.417388916015625,-119.85536193847656,4
2019,2019-01-30,1405,1,4,14,3,N,A,Y,A,H,A,A,01,E,03,C,,,,,C,Y,N,D,1,0,0,0,22350.0,4,34.601829528808594,-120.12288665771484,4
2019,2019-02-05,2223,2,4,22,2,N,A,Y,A,D,D,A,01,N,03,C,,,,,C,N,N,D,1,0,0,0,22350.0,2,34.422611236572266,-119.63387298583984,4
2019,2019-02-04,235,2,4,2,1,N,C,Y,B,H,C,A,01,N,08,E,,,,,I,Y,N,D,1,0,0,0,22107.0,1,34.40583038330078,-119.54309844970705,3
2019,2019-01-12,50,1,4,0,6,N,C,Y,B,H,D,A,01,N,08,E,,,,,I,Y,N,D,2,0,0,0,22107.0,1,34.94317626953125,-120.41786956787108,4
2019,2019-02-04,815,2,4,8,1,Y,B,N,B,H,A,A,01,,08,E,,,,,I,Y,N,D,1,0,0,0,22107.0,1,34.61587905883789,-120.12187957763672,4
2020,2020-04-01,1953,4,1,19,3,N,A,N,A,H,C,A,01,N,08,E,,,,,I,Y,N,D,1,0,0,0,22107.0,1,34.436744689941406,-119.90052032470705,3
2019,2019-02-02,825,2,4,8,6,N,B,Y,B,D,A,A,01,S,03,E,,,,,I,N,N,A,1,0,0,0,22350.0,1,34.3926887512207,-119.50853729248048,4
2019,2019-02-02,1050,2,4,10,6,N,B,Y,B,H,A,A,01,N,03,C,,,,,C,Y,N,D,1,0,0,0,22350.0,2,34.426971435546875,-119.72843170166016,3
2019,2019-02-02,1620,2,4,16,6,N,B,N,A,H,A,N,60,S,11,G,Y,,,,B,N,N,D,1,1,0,0,21950.0,2,34.41299819946289,-119.85703277587892,4
2020,2020-04-16,1634,4,1,16,4,Y,A,N,A,H,A,A,01,,12,G,Y,,,,B,N,N,A,1,1,0,0,22450.0,2,34.42805862426758,-119.86975860595705,4
2019,2019-02-10,357,2,4,3,7,N,C,Y,B,H,D,A,07,N,01,E,,,,,I,Y,N,D,1,0,0,0,23152.0,1,34.717159271240234,-120.19739532470705,2
2019,2019-02-12,832,2,4,8,2,Y,A,N,A,H,A,A,08,,09,D,,,,,C,Y,N,A,1,0,0,0,21802.0,2,34.874710083007805,-120.41876983642578,4
2019,2019-02-08,1430,2,4,14,5,N,A,N,A,H,A,A,07,W,08,A,,,,,I,Y,N,D,1,0,0,0,22107.0,1,34.417049407958984,-119.58130645751952,4
2019,2019-02-06,1815,2,4,18,3,N,A,Y,A,H,C,A,07,N,03,C,,,,,C,Y,N,D,3,0,0,0,22350.0,2,34.441402435302734,-119.81383514404295,4
2019,2019-02-09,845,2,4,8,6,N,B,Y,B,H,A,A,01,N,03,E,,,,,I,Y,N,A,1,0,0,0,22350.0,1,34.517730712890625,-120.21756744384766,3
2019,2019-02-07,735,2,4,7,4,N,A,Y,A,H,A,A,01,S,03,C,,,,,C,N,N,D,1,0,0,0,22350.0,2,34.4571647644043,-119.97991180419922,4
2019,2019-02-07,750,2,4,7,4,N,A,Y,A,H,A,A,07,S,03,C,,,,,C,N,N,D,1,0,0,0,22350.0,2,34.399410247802734,-119.51351928710938,4
2019,2019-02-10,1840,2,4,18,7,N,A,N,A,H,C,A,01,N,03,C,,,,,C,N,M,A,2,0,0,0,22350.0,2,34.41739654541016,-119.86067199707033,4
2019,2019-02-06,1840,2,4,18,3,N,A,Y,A,H,C,C,02,S,03,C,,,Y,,C,Y,N,D,1,0,0,1,22350.0,2,34.441734313964844,-119.79763793945312,3
2019,2019-02-09,831,2,4,8,6,N,B,Y,B,H,A,A,08,S,03,E,,,,,I,Y,N,D,1,0,0,0,22350.0,1,,,4
2019,2019-02-09,937,2,4,9,6,N,B,Y,B,H,A,A,07,S,03,F,,,,,A,Y,N,D,3,0,0,0,22350.0,1,,,3
2019,2019-02-14,1230,2,4,12,4,N,B,Y,B,H,A,A,01,N,03,E,,,,,I,Y,N,D,1,0,0,0,22350.0,1,34.41453170776367,-119.693603515625,4
2019,2019-02-10,1303,2,4,13,7,N,B,Y,B,H,A,A,01,S,03,E,,,,,I,Y,N,A,2,0,0,0,22350.0,1,34.57096481323242,-120.19199371337892,3
2019,2019-02-10,2038,2,4,20,7,Y,A,Y,A,H,D,A,01,,12,D,,,,,C,Y,N,A,2,0,0,0,22450.0,2,34.71308517456055,-120.48915863037108,4
2019,2019-02-15,1130,2,4,11,5,N,B,Y,B,H,A,A,01,N,03,F,,,,,A,Y,N,A,1,0,0,0,22350.0,1,34.48232650756836,-120.2304916381836,4
2019,2019-02-15,620,2,4,6,5,N,B,Y,B,H,B,D,22,,03,D,,,,,C,Y,N,D,2,0,0,0,22350.0,2,,,3
2019,2019-02-11,1312,2,4,13,1,Y,A,N,A,H,A,A,07,,09,D,,,Y,,C,N,N,A,1,0,0,1,21802.0,2,34.458011627197266,-119.8305892944336,2
2019,2019-02-15,627,2,4,6,5,N,B,Y,B,H,A,-,99,S,03,C,,,,,C,N,M,A,1,0,0,0,22350.0,2,34.48737716674805,-120.22710418701172,4
2019,2019-02-13,1030,2,4,10,3,N,B,Y,B,H,A,A,01,N,03,E,,,,,I,Y,N,D,1,0,0,0,22350.0,1,34.48255920410156,-120.23052215576172,3
2019,2019-02-21,642,2,4,6,4,N,B,Y,B,H,A,A,01,N,03,F,,,,,A,Y,N,D,1,0,0,0,22350.0,1,,,3
2019,2019-02-15,640,2,4,6,5,N,B,Y,B,H,D,D,22,S,03,C,,,,,C,N,N,D,1,0,0,0,22350.0,2,34.84270095825195,-120.45220184326172,4
2019,2019-02-18,1840,2,4,18,1,N,A,Y,A,H,D,D,22,N,03,C,,,,,C,Y,N,D,3,0,0,0,22350.0,3,,,3
2020,2020-06-19,1253,6,2,12,5,Y,A,N,A,H,A,C,02,,09,D,,,Y,,C,,N,A,1,0,0,1,21802.0,2,34.42422866821289,-119.6876220703125,2
2020,2020-06-28,910,6,2,9,7,N,B,Y,B,H,A,D,22,S,03,D,,,,,C,Y,N,A,1,0,0,0,22350.0,2,34.41250228881836,-119.70204925537108,4
2020,2020-06-27,810,6,2,8,6,Y,B,N,B,H,A,D,22,,09,H,,Y,,,G,,N,A,1,0,1,0,21802.0,2,34.4215202331543,-119.68126678466795,4
2020,2020-06-29,1605,6,2,16,1,Y,A,N,A,H,A,F,26,,12,D,,,,Y,C,Y,N,A,2,0,0,0,21453.0,2,34.42264938354492,-119.69830322265624,3
2019,2019-02-22,1740,2,4,17,5,N,A,Y,A,H,B,A,07,N,03,C,,,,,C,Y,N,A,1,0,0,0,22350.0,2,34.427791595458984,-119.73455810546876,4
2019,2019-02-21,1725,2,4,17,4,N,C,N,C,H,B,A,07,E,08,A,,,,,C,Y,N,D,1,0,0,0,22107.0,2,34.92734146118164,-120.53379058837892,4
2019,2019-02-19,1810,2,4,18,2,N,A,Y,A,H,C,A,01,E,07,B,,,,,C,Y,N,D,1,0,0,0,21658.0,2,34.45128631591797,-119.76212310791016,4
2019,2019-02-14,1648,2,4,16,4,N,B,Y,B,H,A,A,01,S,03,F,,,,,A,Y,N,D,2,0,0,0,22350.0,3,34.42153549194336,-119.62834930419922,3
2019,2019-02-22,1755,2,4,17,5,N,A,Y,A,H,C,A,07,S,07,B,,,Y,,C,Y,N,D,1,0,0,1,21658.0,2,34.42805099487305,-119.73352813720705,3
2019,2019-02-15,222,2,4,2,5,N,B,Y,A,H,D,A,01,N,01,E,,,,,I,Y,N,D,1,0,0,0,23152.0,1,34.44147491455078,-119.7732162475586,4
2019,2019-02-16,1835,2,4,18,6,N,A,Y,A,H,D,A,01,S,03,C,,,,,C,Y,N,D,2,0,0,0,22350.0,2,34.886863708496094,-120.41500091552734,4
2020,2020-04-17,325,4,1,3,5,N,A,N,A,H,C,M,94,N,03,-,,,,,I,N,N,D,1,0,0,0,22350.0,1,,,4
2019,2019-02-20,1810,2,4,18,3,N,A,Y,A,H,D,A,07,S,03,C,,,,,C,Y,N,D,2,0,0,0,22350.0,3,34.437747955322266,-119.85070037841795,4
2019,2019-02-23,2139,2,4,21,6,N,A,Y,A,H,D,-,99,S,08,B,,,,,C,N,F,D,2,0,0,0,22107.0,2,34.42669677734375,-119.72552490234376,4
2019,2019-02-22,1538,2,4,15,5,N,A,N,A,H,A,H,17,W,08,H,,Y,,,G,N,N,D,1,0,1,0,22107.0,2,34.42498779296875,-119.72419738769533,4
2019,2019-02-25,1118,2,4,11,1,N,A,Y,A,H,A,A,07,N,08,C,,,,Y,E,Y,N,D,1,0,0,0,22107.0,2,34.42067337036133,-119.6069564819336,2
2019,2019-02-22,720,2,4,7,5,N,A,N,C,G,A,-,- ,E,18,E,,,,,I,Y,N,D,1,0,0,0,,1,,,3
2019,2019-02-18,1328,2,4,13,1,N,A,Y,A,H,A,C,02,S,03,B,,,Y,,C,Y,N,D,1,0,0,1,22350.0,2,34.52706527709961,-120.19760894775392,4
2019,2019-02-19,855,2,4,8,2,N,A,N,A,H,A,A,01,E,01,E,,,,,I,Y,N,D,1,0,0,0,23152.0,1,34.67664337158203,-120.44540405273438,3
2020,2020-04-25,1757,4,1,17,6,Y,A,Y,A,H,A,A,07,,09,D,,,,,C,N,N,A,1,0,0,0,21453.0,2,34.953067779541016,-120.43597412109376,4
2019,2019-02-25,1835,2,4,18,1,Y,A,N,A,H,C,A,01,,01,E,,,,,I,Y,N,A,1,0,0,0,23152.0,2,34.879520416259766,-120.43505096435548,2
2019,2019-02-25,1010,2,4,10,1,N,A,Y,A,H,A,A,07,W,08,E,,,,,J,Y,N,D,1,0,0,0,22107.0,1,35.093963623046875,-120.12945556640624,4
2019,2019-02-28,755,2,4,7,4,N,A,Y,B,H,A,A,07,N,03,C,,,,,C,Y,N,D,1,0,0,0,22350.0,2,34.92959976196289,-120.41796875,4
2020,2020-04-09,42,4,1,0,4,N,A,Y,A,H,C,-,- ,S,00,E,,,,,J,Y,N,A,1,0,0,0,,1,34.6808967590332,-120.45802307128906,2
2019,2019-02-28,1008,2,4,10,4,Y,A,N,A,H,A,A,01,,12,D,,,,,C,Y,N,A,2,0,0,0,21453.0,2,34.879520416259766,-120.43505096435548,4
2019,2019-03-01,1240,3,1,12,5,N,A,Y,A,H,A,A,07,N,03,C,,,,,C,Y,N,D,1,0,0,0,22350.0,2,34.40380859375,-119.52989959716795,4
2019,2019-01-11,652,1,4,6,5,N,B,Y,A,H,B,E,22,W,08,E,,,,,I,Y,N,D,1,0,0,0,22107.0,1,34.96111297607422,-119.71564483642578,1
2019,2019-02-27,1035,2,4,10,3,N,C,Y,B,H,A,A,01,N,03,E,,,,,I,Y,N,D,1,0,0,0,22350.0,1,34.523681640625,-120.20426177978516,2
2019,2019-03-02,720,3,1,7,6,N,C,Y,B,H,A,A,07,S,03,E,,,,,I,Y,N,D,1,0,0,0,22350.0,1,34.43869400024414,-119.84063720703124,4
2019,2019-03-01,1930,3,1,19,5,N,C,N,B,H,D,A,07,E,08,E,,,,,I,Y,N,D,1,0,0,0,22107.0,1,34.43246078491211,-119.55419921875,4
2019,2019-02-27,1755,2,4,17,3,N,B,Y,B,H,A,D,22,N,03,E,,,,,I,Y,N,D,1,0,0,0,22350.0,1,,,4
2019,2019-03-01,155,3,1,1,5,N,E,Y,A,H,C,A,07,S,01,E,,,,,I,Y,M,D,1,0,0,0,23152.0,1,34.44131088256836,-119.76930236816406,3
2020,2020-04-27,1709,4,1,17,1,N,A,N,A,H,A,A,01,N,08,B,,,,,E,N,M,D,1,0,0,0,22107.0,2,34.63774490356445,-120.4490203857422,4
2019,2019-02-28,1942,2,4,19,4,N,A,N,A,H,A,C,02,N,07,B,,,Y,,C,Y,N,D,1,0,0,1,21658.0,2,34.7099723815918,-120.4688720703125,3
2019,2019-03-01,1702,3,1,17,5,N,A,N,A,H,A,A,07,W,08,F,,,,,A,Y,N,D,1,0,0,0,22107.0,1,34.938209533691406,-120.40715789794922,3
2019,2019-02-27,858,2,4,8,3,N,B,N,B,H,A,A,01,S,03,A,,,,,C,Y,N,D,1,0,0,0,22350.0,2,34.728240966796875,-120.44272613525392,4
2019,2019-02-27,1925,2,4,19,3,N,B,Y,B,H,D,A,01,N,03,E,,,,,I,Y,N,D,1,0,0,0,22350.0,1,34.47264099121094,-120.12736511230467,3
2019,2019-03-04,1336,3,1,13,1,Y,A,N,A,H,A,A,01,,09,D,,,,,C,Y,N,A,2,0,0,0,21802.0,2,34.87635040283203,-120.4187469482422,3
2019,2019-03-09,1900,3,1,19,6,N,B,Y,A,H,D,D,22,N,01,H,,,,,C,Y,N,D,2,0,0,0,23152.0,2,34.90578079223633,-120.4181900024414,2
2019,2019-03-04,255,3,1,2,1,N,B,Y,B,H,D,D,22,N,03,E,,,,,I,Y,N,D,1,0,0,0,22350.0,1,34.5236701965332,-120.20822143554688,3
2019,2019-03-03,1015,3,1,10,7,N,B,Y,B,H,A,C,02,S,03,F,,,Y,,A,Y,N,D,1,0,0,1,22350.0,1,34.60935592651367,-120.19054412841795,2
2019,2019-02-28,1620,2,4,16,4,Y,B,N,A,H,A,A,01,,08,E,,,,,I,Y,N,D,1,0,0,0,22107.0,1,34.41674041748047,-119.58064270019533,4
2019,2019-01-18,536,1,4,5,5,N,E,Y,B,H,D,I,10,S,01,E,,,,,I,Y,N,D,24,0,0,0,23152.0,1,34.72285842895508,-120.21163177490234,2
2019,2019-03-10,1655,3,1,16,7,N,A,Y,A,H,A,-,- ,E,18,D,,,,,H,N,N,D,1,0,0,0,,1,34.55826568603516,-119.91445922851562,4
2019,2019-03-01,2345,3,1,23,5,N,B,N,A,H,C,N,60,S,11,G,Y,,,,B,N,F,D,1,1,0,0,21954.0,2,34.41373825073242,-119.85703277587892,3